strain_id,NK10012,NK01065,NK04214,NK10226,V350011900_L02_44,V350011797_L04_29,V300093475_L04_114,V350011903_L02_77,NK01067,V350011809_L02_30,V350011900_L04_94,V350011900_L02_43,NK04051,NK08105,NK08202,V300093475_L04_98,V350037201_L02_35,V350037201_L04_45,V350011900_L04_133,V350011797_L02_49,V300063714_L03_29,V300073501_L01_16,V350037201_L02_38,V350037201_L03_44,NK01109,NK01144,NK10155,NK10223,V350037201_L02_44,V300093475_L02_33,V350011809_L01_67,V350011809_L04_37,V350037201_L02_123,V350011809_L04_131,NK06292,V300073501_L01_88,V350011903_L04_117,NK08152,NK08256,NK08348,NK08041,NK08059,7-50,8-4,NK04161,V300073501_L04_115,V350011797_L02_128,V350011903_L01_36,V350037201_L04_39,NK06094,V350037201_L02_59,NK04021,NK04006,V300093475_L03_15,V350011797_L04_45,V350037201_L03_47,V350037201_L03_13,NK01117,V300063714_L03_93,V350011809_L01_25,NK01018,NK12042,V350011809_L04_30,V300063692_L02_32,V350037201_L03_57,V350011900_L04_36,V350037201_L03_15,V350011903_L01_32,V350011904_L04_66,V350011809_L03_57,V300073501_L01_80,NK04082,V300073501_L01_85,V300073501_L01_52,V350011900_L04_67,NK06054,NK04142,V350011809_L04_114,NK01111,V350011903_L01_128,V350011903_L02_117,V350037201_L02_88,NK06177,NK06053,NK08181,NK10104,V300093475_L03_86,19101412,19102703,IM_19110207_result,IM_20010403_result,20010715,19120508,IM_20030103_result,20040104_1,IM_20050511_result,V350011903_L01_115,20052815,V350011900_L03_100,V300073501_L04_85,V350037201_L03_14,NK10183,NK10262,NK10095,V350037201_L02_126,V350037201_L02_63,NK04252,NK06250,NK06310,7-20,V350037201_L02_65,NK04150,NK04047,V350011809_L01_61,V350037201_L02_60,V350011904_L04_30,V350011900_L02_90,V350011900_L03_16,V350037201_L02_87,V350011900_L03_70,7-80
NK10012,1.0,0.8661622,0.9999092,0.99986994,0.6836386,0.99885917,0.36851066,0.30483764,0.99994266,0.96940356,0.99991333,0.9997308,0.9999092,0.78211236,0.9992802,0.24691212,0.35750675,0.28020394,0.24739477,0.51598346,0.21649384,0.19230565,0.8007102,0.86286926,0.5423748,0.48686075,0.40503436,0.49386418,0.21174604,0.40548107,0.3313998,0.49316636,0.40845776,0.9992802,0.40812486,0.4054987,0.40434366,0.49102274,0.3218094,0.41443726,0.40496343,0.48663306,0.40942204,0.4086758,0.48870412,0.48799205,0.48815545,0.4872571,0.48934612,0.4712603,0.23872226,0.26060113,0.26060113,0.47905838,0.26060113,0.5822053,0.5949035,0.45014805,0.23450512,0.45014805,0.3897396,0.45014805,0.99991393,0.5871376,0.5256838,0.4277968,0.2747242,0.23830616,0.31471485,0.4871238,0.41025823,0.8512954,0.87929296,0.8615395,0.86228645,0.86228645,0.29885095,0.20846537,0.23825294,0.22233602,0.33463967,0.21754155,0.30511808,0.29099774,0.30511808,0.6298094,0.48682255,0.59704757,0.59704757,0.47979507,0.58462757,0.58044314,0.5814975,0.59704757,0.5822276,0.47979507,0.5963545,0.59704757,0.6354996,0.25779366,0.59836745,0.59704757,0.47979507,0.59704757,0.5799797,0.43761268,0.6029494,0.59704757,0.59704757,0.5819649,0.5081165,0.4405978,0.39440483,0.656641,0.66641366,0.5905291,0.5179013,0.30124384,0.4175059,0.5326106,0.57682335
NK01065,0.8661622,1.0,0.86696863,0.8676495,0.74391925,0.86892545,0.5078105,0.35994208,0.86689746,0.8427532,0.86576027,0.8634293,0.86696863,0.796083,0.86738044,0.35540825,0.37401718,0.35689425,0.36480588,0.44399235,0.4251582,0.3466202,0.7090494,0.71596915,0.6104406,0.47564447,0.4464041,0.47722897,0.4120676,0.4942095,0.4322095,0.47627318,0.4474072,0.86738044,0.4472506,0.44657192,0.44667757,0.4767118,0.432007,0.4529467,0.4467229,0.4755258,0.44356868,0.4443034,0.40618214,0.40542313,0.4058842,0.40670246,0.40856585,0.41431606,0.40232253,0.3898962,0.3898962,0.41450256,0.3898962,0.4508661,0.4547768,0.39346147,0.41665375,0.39346147,0.41526362,0.39346147,0.867157,0.458554,0.43576708,0.45192638,0.42346537,0.34489834,0.40533963,0.518543,0.4841968,0.7420657,0.7167736,0.7172001,0.7171252,0.7171252,0.36266148,0.37309617,0.37101555,0.3894004,0.42466038,0.45829043,0.3602255,0.40638757,0.3602255,0.5169171,0.4803992,0.457604,0.457604,0.43637693,0.45425874,0.44930598,0.452719,0.457604,0.4515982,0.43637693,0.45633292,0.457604,0.5138001,0.43533522,0.45678732,0.457604,0.43637693,0.457604,0.4493426,0.43318066,0.45985264,0.457604,0.457604,0.44991773,0.5087351,0.47567746,0.4561618,0.5741797,0.57445806,0.5538766,0.6822237,0.46292788,0.5037417,0.5200575,0.4516611
NK04214,0.9999092,0.86696863,1.0,0.99986696,0.6851803,0.9988333,0.36963278,0.30622017,0.9999596,0.9693694,0.9999057,0.9997055,1.0,0.78356653,0.9992788,0.24816135,0.35700917,0.28132182,0.24866441,0.51443416,0.21647045,0.1929388,0.80110705,0.8626926,0.54359853,0.488427,0.406991,0.49539873,0.21341667,0.4068963,0.3328789,0.49468887,0.4103814,0.9992788,0.4099677,0.40742773,0.4062944,0.49252492,0.32329276,0.41619828,0.40692294,0.48819894,0.41139606,0.41065577,0.48934296,0.48864648,0.48880374,0.48792154,0.4899817,0.47133064,0.24052894,0.2622381,0.2622381,0.47955292,0.2622381,0.5802117,0.5928744,0.45027065,0.23584458,0.45027065,0.3901385,0.45027065,0.9999422,0.5874741,0.5264115,0.42971504,0.2753095,0.23837963,0.31522596,0.4854827,0.41069406,0.8512588,0.87870276,0.86136913,0.8621119,0.8621119,0.29948744,0.20835733,0.23943833,0.22335893,0.33483642,0.21830776,0.30650115,0.2917705,0.30650115,0.6306434,0.48733914,0.5950045,0.5950045,0.47794068,0.5826046,0.57844466,0.5795272,0.5950045,0.5802472,0.47794068,0.59431434,0.5950045,0.63329244,0.257128,0.5963341,0.5950045,0.47794068,0.5950045,0.5779884,0.43582684,0.60088044,0.5950045,0.5950045,0.5799641,0.50627273,0.44099832,0.39484528,0.6548313,0.6647195,0.5890643,0.5185256,0.30195907,0.41595748,0.5318408,0.5752748
NK10226,0.99986994,0.8676495,0.99986696,1.0,0.68353367,0.99901223,0.36961195,0.30577904,0.9999199,0.96961725,0.999894,0.99970067,0.99986696,0.7821088,0.9992809,0.24759683,0.35736668,0.2806278,0.24834752,0.515255,0.21627763,0.19265056,0.7995933,0.86198574,0.5427513,0.4862987,0.40506756,0.4932541,0.21234918,0.4050369,0.3317997,0.49255142,0.4084445,0.9992809,0.4081635,0.40554166,0.40439588,0.49036384,0.32239336,0.4146986,0.40500346,0.4860712,0.40941745,0.40866703,0.4878184,0.48707947,0.48727342,0.48643392,0.48849195,0.47056732,0.23963702,0.26162523,0.26162523,0.47943947,0.26162523,0.58087707,0.5936358,0.45032814,0.2353394,0.45032814,0.39044026,0.45032814,0.99989545,0.5859728,0.52488196,0.42775515,0.27594256,0.23873052,0.3151555,0.48775056,0.41065297,0.8509544,0.8780925,0.86060727,0.8614402,0.8614402,0.29966083,0.20800892,0.23999354,0.22353843,0.3361409,0.2189967,0.30607122,0.29195398,0.30607122,0.6295749,0.48748547,0.5957198,0.5957198,0.4782526,0.58327115,0.5791215,0.58031106,0.5957198,0.5809713,0.4782526,0.59502196,0.5957198,0.63470864,0.2573567,0.59707934,0.5957198,0.4782526,0.5957198,0.5786555,0.43605372,0.6017434,0.5957198,0.5957198,0.5806429,0.5088188,0.44086704,0.3955262,0.6563529,0.6665323,0.5905532,0.51902246,0.30260855,0.4183461,0.53285587,0.57522374
V350011900_L02_44,0.6836386,0.74391925,0.6851803,0.68353367,1.0,0.68633157,0.61633044,0.62339234,0.68474555,0.65303075,0.6825856,0.6797446,0.6851803,0.95359683,0.6853755,0.5898429,0.3536917,0.5488823,0.5775648,0.31531945,0.5536898,0.5948241,0.5536946,0.5725635,0.53827435,0.5310765,0.6020497,0.52696174,0.64622426,0.5338094,0.6188358,0.526604,0.6015477,0.6853755,0.60422504,0.60174686,0.60162103,0.52984303,0.6181207,0.5900769,0.6022515,0.53129524,0.6018677,0.60217506,0.50889325,0.5113712,0.50898045,0.5096751,0.50886464,0.5091821,0.5976851,0.5683756,0.5683756,0.4697991,0.5683756,0.26765323,0.26307636,0.48170653,0.65194273,0.48170653,0.5349812,0.48170653,0.68526375,0.44385272,0.5031933,0.600628,0.6298448,0.5072624,0.5464211,0.33268702,0.5874103,0.56237113,0.5086537,0.5752904,0.5738208,0.5738208,0.59478724,0.5374479,0.6201743,0.6322662,0.5626175,0.6148193,0.6232277,0.600618,0.6232277,0.48642114,0.5141721,0.26444906,0.26444906,0.29192257,0.26802123,0.26752657,0.27161846,0.26444906,0.2678636,0.29192257,0.26528174,0.26444906,0.2738423,0.46779743,0.26420966,0.26444906,0.29192257,0.26444906,0.26742768,0.31051406,0.26109874,0.26444906,0.26444906,0.26734167,0.30838048,0.5273081,0.44535828,0.30457544,0.330593,0.35997754,0.66438127,0.5777976,0.36125475,0.47396156,0.32167497
V350011797_L04_29,0.99885917,0.86892545,0.9988333,0.99901223,0.68633157,1.0,0.36795276,0.3066206,0.99890804,0.96816146,0.99889314,0.99863434,0.9988333,0.7833681,0.998382,0.24820065,0.35765964,0.28190458,0.250377,0.5155242,0.21932423,0.19414467,0.79813254,0.86142516,0.5405782,0.4838601,0.404782,0.4907229,0.2139262,0.40285414,0.3312332,0.48999965,0.40807572,0.998382,0.408538,0.40523127,0.4040454,0.48789746,0.3219158,0.4145106,0.40472388,0.4836356,0.40914893,0.4083975,0.48923737,0.4884658,0.4887172,0.48784542,0.49003854,0.4733954,0.23975393,0.26146388,0.26146388,0.47488728,0.26146388,0.5814118,0.5923188,0.4482782,0.2369886,0.4482782,0.3889615,0.4482782,0.9988923,0.58357185,0.5238716,0.42685375,0.27796376,0.24115995,0.31764805,0.4860339,0.41311383,0.8499475,0.8762131,0.8601413,0.86094314,0.86094314,0.30232793,0.2113586,0.24186727,0.22620437,0.33628055,0.22128752,0.3069023,0.29510534,0.3069023,0.6284088,0.48841265,0.5942659,0.5942659,0.47727734,0.58382016,0.57966727,0.5809701,0.5942659,0.5815668,0.47727734,0.59361434,0.5942659,0.63400036,0.26064882,0.59556603,0.5942659,0.47727734,0.5942659,0.579197,0.436874,0.6000951,0.5942659,0.5942659,0.5811892,0.5087443,0.44207573,0.3957748,0.6560857,0.6650574,0.58968383,0.5183672,0.30371934,0.4174426,0.53246343,0.57534087
V300093475_L04_114,0.36851066,0.5078105,0.36963278,0.36961195,0.61633044,0.36795276,1.0,0.78688914,0.36930487,0.35366875,0.36783546,0.36554998,0.36963278,0.59343773,0.3686002,0.6859258,0.33036643,0.61077225,0.69138306,0.18117261,0.6159595,0.71800405,0.3163907,0.2723372,0.6985224,0.65593773,0.7045093,0.652801,0.7776711,0.69567406,0.7895704,0.65325975,0.70294905,0.3686002,0.6998613,0.7042601,0.70507085,0.6543748,0.79179895,0.70174515,0.70475554,0.6561346,0.6948258,0.6962257,0.49048433,0.49202022,0.4906726,0.4917688,0.48886448,0.38453913,0.80253625,0.7905626,0.7905626,0.5231431,0.7905626,0.27734843,0.26652485,0.4118005,0.72143126,0.4118005,0.5145099,0.4118005,0.3689795,0.56347364,0.60001737,0.68645245,0.7444127,0.5376481,0.74611413,0.28197592,0.59433645,0.29686558,0.26235074,0.27299523,0.27314064,0.27314064,0.69340694,0.54469997,0.7895489,0.79926896,0.691594,0.71887517,0.7869527,0.7273509,0.7869527,0.5407817,0.7305188,0.2661572,0.2661572,0.3698138,0.27599657,0.277231,0.27988124,0.2661572,0.27834326,0.3698138,0.26586026,0.2661572,0.16285732,0.6423239,0.2628771,0.2661572,0.3698138,0.2661572,0.27711904,0.42682046,0.26230842,0.2661572,0.2661572,0.27628517,0.23213938,0.68200016,0.67777514,0.16285914,0.17949808,0.23164976,0.70888114,0.60724914,0.35625112,0.37920213,0.35117888
V350011903_L02_77,0.30483764,0.35994208,0.30622017,0.30577904,0.62339234,0.3066206,0.78688914,1.0,0.3058325,0.2904666,0.30403793,0.3018291,0.30622017,0.60745347,0.3086828,0.746032,0.41183308,0.65017164,0.7252561,0.20939794,0.5527405,0.7298056,0.26088464,0.264798,0.6191776,0.6844026,0.82196844,0.6788975,0.78374624,0.6419485,0.8459077,0.67886937,0.8192768,0.3086828,0.81840765,0.82152385,0.8217137,0.6819862,0.8533995,0.8159152,0.8220092,0.684639,0.8174179,0.81709075,0.632359,0.63437116,0.6327816,0.63428247,0.6305514,0.54640263,0.7536521,0.7431748,0.7431748,0.5034168,0.7431748,0.21185368,0.20600462,0.46558136,0.7222594,0.46558136,0.5387378,0.46558136,0.30559474,0.5888113,0.69311434,0.8068576,0.86954904,0.65268195,0.75494695,0.20014843,0.6231183,0.27424443,0.18462181,0.26447988,0.26602563,0.26602563,0.8902816,0.52110916,0.91196895,0.890517,0.7841724,0.7130783,0.9999834,0.87248254,0.9999834,0.5674563,0.7111764,0.20509958,0.20509958,0.26143432,0.20921716,0.2124956,0.21127659,0.20509958,0.21188745,0.26143432,0.20538673,0.20509958,0.107826024,0.53224736,0.2054412,0.20509958,0.26143432,0.20509958,0.21257785,0.30324137,0.20227283,0.20509958,0.20509958,0.2116482,0.18897396,0.715642,0.6648548,0.09346843,0.115231246,0.18565956,0.53726226,0.5667877,0.26546592,0.37771595,0.26846695
NK01067,0.99994266,0.86689746,0.9999596,0.9999199,0.68474555,0.99890804,0.36930487,0.3058325,1.0,0.9694214,0.99996185,0.99976045,0.9999596,0.78306305,0.9993275,0.24777749,0.3571138,0.2805543,0.24800086,0.51520497,0.21672338,0.19282353,0.8001375,0.8621887,0.54283744,0.48728275,0.4056551,0.49424988,0.21255082,0.40605947,0.33196792,0.49354878,0.40904242,0.9993275,0.40862498,0.40610793,0.40496683,0.49138302,0.3224858,0.41499788,0.40558892,0.48705652,0.41002256,0.4092775,0.48891333,0.48819607,0.48836955,0.48748702,0.4895327,0.4713416,0.23975563,0.26145747,0.26145747,0.47868335,0.26145747,0.5811684,0.5939141,0.4496991,0.23519233,0.4496991,0.38960582,0.4496991,0.99997956,0.58668953,0.52543294,0.4283742,0.27546722,0.2384615,0.31522208,0.48645648,0.41034967,0.85074615,0.8784752,0.8608476,0.86160785,0.86160785,0.29961306,0.2088593,0.23946235,0.22340041,0.33507186,0.21858525,0.30611426,0.29193518,0.30611426,0.6297055,0.4874589,0.5960333,0.5960333,0.47876114,0.5835602,0.5794145,0.5805343,0.5960333,0.58122784,0.47876114,0.5953477,0.5960333,0.6344569,0.25771892,0.5973352,0.5960333,0.47876114,0.5960333,0.5789489,0.4367032,0.60191965,0.5960333,0.5960333,0.5809276,0.5075032,0.4409795,0.39479727,0.6558052,0.6656546,0.5897582,0.51834446,0.30215007,0.41697848,0.53225046,0.57585394
V350011809_L02_30,0.96940356,0.8427532,0.9693694,0.96961725,0.65303075,0.96816146,0.35366875,0.2904666,0.9694214,1.0,0.969579,0.96977174,0.9693694,0.745625,0.9685646,0.24969792,0.3631242,0.2847806,0.25147194,0.5157223,0.23090312,0.18524757,0.8037578,0.84046423,0.557291,0.4993636,0.40102327,0.506473,0.22169507,0.4291107,0.32052845,0.5057487,0.40454426,0.9685646,0.4060037,0.40155566,0.4003912,0.502889,0.31119382,0.41260028,0.40103483,0.4991526,0.40672934,0.4060151,0.5008192,0.50000757,0.5003209,0.49964115,0.5021008,0.47392008,0.23976144,0.26008692,0.26008692,0.48954508,0.26008692,0.5803595,0.59348667,0.45257062,0.24126089,0.45257062,0.3960424,0.45257062,0.9693842,0.57933694,0.50664467,0.42466938,0.27128488,0.24434856,0.30982512,0.51122844,0.4082215,0.8344748,0.87009084,0.83973724,0.8403833,0.8403833,0.2864277,0.20600992,0.24214488,0.21735668,0.35694996,0.24715999,0.2907672,0.27765417,0.2907672,0.6331847,0.48246342,0.59485435,0.59485435,0.47904003,0.5830351,0.5788257,0.5806473,0.59485435,0.580854,0.47904003,0.5941186,0.59485435,0.63851434,0.26731855,0.59663355,0.59485435,0.47904003,0.59485435,0.5782221,0.44746336,0.60140514,0.59485435,0.59485435,0.5804349,0.5408545,0.428312,0.41307,0.66417986,0.68191254,0.6028333,0.5413532,0.3264374,0.44259846,0.5348206,0.5684755
V350011900_L04_94,0.99991333,0.86576027,0.9999057,0.999894,0.6825856,0.99889314,0.36783546,0.30403793,0.99996185,0.969579,1.0,0.999803,0.9999057,0.78106254,0.9992838,0.24627924,0.35778785,0.27967775,0.24668556,0.5170777,0.2160519,0.19133922,0.7996483,0.8621722,0.54240185,0.48637328,0.40377554,0.49343228,0.21032068,0.40481168,0.33033097,0.49273622,0.40717146,0.9992838,0.4067174,0.40423554,0.40309,0.49050876,0.32076353,0.4132465,0.4037075,0.4861424,0.40812647,0.4073823,0.48865813,0.48790202,0.48810178,0.4872058,0.48925105,0.4715057,0.2379702,0.25977826,0.25977826,0.47946668,0.25977826,0.5828301,0.59575945,0.45070997,0.2335757,0.45070997,0.39008647,0.45070997,0.9999373,0.5865617,0.5245383,0.42666543,0.27462244,0.23794946,0.31426245,0.48849988,0.41014406,0.8504548,0.87921655,0.8608217,0.8615706,0.8615706,0.29864132,0.20835471,0.23793006,0.22192705,0.33527157,0.21730095,0.30432412,0.29076922,0.30432412,0.62930524,0.4866041,0.5978809,0.5978809,0.4800473,0.5852397,0.5810658,0.5821629,0.5978809,0.5828807,0.4800473,0.5971862,0.5978809,0.63670707,0.25715017,0.5991541,0.5978809,0.4800473,0.5978809,0.5806054,0.4374627,0.603843,0.5978809,0.5978809,0.58258975,0.50958985,0.44011036,0.39461982,0.65799445,0.6681604,0.5910461,0.517599,0.302385,0.41870368,0.5338938,0.5767316
V350011900_L02_43,0.9997308,0.8634293,0.9997055,0.99970067,0.6797446,0.99863434,0.36554998,0.3018291,0.99976045,0.96977174,0.999803,1.0,0.9997055,0.7787639,0.999076,0.24496502,0.3588825,0.2802538,0.24600533,0.5198461,0.21348807,0.18897331,0.80130196,0.8646879,0.54101175,0.48481393,0.4018771,0.49195334,0.20752046,0.4023897,0.3286868,0.4912608,0.40533668,0.999076,0.40496516,0.4023475,0.40118104,0.4890275,0.31894666,0.41166323,0.40179712,0.48457855,0.40642482,0.40567556,0.48886988,0.48817387,0.48832113,0.48740014,0.48943385,0.47099513,0.23588112,0.25849253,0.25849253,0.48231465,0.25849253,0.58619106,0.59921694,0.45254132,0.2317856,0.45254132,0.39078408,0.45254132,0.9997271,0.5892904,0.52698606,0.4251256,0.2707441,0.23640707,0.31181425,0.48964185,0.40685418,0.85265577,0.8816341,0.8632947,0.8640616,0.8640616,0.2956581,0.20706901,0.23459902,0.21777251,0.33328807,0.21327361,0.30211747,0.28778172,0.30211747,0.6304057,0.48659107,0.60130686,0.60130686,0.48243707,0.5886613,0.58447784,0.5854715,0.60130686,0.58625245,0.48243707,0.6006421,0.60130686,0.6397967,0.25543693,0.6026202,0.60130686,0.48243707,0.60130686,0.58401966,0.43882343,0.60734,0.60130686,0.60130686,0.5860111,0.51114404,0.43868548,0.3930733,0.6603106,0.66992295,0.5928215,0.5144648,0.29991394,0.41901517,0.5324122,0.58004093
NK04051,0.9999092,0.86696863,1.0,0.99986696,0.6851803,0.9988333,0.36963278,0.30622017,0.9999596,0.9693694,0.9999057,0.9997055,1.0,0.78356653,0.9992788,0.24816135,0.35700917,0.28132182,0.24866441,0.51443416,0.21647045,0.1929388,0.80110705,0.8626926,0.54359853,0.488427,0.406991,0.49539873,0.21341667,0.4068963,0.3328789,0.49468887,0.4103814,0.9992788,0.4099677,0.40742773,0.4062944,0.49252492,0.32329276,0.41619828,0.40692294,0.48819894,0.41139606,0.41065577,0.48934296,0.48864648,0.48880374,0.48792154,0.4899817,0.47133064,0.24052894,0.2622381,0.2622381,0.47955292,0.2622381,0.5802117,0.5928744,0.45027065,0.23584458,0.45027065,0.3901385,0.45027065,0.9999422,0.5874741,0.5264115,0.42971504,0.2753095,0.23837963,0.31522596,0.4854827,0.41069406,0.8512588,0.87870276,0.86136913,0.8621119,0.8621119,0.29948744,0.20835733,0.23943833,0.22335893,0.33483642,0.21830776,0.30650115,0.2917705,0.30650115,0.6306434,0.48733914,0.5950045,0.5950045,0.47794068,0.5826046,0.57844466,0.5795272,0.5950045,0.5802472,0.47794068,0.59431434,0.5950045,0.63329244,0.257128,0.5963341,0.5950045,0.47794068,0.5950045,0.5779884,0.43582684,0.60088044,0.5950045,0.5950045,0.5799641,0.50627273,0.44099832,0.39484528,0.6548313,0.6647195,0.5890643,0.5185256,0.30195907,0.41595748,0.5318408,0.5752748
NK08105,0.78211236,0.796083,0.78356653,0.7821088,0.95359683,0.7833681,0.59343773,0.60745347,0.78306305,0.745625,0.78106254,0.7787639,0.78356653,1.0,0.78371006,0.51610607,0.32394874,0.4758897,0.5015272,0.31054747,0.42858514,0.48739827,0.6077346,0.6374375,0.585387,0.564682,0.6059475,0.56453896,0.549977,0.52183455,0.6052843,0.56444544,0.6070586,0.78371006,0.60536575,0.60573465,0.6053301,0.56551147,0.60245436,0.59944034,0.6060784,0.56479883,0.6059522,0.6058672,0.52102965,0.5230653,0.52096796,0.5213284,0.521073,0.48094207,0.52296805,0.5071209,0.5071209,0.45616716,0.5071209,0.32293168,0.32572374,0.42522755,0.5404381,0.42522755,0.45854807,0.42522755,0.7833887,0.55076087,0.58544,0.6110847,0.57512355,0.42917088,0.5180257,0.3061846,0.530318,0.63203835,0.5862086,0.6390061,0.63837504,0.63837504,0.55293024,0.4118212,0.55368316,0.5504055,0.5341663,0.5057117,0.607492,0.5534491,0.607492,0.57869554,0.56473243,0.32755613,0.32755613,0.31866568,0.32398576,0.32220113,0.3247779,0.32755613,0.32329148,0.31866568,0.32807174,0.32755613,0.31587034,0.41340786,0.32752985,0.32755613,0.31866568,0.32755613,0.3223052,0.31227598,0.32699472,0.32755613,0.32755613,0.32275307,0.29546943,0.55569714,0.4718445,0.3349226,0.34885448,0.37182182,0.6389962,0.4903776,0.31395352,0.43335024,0.37750992
NK08202,0.9992802,0.86738044,0.9992788,0.9992809,0.6853755,0.998382,0.3686002,0.3086828,0.9993275,0.9685646,0.9992838,0.999076,0.9992788,0.78371006,1.0,0.24761903,0.35742807,0.27973023,0.24865294,0.5136103,0.21795633,0.19417074,0.79831254,0.8630383,0.5439239,0.48764038,0.4079169,0.49455068,0.21327841,0.40623736,0.33439693,0.49384493,0.41123456,1.0,0.41143623,0.40837413,0.40724102,0.4916966,0.32516813,0.41717917,0.40785637,0.48740846,0.41257122,0.4118126,0.48921368,0.48851278,0.48867175,0.4878248,0.489839,0.47131735,0.23936138,0.26091698,0.26091698,0.4755235,0.26091698,0.58043116,0.5925807,0.44681302,0.2355066,0.44681302,0.3867088,0.44681302,0.9992946,0.589131,0.5295096,0.430798,0.27827862,0.23892072,0.3164851,0.48423326,0.40966716,0.8517171,0.8775294,0.86181474,0.86248076,0.86248076,0.30208385,0.20912433,0.2413623,0.22608778,0.33785012,0.22006947,0.30897397,0.29424506,0.30897397,0.6300749,0.48929226,0.5947783,0.5947783,0.47793522,0.5827166,0.5787076,0.5800822,0.5947783,0.580625,0.47793522,0.5941049,0.5947783,0.6328299,0.2591055,0.5962031,0.5947783,0.47793522,0.5947783,0.57827795,0.43644542,0.6006507,0.5947783,0.5947783,0.58019423,0.50639004,0.4436481,0.39678085,0.6535448,0.66183776,0.58970034,0.5188113,0.3023774,0.4153322,0.529924,0.57615846
V300093475_L04_98,0.24691212,0.35540825,0.24816135,0.24759683,0.5898429,0.24820065,0.6859258,0.746032,0.24777749,0.24969792,0.24627924,0.24496502,0.24816135,0.51610607,0.24761903,1.0,0.7296307,0.8987639,0.9413607,0.46185023,0.68540627,0.8549067,0.27552897,0.34486082,0.42206228,0.42583007,0.6483047,0.4187956,0.824279,0.47866017,0.74510074,0.41952345,0.6462444,0.24761903,0.6461163,0.64828277,0.6491356,0.422952,0.74841565,0.6416471,0.64851636,0.42606312,0.63909143,0.6394522,0.471218,0.4723568,0.47158265,0.47286773,0.47101173,0.40125084,0.85189176,0.8475242,0.8475242,0.66857255,0.8475242,0.23632869,0.21817204,0.57980144,0.8565109,0.57980144,0.6566433,0.57980144,0.2485641,0.42982867,0.58886534,0.626629,0.67140114,0.80649674,0.63158524,0.45724908,0.4982844,0.37079117,0.21121204,0.34614465,0.34778357,0.34778357,0.59895515,0.7129041,0.7361692,0.754538,0.62480986,0.7878153,0.7457592,0.60638386,0.7457592,0.30381036,0.4851474,0.2167452,0.2167452,0.32182264,0.23860767,0.2381269,0.24088603,0.2167452,0.237986,0.32182264,0.21725091,0.2167452,0.1946801,0.6200945,0.21588004,0.2167452,0.32182264,0.2167452,0.23877275,0.3807506,0.21377242,0.2167452,0.2167452,0.23741248,0.43718183,0.4311483,0.4885047,0.21355447,0.228033,0.40988415,0.56323713,0.65921736,0.5259296,0.35465688,0.28391272
V350037201_L02_35,0.35750675,0.37401718,0.35700917,0.35736668,0.3536917,0.35765964,0.33036643,0.41183308,0.3571138,0.3631242,0.35778785,0.3588825,0.35700917,0.32394874,0.35742807,0.7296307,1.0,0.7499438,0.71490514,0.8410423,0.59001505,0.6069385,0.4609989,0.5349932,0.29603475,0.2655657,0.40002647,0.26471588,0.51173866,0.3091669,0.41988108,0.26577765,0.3999728,0.35742807,0.39509347,0.39986023,0.40091792,0.2654277,0.42229253,0.40440574,0.399946,0.26551542,0.39803654,0.39737463,0.3798457,0.37875354,0.37992814,0.37975416,0.3809742,0.4293058,0.54237896,0.54294163,0.54294163,0.6132244,0.54294163,0.5183751,0.5190751,0.6148714,0.5825305,0.6148714,0.589238,0.6148714,0.35768127,0.38123938,0.472986,0.395861,0.36766598,0.71233904,0.33974832,0.76699865,0.3531282,0.5530938,0.44723687,0.5358192,0.53606343,0.53606343,0.3482092,0.65507495,0.39408737,0.4171337,0.40773118,0.56457835,0.41166487,0.35792115,0.41166487,0.22809717,0.23929572,0.51823807,0.51823807,0.5195294,0.5208935,0.51920325,0.5222361,0.51823807,0.5197978,0.5195294,0.51853687,0.51823807,0.6068889,0.52964896,0.5200121,0.51823807,0.5195294,0.51823807,0.52037436,0.5350467,0.52013856,0.51823807,0.51823807,0.51969963,0.80724657,0.22069472,0.3225124,0.6288769,0.58112633,0.7787735,0.38287702,0.5369606,0.76235354,0.41868243,0.48926634
V350037201_L04_45,0.28020394,0.35689425,0.28132182,0.2806278,0.5488823,0.28190458,0.61077225,0.65017164,0.2805543,0.2847806,0.27967775,0.2802538,0.28132182,0.4758897,0.27973023,0.8987639,0.7499438,1.0,0.95683694,0.522657,0.653335,0.8151419,0.32294264,0.38892493,0.41847062,0.3966554,0.5930542,0.39082912,0.7371349,0.42849302,0.675153,0.39204913,0.5920582,0.27973023,0.59422696,0.5935719,0.59410757,0.39450163,0.6766509,0.5917579,0.5930654,0.39669737,0.58805877,0.58829224,0.41905886,0.42047396,0.41946614,0.41975582,0.4183838,0.4047315,0.82139134,0.8323449,0.8323449,0.7247356,0.8323449,0.2899776,0.27524033,0.6736621,0.8259474,0.6736621,0.7198714,0.6736621,0.28123504,0.41844046,0.5608844,0.5784725,0.5833889,0.7580614,0.5519833,0.49078885,0.4689393,0.40647125,0.26714545,0.3905866,0.39128825,0.39128825,0.5344945,0.68835056,0.63165414,0.6451113,0.58199936,0.68897414,0.6499663,0.5434462,0.6499663,0.2862923,0.42546344,0.27288568,0.27288568,0.34152162,0.2923447,0.2917886,0.29464492,0.27288568,0.29106146,0.34152162,0.27410027,0.27288568,0.2817576,0.550066,0.27380937,0.27288568,0.34152162,0.27288568,0.29268494,0.38325077,0.27282298,0.27288568,0.27288568,0.29149765,0.48072225,0.3656828,0.43102637,0.30744562,0.32214695,0.42366758,0.5011332,0.66334885,0.5449797,0.33943954,0.31262338
V350011900_L04_133,0.24739477,0.36480588,0.24866441,0.24834752,0.5775648,0.250377,0.69138306,0.7252561,0.24800086,0.25147194,0.24668556,0.24600533,0.24866441,0.5015272,0.24865294,0.9413607,0.71490514,0.95683694,1.0,0.42701215,0.68949175,0.8528047,0.29216546,0.33409768,0.45238262,0.4371731,0.6590023,0.43041903,0.83991325,0.4861881,0.75540286,0.43162706,0.65698004,0.24865294,0.6599371,0.65933996,0.66025466,0.43398738,0.75730157,0.65479183,0.65918463,0.43730235,0.65184605,0.6521158,0.42884955,0.42996433,0.42923737,0.430361,0.42846382,0.369533,0.89612055,0.9030965,0.9030965,0.70207345,0.9030965,0.23397031,0.21781817,0.6078587,0.88415337,0.6078587,0.6841498,0.6078587,0.24882993,0.42496163,0.5855868,0.6381726,0.658414,0.77435976,0.63139474,0.45555377,0.49718964,0.358145,0.20146185,0.33733833,0.33747417,0.33747417,0.57613516,0.70976114,0.7160295,0.7369448,0.6185844,0.78109264,0.7249601,0.58534974,0.7249601,0.29434526,0.4762029,0.2155514,0.2155514,0.31705594,0.23544991,0.23569432,0.23875883,0.2155514,0.23531657,0.31705594,0.21624681,0.2155514,0.19660786,0.62276906,0.21528491,0.2155514,0.31705594,0.2155514,0.236613,0.37620047,0.2140153,0.2155514,0.2155514,0.23494458,0.425133,0.40159565,0.4648131,0.20597243,0.2128483,0.41237724,0.5811549,0.676198,0.52793163,0.31225884,0.28669393
V350011797_L02_49,0.51598346,0.44399235,0.51443416,0.515255,0.31531945,0.5155242,0.18117261,0.20939794,0.51520497,0.5157223,0.5170777,0.5198461,0.51443416,0.31054747,0.5136103,0.46185023,0.8410423,0.522657,0.42701215,1.0,0.5087892,0.40798455,0.5697283,0.6805409,0.22394156,0.19893071,0.18969753,0.20172659,0.27162474,0.23018685,0.19254825,0.20217675,0.19096622,0.5136103,0.18654093,0.18978488,0.18981966,0.20050052,0.19570959,0.19432709,0.18951827,0.19884816,0.19417083,0.19348523,0.390683,0.38911498,0.39058393,0.38902465,0.39109355,0.49954873,0.302085,0.29552972,0.29552972,0.53714734,0.29552972,0.706883,0.7174333,0.6076896,0.3743025,0.6076896,0.52880454,0.6076896,0.51552224,0.36113718,0.3474,0.19893599,0.21690944,0.5552049,0.23227417,0.8603853,0.33447385,0.6692345,0.6775583,0.6762675,0.6789063,0.6789063,0.25656635,0.5880068,0.22888997,0.24091828,0.305982,0.37475497,0.20947617,0.2615126,0.20947617,0.29542983,0.22601002,0.7166895,0.7166895,0.6596611,0.7080954,0.707389,0.7081196,0.7166895,0.7078349,0.6596611,0.7172701,0.7166895,0.8456837,0.44341305,0.72006756,0.7166895,0.6596611,0.7166895,0.70810497,0.59689116,0.7205514,0.7166895,0.7166895,0.70829344,0.91231304,0.22767794,0.31211415,0.87566876,0.8523247,0.8421811,0.30973348,0.4438625,0.80507565,0.61615336,0.62746596
V300063714_L03_29,0.21649384,0.4251582,0.21647045,0.21627763,0.5536898,0.21932423,0.6159595,0.5527405,0.21672338,0.23090312,0.2160519,0.21348807,0.21647045,0.42858514,0.21795633,0.68540627,0.59001505,0.653335,0.68949175,0.5087892,1.0,0.78318524,0.29615748,0.28354543,0.37155586,0.34769,0.4370369,0.340118,0.8043833,0.55704063,0.5536993,0.3412823,0.4316615,0.21795633,0.4331025,0.43632656,0.43815058,0.3435338,0.56625,0.41953522,0.4373067,0.34800044,0.42715275,0.42843068,0.3622228,0.36334133,0.36254448,0.3633935,0.36087894,0.46487087,0.7301502,0.6710055,0.6710055,0.40703112,0.6710055,0.37091202,0.35236907,0.48563483,0.8044765,0.48563483,0.5807611,0.48563483,0.21697631,0.23691899,0.3026361,0.41056752,0.6781985,0.713278,0.5830535,0.6284577,0.59850574,0.2890678,0.25797927,0.28873825,0.28460288,0.28460288,0.6009078,0.9339664,0.6885158,0.7651903,0.6724982,0.88195664,0.5524379,0.63917047,0.5524379,0.22858247,0.40372545,0.3538283,0.3538283,0.50799584,0.37213945,0.3732854,0.37400025,0.3538283,0.37113836,0.50799584,0.35374823,0.3538283,0.38913512,0.79528284,0.3515842,0.3538283,0.50799584,0.3538283,0.37342498,0.5408593,0.34619486,0.3538283,0.3538283,0.3710513,0.57730496,0.48489842,0.56857497,0.4291296,0.4085379,0.48095572,0.70057803,0.821344,0.7124227,0.5324675,0.39525038
V300073501_L01_16,0.19230565,0.3466202,0.1929388,0.19265056,0.5948241,0.19414467,0.71800405,0.7298056,0.19282353,0.18524757,0.19133922,0.18897331,0.1929388,0.48739827,0.19417074,0.8549067,0.6069385,0.8151419,0.8528047,0.40798455,0.78318524,1.0,0.26304096,0.25935143,0.45100692,0.4852143,0.64269376,0.47593474,0.85749394,0.5743941,0.7468642,0.477123,0.6395524,0.19417074,0.64197767,0.6424647,0.64355475,0.4819543,0.75664055,0.62873435,0.6429688,0.4855891,0.6376199,0.63858515,0.4430551,0.44423932,0.4435382,0.44605058,0.44318146,0.50221014,0.852987,0.82235205,0.82235205,0.58392566,0.82235205,0.20526674,0.19282544,0.63578624,0.88304317,0.63578624,0.7074001,0.63578624,0.19336689,0.32966185,0.44849855,0.6219452,0.7794216,0.844093,0.68718743,0.451056,0.65537703,0.27739704,0.17778715,0.26106334,0.26068848,0.26068848,0.73178464,0.8020116,0.80365,0.8394849,0.66651845,0.84056056,0.72930586,0.74281347,0.72930586,0.27315864,0.44411042,0.19130236,0.19130236,0.31259263,0.20338592,0.2067304,0.20829901,0.19130236,0.20537993,0.31259263,0.19187352,0.19130236,0.1997082,0.6512959,0.19105583,0.19130236,0.31259263,0.19130236,0.20726731,0.36543763,0.18648562,0.19130236,0.19130236,0.20542657,0.41098186,0.48708886,0.48173743,0.22224173,0.24800265,0.35272068,0.5879168,0.75446343,0.5283178,0.4823699,0.2611118
V350037201_L02_38,0.8007102,0.7090494,0.80110705,0.7995933,0.5536946,0.79813254,0.3163907,0.26088464,0.8001375,0.8037578,0.7996483,0.80130196,0.80110705,0.6077346,0.79831254,0.27552897,0.4609989,0.32294264,0.29216546,0.5697283,0.29615748,0.26304096,1.0,0.8318943,0.54706585,0.5548558,0.44569275,0.55986154,0.30241662,0.50852853,0.2717984,0.5591945,0.4487276,0.79831254,0.44584852,0.4454299,0.44472113,0.55842566,0.26433748,0.45047688,0.4455226,0.5547915,0.45517448,0.4543681,0.5733339,0.57288915,0.573504,0.57265854,0.5754569,0.575084,0.2959432,0.30942494,0.30942494,0.4951844,0.30942494,0.5489661,0.56222016,0.5171139,0.3046596,0.5171139,0.46344718,0.5171139,0.8006761,0.49117583,0.4182468,0.4651386,0.29696137,0.34983945,0.27958804,0.56302947,0.46724373,0.8186655,0.86557007,0.833313,0.83147085,0.83147085,0.3026828,0.3213651,0.26331553,0.2343503,0.27632433,0.29849052,0.2606694,0.30119133,0.2606694,0.6251217,0.36275697,0.5612211,0.5612211,0.45782715,0.5493299,0.54767054,0.5456428,0.5612211,0.5480405,0.45782715,0.56172544,0.5612211,0.64297765,0.28908014,0.5657378,0.5612211,0.45782715,0.5612211,0.5471299,0.4680734,0.56601584,0.5612211,0.5612211,0.5490979,0.5761476,0.3527291,0.30636132,0.67865634,0.6632259,0.6991435,0.45567814,0.34970933,0.496229,0.5311763,0.5640725
V350037201_L03_44,0.86286926,0.71596915,0.8626926,0.86198574,0.5725635,0.86142516,0.2723372,0.264798,0.8621887,0.84046423,0.8621722,0.8646879,0.8626926,0.6374375,0.8630383,0.34486082,0.5349932,0.38892493,0.33409768,0.6805409,0.28354543,0.25935143,0.8318943,1.0,0.3889335,0.3556837,0.34425437,0.36085653,0.22672531,0.30767927,0.27424002,0.35998464,0.34632832,0.8630383,0.34543204,0.34440216,0.34337142,0.35896808,0.26731783,0.35018134,0.34397015,0.35542858,0.34924394,0.34819046,0.4887298,0.48824233,0.48869172,0.48713657,0.49007982,0.51408666,0.24270767,0.26608354,0.26608354,0.5293307,0.26608354,0.5986259,0.60332763,0.5436953,0.29428667,0.5436953,0.4721541,0.5436953,0.86283445,0.5281619,0.5177201,0.36620545,0.22860843,0.36655986,0.2331866,0.5910011,0.35407296,0.9785781,0.955479,0.9989919,0.9997732,0.9997732,0.26403487,0.32739174,0.21208805,0.18889666,0.28359732,0.24355504,0.2648157,0.25660354,0.2648157,0.52562946,0.3673191,0.603601,0.603601,0.49532846,0.6015411,0.59766936,0.59701777,0.603601,0.5985757,0.49532846,0.6037058,0.603601,0.6821815,0.2585529,0.60924107,0.603601,0.49532846,0.603601,0.5974459,0.44099712,0.61011326,0.603601,0.603601,0.59921116,0.62597984,0.34428865,0.31508064,0.710805,0.69914305,0.70407283,0.39436656,0.32678455,0.51316375,0.529534,0.59813285
NK01109,0.5423748,0.6104406,0.54359853,0.5427513,0.53827435,0.5405782,0.6985224,0.6191776,0.54283744,0.557291,0.54240185,0.54101175,0.54359853,0.585387,0.5439239,0.42206228,0.29603475,0.41847062,0.45238262,0.22394156,0.37155586,0.45100692,0.54706585,0.3889335,1.0,0.9103328,0.84247744,0.913095,0.5611756,0.84588456,0.7521584,0.913154,0.8439983,0.5439239,0.83531505,0.8425294,0.8423958,0.91171086,0.74760175,0.8481523,0.8426243,0.9101591,0.8407457,0.8413227,0.55509925,0.5544824,0.55503696,0.5559025,0.55567384,0.4670006,0.5321069,0.5308569,0.5308569,0.46678567,0.5308569,0.3621534,0.37144375,0.39447516,0.4586576,0.39447516,0.43621504,0.39447516,0.5422805,0.622558,0.5864527,0.84882367,0.61619925,0.3627804,0.5882796,0.29293078,0.564636,0.40138188,0.4322799,0.392484,0.3888455,0.3888455,0.5764416,0.3026556,0.5553638,0.5501,0.55741316,0.47381815,0.619121,0.6029118,0.619121,0.6977805,0.6459592,0.37378585,0.37378585,0.3523872,0.36181962,0.36017153,0.36123067,0.37378585,0.36150467,0.3523872,0.37325123,0.37378585,0.3204393,0.4340421,0.37090558,0.37378585,0.3523872,0.37378585,0.36028266,0.4173647,0.37407547,0.37378585,0.37378585,0.3606414,0.29316676,0.6260414,0.5798195,0.33196363,0.33590645,0.34573957,0.6361767,0.44930086,0.3037603,0.39617127,0.3915148
NK01144,0.48686075,0.47564447,0.488427,0.4862987,0.5310765,0.4838601,0.65593773,0.6844026,0.48728275,0.4993636,0.48637328,0.48481393,0.488427,0.564682,0.48764038,0.42583007,0.2655657,0.3966554,0.4371731,0.19893071,0.34769,0.4852143,0.5548558,0.3556837,0.9103328,1.0,0.9069014,0.99922717,0.5796824,0.89265823,0.7699498,0.9990962,0.9085548,0.48764038,0.90169173,0.90651596,0.9061253,0.99946076,0.766129,0.9059932,0.906842,0.9999975,0.9120267,0.91204894,0.65685976,0.65725994,0.6569714,0.65761214,0.65595996,0.5611788,0.54845136,0.5513264,0.5513264,0.46667838,0.5513264,0.3439446,0.35668838,0.42314708,0.45105645,0.42314708,0.43300322,0.42314708,0.48679778,0.6413904,0.59500885,0.9141189,0.64559984,0.3954153,0.6450511,0.22236386,0.6134917,0.3523429,0.41083682,0.35825673,0.35513067,0.35513067,0.66535974,0.3065308,0.6288386,0.59861547,0.54818404,0.4545693,0.68400455,0.64004475,0.68400455,0.75853944,0.67250985,0.35731524,0.35731524,0.31973183,0.3406387,0.34203362,0.34128204,0.35731524,0.34230387,0.31973183,0.35751334,0.35731524,0.28718168,0.39817154,0.35573888,0.35731524,0.31973183,0.35731524,0.34183124,0.38651076,0.35533863,0.35731524,0.35731524,0.34245244,0.22328973,0.6599083,0.57507765,0.28327718,0.3046885,0.29105568,0.5554698,0.4059102,0.22584063,0.4303702,0.39429852
NK10155,0.40503436,0.4464041,0.406991,0.40506756,0.6020497,0.404782,0.7045093,0.82196844,0.4056551,0.40102327,0.40377554,0.4018771,0.406991,0.6059475,0.4079169,0.6483047,0.40002647,0.5930542,0.6590023,0.18969753,0.4370369,0.64269376,0.44569275,0.34425437,0.84247744,0.9069014,1.0,0.90219885,0.7388779,0.8233546,0.9075297,0.9022037,0.99978495,0.4079169,0.9939059,0.99995786,0.9999342,0.9053844,0.90669024,0.99514294,0.9999929,0.90695024,0.998247,0.99818605,0.60325885,0.604403,0.6035609,0.6050252,0.6029938,0.5085948,0.6861705,0.69301474,0.69301474,0.5305319,0.69301474,0.21349394,0.21237701,0.46862805,0.63473564,0.46862805,0.51454955,0.46862805,0.40563133,0.58430815,0.66713375,0.9951327,0.7320498,0.5468169,0.663434,0.20374942,0.58901435,0.35095352,0.27808997,0.34769782,0.3456439,0.3456439,0.7146211,0.41211337,0.7235929,0.7067745,0.6125696,0.5835451,0.82150894,0.6947545,0.82150894,0.6297327,0.6310749,0.21264413,0.21264413,0.21648213,0.21199849,0.2126978,0.21189189,0.21264413,0.21215194,0.21648213,0.2129992,0.21264413,0.14719161,0.4342587,0.21188751,0.21264413,0.21648213,0.21264413,0.21282044,0.3096171,0.21060401,0.21264413,0.21264413,0.21255162,0.2002128,0.6098944,0.541476,0.1524694,0.16139457,0.2707383,0.5754467,0.47421995,0.24032971,0.33103114,0.28486383
NK10223,0.49386418,0.47722897,0.49539873,0.4932541,0.52696174,0.4907229,0.652801,0.6788975,0.49424988,0.506473,0.49343228,0.49195334,0.49539873,0.56453896,0.49455068,0.4187956,0.26471588,0.39082912,0.43041903,0.20172659,0.340118,0.47593474,0.55986154,0.36085653,0.913095,0.99922717,0.90219885,1.0,0.57017684,0.89028716,0.76393986,0.99993676,0.90402466,0.49455068,0.89723945,0.90182865,0.9014169,0.99948573,0.7598934,0.9019848,0.9021327,0.99921155,0.90736115,0.9073762,0.65947956,0.65976757,0.65955293,0.66016924,0.6585318,0.56179535,0.54046327,0.54441905,0.54441905,0.4691597,0.54441905,0.3488543,0.36209145,0.424027,0.44155264,0.424027,0.43216556,0.424027,0.4937533,0.64525145,0.5956016,0.91017604,0.64062953,0.39178786,0.6396033,0.22528392,0.61306703,0.35680318,0.41834846,0.36353743,0.36023933,0.36023933,0.66048056,0.2990345,0.6218219,0.59116006,0.54699326,0.44606534,0.678498,0.6351013,0.678498,0.7627578,0.67255634,0.3627491,0.3627491,0.32102767,0.3456123,0.3469258,0.3459866,0.3627491,0.34713614,0.32102767,0.3629055,0.3627491,0.29278007,0.3933693,0.36116844,0.3627491,0.32102767,0.3627491,0.3467055,0.38720128,0.36110342,0.3627491,0.3627491,0.34736255,0.22656152,0.6589274,0.5746133,0.2885102,0.3104959,0.29426408,0.5531668,0.4021939,0.22687688,0.4345972,0.3979321
V350037201_L02_44,0.21174604,0.4120676,0.21341667,0.21234918,0.64622426,0.2139262,0.7776711,0.78374624,0.21255082,0.22169507,0.21032068,0.20752046,0.21341667,0.549977,0.21327841,0.824279,0.51173866,0.7371349,0.83991325,0.27162474,0.8043833,0.85749394,0.30241662,0.22672531,0.5611756,0.5796824,0.7388779,0.57017684,1.0,0.68326384,0.823361,0.57070935,0.7350102,0.21327841,0.73703474,0.7383422,0.73970103,0.5751117,0.8290416,0.7228062,0.739247,0.57999843,0.7300352,0.73107606,0.44042552,0.44227093,0.44100812,0.44346014,0.4407463,0.41946217,0.8809068,0.84382653,0.84382653,0.5616078,0.84382653,0.1798315,0.15749666,0.5251626,0.9290279,0.5251626,0.65136504,0.5251626,0.21332344,0.3549207,0.4766918,0.7110254,0.80799127,0.7177482,0.6852386,0.40654427,0.6284974,0.2424944,0.14627469,0.23244885,0.22962323,0.22962323,0.7030827,0.7674407,0.8428165,0.86807156,0.6907692,0.9130242,0.78335816,0.722523,0.78335816,0.35004246,0.50876075,0.15697548,0.15697548,0.30964348,0.17979246,0.18114614,0.1830656,0.15697548,0.1797952,0.30964348,0.15681148,0.15697548,0.13677514,0.71242714,0.1535613,0.15697548,0.30964348,0.15697548,0.18103382,0.39464957,0.14942318,0.15697548,0.15697548,0.17935571,0.34152555,0.527715,0.5394879,0.16425997,0.16212258,0.35331863,0.73144567,0.7243676,0.51355416,0.38255474,0.26448014
V300093475_L02_33,0.40548107,0.4942095,0.4068963,0.4050369,0.5338094,0.40285414,0.69567406,0.6419485,0.40605947,0.4291107,0.40481168,0.4023897,0.4068963,0.52183455,0.40623736,0.47866017,0.3091669,0.42849302,0.4861881,0.23018685,0.55704063,0.5743941,0.50852853,0.30767927,0.84588456,0.89265823,0.8233546,0.89028716,0.68326384,1.0,0.7576753,0.89034283,0.8228582,0.40623736,0.8160142,0.8226718,0.82308507,0.89157283,0.76120543,0.81520677,0.8234463,0.8927589,0.8213682,0.82203466,0.5502182,0.5501179,0.55031556,0.5512804,0.5488686,0.49840775,0.6278274,0.60091275,0.60091275,0.4298015,0.60091275,0.3057422,0.3100404,0.40055633,0.56168,0.40055633,0.46117383,0.40055633,0.4055531,0.5021775,0.47040987,0.82029516,0.67721266,0.46276787,0.6230539,0.34423727,0.6315075,0.31781256,0.3624332,0.3123691,0.30720633,0.30720633,0.6385262,0.47445208,0.6642462,0.6726309,0.58864945,0.62551403,0.64128435,0.6357397,0.64128435,0.6185038,0.6044845,0.31187314,0.31187314,0.35217047,0.3039996,0.3046627,0.30368465,0.31187314,0.30419838,0.35217047,0.31148168,0.31187314,0.27506328,0.54153883,0.31021553,0.31187314,0.35217047,0.31187314,0.30421618,0.4343016,0.3080496,0.31187314,0.31187314,0.30412644,0.3463158,0.64656675,0.6115678,0.30405354,0.31930944,0.32603234,0.6922018,0.5481114,0.379067,0.4720068,0.36493814
V350011809_L01_67,0.3313998,0.4322095,0.3328789,0.3317997,0.6188358,0.3312332,0.7895704,0.8459077,0.33196792,0.32052845,0.33033097,0.3286868,0.3328789,0.6052843,0.33439693,0.74510074,0.41988108,0.675153,0.75540286,0.19254825,0.5536993,0.7468642,0.2717984,0.27424002,0.7521584,0.7699498,0.9075297,0.76393986,0.823361,0.7576753,1.0,0.76482,0.9063435,0.33439693,0.9019676,0.90767694,0.9079539,0.7676368,0.9959739,0.8996655,0.9076508,0.7700066,0.90007716,0.90055084,0.48314244,0.4846064,0.48330408,0.4846991,0.48174068,0.39206922,0.79153943,0.7861017,0.7861017,0.5843096,0.7861017,0.20744684,0.20003736,0.48107854,0.75067496,0.48107854,0.55690557,0.48107854,0.33190987,0.58417785,0.69199026,0.8954896,0.7744757,0.6034088,0.7258296,0.24672073,0.54177177,0.28729063,0.19453397,0.27883413,0.27589196,0.27589196,0.71378636,0.5304025,0.7738781,0.77834105,0.6800225,0.6887594,0.8456614,0.7036065,0.8456614,0.5170109,0.6567998,0.20179081,0.20179081,0.28065294,0.2070261,0.20742205,0.20734766,0.20179081,0.2067782,0.28065294,0.20152801,0.20179081,0.1112434,0.56664085,0.19829494,0.20179081,0.28065294,0.20179081,0.20783064,0.33574057,0.19889835,0.20179081,0.20179081,0.20656419,0.21886152,0.6395058,0.5910673,0.10721663,0.116641134,0.23081893,0.64648795,0.5693008,0.31531516,0.3159454,0.30218446
V350011809_L04_37,0.49316636,0.47627318,0.49468887,0.49255142,0.526604,0.48999965,0.65325975,0.67886937,0.49354878,0.5057487,0.49273622,0.4912608,0.49468887,0.56444544,0.49384493,0.41952345,0.26577765,0.39204913,0.43162706,0.20217675,0.3412823,0.477123,0.5591945,0.35998464,0.913154,0.9990962,0.9022037,0.99993676,0.57070935,0.89034283,0.76482,1.0,0.9040513,0.49384493,0.89717317,0.9018344,0.90143234,0.9994072,0.76083505,0.90195537,0.9021302,0.9990808,0.9073583,0.90736794,0.6582891,0.6585758,0.6583606,0.6589634,0.6572895,0.5605893,0.5416097,0.5454767,0.5454767,0.46971753,0.5454767,0.34856147,0.3619309,0.42412084,0.44226307,0.42412084,0.43237966,0.42412084,0.49305046,0.6452676,0.59568334,0.9101852,0.640492,0.39227873,0.63976693,0.22584787,0.6122997,0.35578567,0.41753086,0.36265785,0.35935098,0.35935098,0.66005933,0.30004936,0.6217565,0.5913012,0.5472547,0.4464983,0.6784698,0.63461107,0.6784698,0.76202893,0.6722628,0.36260784,0.36260784,0.32097268,0.34530067,0.34663767,0.3456928,0.36260784,0.34684813,0.32097268,0.36276525,0.36260784,0.29254276,0.3941486,0.3610115,0.36260784,0.32097268,0.36260784,0.34642553,0.38729048,0.3609324,0.36260784,0.36260784,0.34708223,0.22714448,0.657875,0.57402015,0.28823227,0.31001008,0.29470128,0.5536324,0.40298176,0.22763145,0.43357602,0.39824715
V350037201_L02_123,0.40845776,0.4474072,0.4103814,0.4084445,0.6015477,0.40807572,0.70294905,0.8192768,0.40904242,0.40454426,0.40717146,0.40533668,0.4103814,0.6070586,0.41123456,0.6462444,0.3999728,0.5920582,0.65698004,0.19096622,0.4316615,0.6395524,0.4487276,0.34632832,0.8439983,0.9085548,0.99978495,0.90402466,0.7350102,0.8228582,0.9063435,0.9040513,1.0,0.41123456,0.9943552,0.99976194,0.9997242,0.9071809,0.9052479,0.995567,0.9997649,0.9086019,0.9984956,0.998423,0.60382414,0.6049882,0.6041163,0.6055752,0.6035627,0.5083051,0.6830562,0.69082963,0.69082963,0.5322989,0.69082963,0.21580547,0.21486819,0.4693374,0.631127,0.4693374,0.51383317,0.4693374,0.40901145,0.58729815,0.66906357,0.99549675,0.728045,0.5441611,0.66092706,0.20350447,0.5880987,0.3534242,0.28086892,0.34954274,0.34765208,0.34765208,0.71158963,0.40752566,0.71920526,0.7015863,0.6099411,0.5780821,0.81881,0.6914264,0.81881,0.6322652,0.63097095,0.21507803,0.21507803,0.21711195,0.21435973,0.21498466,0.21419856,0.21507803,0.21447891,0.21711195,0.2154645,0.21507803,0.14974692,0.4313984,0.21436411,0.21507803,0.21711195,0.21507803,0.2150932,0.31053233,0.21313551,0.21507803,0.21507803,0.21487063,0.20077336,0.60815287,0.5395912,0.15457124,0.16337359,0.2723258,0.57326,0.47006226,0.23882988,0.33088267,0.28633773
V350011809_L04_131,0.9992802,0.86738044,0.9992788,0.9992809,0.6853755,0.998382,0.3686002,0.3086828,0.9993275,0.9685646,0.9992838,0.999076,0.9992788,0.78371006,1.0,0.24761903,0.35742807,0.27973023,0.24865294,0.5136103,0.21795633,0.19417074,0.79831254,0.8630383,0.5439239,0.48764038,0.4079169,0.49455068,0.21327841,0.40623736,0.33439693,0.49384493,0.41123456,1.0,0.41143623,0.40837413,0.40724102,0.4916966,0.32516813,0.41717917,0.40785637,0.48740846,0.41257122,0.4118126,0.48921368,0.48851278,0.48867175,0.4878248,0.489839,0.47131735,0.23936138,0.26091698,0.26091698,0.4755235,0.26091698,0.58043116,0.5925807,0.44681302,0.2355066,0.44681302,0.3867088,0.44681302,0.9992946,0.589131,0.5295096,0.430798,0.27827862,0.23892072,0.3164851,0.48423326,0.40966716,0.8517171,0.8775294,0.86181474,0.86248076,0.86248076,0.30208385,0.20912433,0.2413623,0.22608778,0.33785012,0.22006947,0.30897397,0.29424506,0.30897397,0.6300749,0.48929226,0.5947783,0.5947783,0.47793522,0.5827166,0.5787076,0.5800822,0.5947783,0.580625,0.47793522,0.5941049,0.5947783,0.6328299,0.2591055,0.5962031,0.5947783,0.47793522,0.5947783,0.57827795,0.43644542,0.6006507,0.5947783,0.5947783,0.58019423,0.50639004,0.4436481,0.39678085,0.6535448,0.66183776,0.58970034,0.5188113,0.3023774,0.4153322,0.529924,0.57615846
NK06292,0.40812486,0.4472506,0.4099677,0.4081635,0.60422504,0.408538,0.6998613,0.81840765,0.40862498,0.4060037,0.4067174,0.40496516,0.4099677,0.60536575,0.41143623,0.6461163,0.39509347,0.59422696,0.6599371,0.18654093,0.4331025,0.64197767,0.44584852,0.34543204,0.83531505,0.90169173,0.9939059,0.89723945,0.73703474,0.8160142,0.9019676,0.89717317,0.9943552,0.41143623,1.0,0.9939402,0.99387765,0.9005296,0.90059537,0.99039364,0.9939103,0.9017447,0.9950433,0.9949204,0.60899264,0.6102618,0.60925597,0.6108565,0.6089401,0.51561356,0.67947644,0.6885707,0.6885707,0.5310309,0.6885707,0.22274452,0.21387592,0.47268978,0.63246834,0.47268978,0.51721644,0.47268978,0.40860927,0.58182824,0.6651521,0.98990935,0.73026955,0.54480374,0.6616632,0.20291004,0.60000736,0.3506266,0.2779965,0.3486262,0.34678096,0.34678096,0.7145395,0.4072647,0.720774,0.70441866,0.61184466,0.58191794,0.8179359,0.69404066,0.8179359,0.63021874,0.6262033,0.21400735,0.21400735,0.21577516,0.2210179,0.22197533,0.22072488,0.21400735,0.22112074,0.21577516,0.2144669,0.21400735,0.1500772,0.43027347,0.21330571,0.21400735,0.21577516,0.21400735,0.22203347,0.31654677,0.21194017,0.21400735,0.21400735,0.22178647,0.20015463,0.61046505,0.5381012,0.15476397,0.16227296,0.27412823,0.5720937,0.46887583,0.23644525,0.33646768,0.2914325
V300073501_L01_88,0.4054987,0.44657192,0.40742773,0.40554166,0.60174686,0.40523127,0.7042601,0.82152385,0.40610793,0.40155566,0.40423554,0.4023475,0.40742773,0.60573465,0.40837413,0.64828277,0.39986023,0.5935719,0.65933996,0.18978488,0.43632656,0.6424647,0.4454299,0.34440216,0.8425294,0.90651596,0.99995786,0.90182865,0.7383422,0.8226718,0.90767694,0.9018344,0.99976194,0.40837413,0.9939402,1.0,0.99992687,0.9050367,0.90685445,0.99517053,0.9999504,0.9065634,0.99819887,0.99813074,0.60226834,0.6034192,0.60257006,0.6040395,0.6020196,0.50786936,0.6860197,0.69307566,0.69307566,0.53131425,0.69307566,0.21369818,0.21266472,0.46922204,0.6347622,0.46922204,0.5150855,0.46922204,0.4060847,0.5842922,0.6673538,0.995179,0.7316853,0.54663026,0.6630876,0.20421273,0.58822715,0.3509521,0.27801788,0.3478468,0.34580195,0.34580195,0.7140138,0.4114449,0.7229779,0.70599765,0.6126394,0.5831458,0.8210644,0.6940731,0.8210644,0.62936085,0.63061345,0.21290278,0.21290278,0.2165047,0.21223411,0.21292329,0.21209887,0.21290278,0.2123599,0.2165047,0.21327245,0.21290278,0.14757147,0.43383822,0.21217477,0.21290278,0.2165047,0.21290278,0.21303478,0.30972558,0.21093702,0.21290278,0.21290278,0.21276951,0.20039245,0.6090542,0.54072636,0.15289724,0.16183338,0.2711742,0.575447,0.4740231,0.24086729,0.33113694,0.28516692
V350011903_L04_117,0.40434366,0.44667757,0.4062944,0.40439588,0.60162103,0.4040454,0.70507085,0.8217137,0.40496683,0.4003912,0.40309,0.40118104,0.4062944,0.6053301,0.40724102,0.6491356,0.40091792,0.59410757,0.66025466,0.18981966,0.43815058,0.64355475,0.44472113,0.34337142,0.8423958,0.9061253,0.9999342,0.9014169,0.73970103,0.82308507,0.9079539,0.90143234,0.9997242,0.40724102,0.99387765,0.99992687,1.0,0.9045892,0.9072199,0.9951184,0.99992937,0.9061754,0.9981394,0.99808466,0.6019908,0.603114,0.6022799,0.60375667,0.60169137,0.50769246,0.6870378,0.6937013,0.6937013,0.5312969,0.6937013,0.21309108,0.21199778,0.46925956,0.6360511,0.46925956,0.5155774,0.46925956,0.40494767,0.58303946,0.6663312,0.9950431,0.7323537,0.54731005,0.6634794,0.20470521,0.5886076,0.35038745,0.27688485,0.34685734,0.3447823,0.3447823,0.71415246,0.41306043,0.72372204,0.7070991,0.6132624,0.5846993,0.8212599,0.69439983,0.8212599,0.62805086,0.62982786,0.21224344,0.21224344,0.2165691,0.21160728,0.21229091,0.21148625,0.21224344,0.21173954,0.2165691,0.21260047,0.21224344,0.14686546,0.43512082,0.21149859,0.21224344,0.2165691,0.21224344,0.2124168,0.31001306,0.21023118,0.21224344,0.21224344,0.2121399,0.20092273,0.60889745,0.5411904,0.15228674,0.16131455,0.27109742,0.57657444,0.47538963,0.24154788,0.33110708,0.28427726
NK08152,0.49102274,0.4767118,0.49252492,0.49036384,0.52984303,0.48789746,0.6543748,0.6819862,0.49138302,0.502889,0.49050876,0.4890275,0.49252492,0.56551147,0.4916966,0.422952,0.2654277,0.39450163,0.43398738,0.20050052,0.3435338,0.4819543,0.55842566,0.35896808,0.91171086,0.99946076,0.9053844,0.99948573,0.5751117,0.89157283,0.7676368,0.9994072,0.9071809,0.4916966,0.9005296,0.9050367,0.9045892,1.0,0.76375747,0.9048489,0.90531725,0.9994521,0.91050506,0.91052973,0.657878,0.65826595,0.6579824,0.6586262,0.656963,0.5616235,0.54325545,0.5469922,0.5469922,0.46875107,0.5469922,0.3464007,0.35905606,0.4248861,0.4467533,0.4248861,0.43359885,0.4248861,0.490899,0.64358115,0.59626997,0.91326296,0.6426687,0.39439732,0.6416142,0.22280923,0.6138669,0.3551215,0.41455173,0.36150178,0.35823432,0.35823432,0.66252434,0.3025504,0.62366366,0.59424305,0.54723364,0.45002896,0.68156934,0.6371988,0.68156934,0.7599932,0.67091733,0.3598544,0.3598544,0.32056123,0.34324956,0.34452465,0.3434677,0.3598544,0.34467286,0.32056123,0.36005902,0.3598544,0.2897691,0.39464447,0.35828483,0.3598544,0.32056123,0.3598544,0.34429312,0.38709491,0.35807014,0.3598544,0.3598544,0.344944,0.22429812,0.65846324,0.5725382,0.28543144,0.30624208,0.2927343,0.55393296,0.40293482,0.22556707,0.43235916,0.3966849
NK08256,0.3218094,0.432007,0.32329276,0.32239336,0.6181207,0.3219158,0.79179895,0.8533995,0.3224858,0.31119382,0.32076353,0.31894666,0.32329276,0.60245436,0.32516813,0.74841565,0.42229253,0.6766509,0.75730157,0.19570959,0.56625,0.75664055,0.26433748,0.26731783,0.74760175,0.766129,0.90669024,0.7598934,0.8290416,0.76120543,0.9959739,0.76083505,0.9052479,0.32516813,0.90059537,0.90685445,0.9072199,0.76375747,1.0,0.8991269,0.90680903,0.76621425,0.89886105,0.8992564,0.48079893,0.4821918,0.48104033,0.48246208,0.47937417,0.3957784,0.7962539,0.7870495,0.7870495,0.5724942,0.7870495,0.20219302,0.19381496,0.4763874,0.75856936,0.4763874,0.55533904,0.4763874,0.32239956,0.5698725,0.6794032,0.8937174,0.78413564,0.6126537,0.7223705,0.2505366,0.5474642,0.28133273,0.186733,0.27161425,0.26897496,0.26897496,0.7248455,0.53817827,0.7869257,0.79147667,0.68661517,0.7014527,0.85317254,0.7155186,0.85317254,0.5102342,0.6569932,0.1955953,0.1955953,0.2768072,0.2016463,0.20229784,0.20246017,0.1955953,0.2016663,0.2768072,0.19537461,0.1955953,0.108937055,0.5730108,0.19272152,0.1955953,0.2768072,0.1955953,0.20266753,0.33692306,0.192772,0.1955953,0.1955953,0.2013877,0.22595039,0.64340883,0.59741294,0.109390646,0.11816105,0.22755912,0.6469153,0.5741303,0.32168216,0.3238888,0.29490364
NK08348,0.41443726,0.4529467,0.41619828,0.4146986,0.5900769,0.4145106,0.70174515,0.8159152,0.41499788,0.41260028,0.4132465,0.41166323,0.41619828,0.59944034,0.41717917,0.6416471,0.40440574,0.5917579,0.65479183,0.19432709,0.41953522,0.62873435,0.45047688,0.35018134,0.8481523,0.9059932,0.99514294,0.9019848,0.7228062,0.81520677,0.8996655,0.90195537,0.995567,0.41717917,0.99039364,0.99517053,0.9951184,0.9048489,0.8991269,1.0,0.9950949,0.90600955,0.9937207,0.9936659,0.6024705,0.6035095,0.6027728,0.6043338,0.6023946,0.50461817,0.6717424,0.6847084,0.6847084,0.5395815,0.6847084,0.21835428,0.21692234,0.47280997,0.6220766,0.47280997,0.51417965,0.47280997,0.41492987,0.58904564,0.66874206,0.9909965,0.7248659,0.5375878,0.6528301,0.2112265,0.59073836,0.36153418,0.28570855,0.35273084,0.35128707,0.35128707,0.7089365,0.39385116,0.7166925,0.6952325,0.6189973,0.5705616,0.8155029,0.68955666,0.8155029,0.63842255,0.63760674,0.21721196,0.21721196,0.21337345,0.2174179,0.21757421,0.21744415,0.21721196,0.21738407,0.21337345,0.21753973,0.21721196,0.15613917,0.41894233,0.21650961,0.21721196,0.21337345,0.21721196,0.21759975,0.3064145,0.21614444,0.21721196,0.21721196,0.21754587,0.21015334,0.61107033,0.5469,0.16206628,0.17356151,0.27660292,0.57366574,0.4647466,0.24463648,0.3303069,0.28086045
NK08041,0.40496343,0.4467229,0.40692294,0.40500346,0.6022515,0.40472388,0.70475554,0.8220092,0.40558892,0.40103483,0.4037075,0.40179712,0.40692294,0.6060784,0.40785637,0.64851636,0.399946,0.5930654,0.65918463,0.18951827,0.4373067,0.6429688,0.4455226,0.34397015,0.8426243,0.906842,0.9999929,0.9021327,0.739247,0.8234463,0.9076508,0.9021302,0.9997649,0.40785637,0.9939103,0.9999504,0.99992937,0.90531725,0.90680903,0.9950949,1.0,0.90689147,0.9982444,0.99818784,0.60312206,0.6042624,0.60342413,0.60489213,0.6028631,0.5085296,0.68635595,0.6931182,0.6931182,0.53024274,0.6931182,0.2132971,0.21215945,0.46839544,0.63500774,0.46839544,0.5144493,0.46839544,0.40556577,0.5840315,0.66690123,0.99511087,0.7323207,0.54699135,0.6636449,0.2038543,0.5892919,0.35069573,0.27777892,0.3474293,0.34536615,0.34536615,0.7147331,0.41241765,0.72385913,0.707086,0.61253387,0.5840863,0.82155097,0.6949742,0.82155097,0.62943304,0.63104916,0.21244481,0.21244481,0.21644181,0.21178281,0.21249959,0.21169388,0.21244481,0.21194896,0.21644181,0.21279201,0.21244481,0.14702955,0.43465716,0.2116718,0.21244481,0.21644181,0.21244481,0.2126236,0.30966228,0.21038434,0.21244481,0.21244481,0.21234891,0.20026922,0.6099633,0.541351,0.15237215,0.16121197,0.2708249,0.5757879,0.47438997,0.2404944,0.33104733,0.2847017
NK08059,0.48663306,0.4755258,0.48819894,0.4860712,0.53129524,0.4836356,0.6561346,0.684639,0.48705652,0.4991526,0.4861424,0.48457855,0.48819894,0.56479883,0.48740846,0.42606312,0.26551542,0.39669737,0.43730235,0.19884816,0.34800044,0.4855891,0.5547915,0.35542858,0.9101591,0.9999975,0.90695024,0.99921155,0.57999843,0.8927589,0.7700066,0.9990808,0.9086019,0.48740846,0.9017447,0.9065634,0.9061754,0.9994521,0.76621425,0.90600955,0.90689147,1.0,0.9120848,0.91210854,0.657116,0.65751714,0.657228,0.65787,0.65621305,0.5613875,0.5487099,0.5515163,0.5515163,0.4664762,0.5515163,0.34372878,0.3564458,0.4230137,0.45135197,0.4230137,0.43299437,0.4230137,0.4865714,0.6411001,0.59477085,0.91414475,0.6458348,0.39571708,0.6452191,0.22234043,0.6136366,0.35210353,0.41056696,0.3579919,0.35487995,0.35487995,0.6656072,0.3068849,0.6292201,0.5990071,0.5482345,0.4549559,0.684241,0.6402949,0.684241,0.75841856,0.67257005,0.3570683,0.3570683,0.3196021,0.34041154,0.34181684,0.34106886,0.3570683,0.34208834,0.3196021,0.35726732,0.3570683,0.28694206,0.39835727,0.35549957,0.3570683,0.3196021,0.3570683,0.34161344,0.38644037,0.35508025,0.3570683,0.3570683,0.34223688,0.22320732,0.6598907,0.57509243,0.28309882,0.30451098,0.2909527,0.55549425,0.40603745,0.22590044,0.43041515,0.3941117
7-50,0.40942204,0.44356868,0.41139606,0.40941745,0.6018677,0.40914893,0.6948258,0.8174179,0.41002256,0.40672934,0.40812647,0.40642482,0.41139606,0.6059522,0.41257122,0.63909143,0.39803654,0.58805877,0.65184605,0.19417083,0.42715275,0.6376199,0.45517448,0.34924394,0.8407457,0.9120267,0.998247,0.90736115,0.7300352,0.8213682,0.90007716,0.9073583,0.9984956,0.41257122,0.9950433,0.99819887,0.9981394,0.91050506,0.89886105,0.9937207,0.9982444,0.9120848,1.0,0.9999027,0.60947764,0.610775,0.609802,0.6112003,0.60920906,0.5176331,0.6766882,0.68406445,0.68406445,0.52764523,0.68406445,0.21979123,0.21952188,0.47110844,0.6261149,0.47110844,0.5128965,0.47110844,0.40998974,0.59004295,0.66948766,0.9963433,0.7243391,0.5438705,0.66154325,0.20128462,0.58936495,0.35390556,0.28469098,0.35246694,0.35048422,0.35048422,0.7138716,0.40729138,0.71647215,0.69847083,0.60339546,0.5723866,0.8169477,0.69223744,0.8169477,0.6368993,0.62761664,0.21964595,0.21964595,0.2182819,0.21751711,0.21895388,0.2182754,0.21964595,0.21836737,0.2182819,0.22014776,0.21964595,0.15533492,0.42594147,0.21904233,0.21964595,0.2182819,0.21964595,0.21904045,0.30877143,0.21739075,0.21964595,0.21964595,0.2188189,0.20043272,0.60759205,0.5327408,0.15904999,0.16653684,0.27501726,0.5633357,0.46416864,0.2331216,0.33454543,0.29168093
8-4,0.4086758,0.4443034,0.41065577,0.40866703,0.60217506,0.4083975,0.6962257,0.81709075,0.4092775,0.4060151,0.4073823,0.40567556,0.41065577,0.6058672,0.4118126,0.6394522,0.39737463,0.58829224,0.6521158,0.19348523,0.42843068,0.63858515,0.4543681,0.34819046,0.8413227,0.91204894,0.99818605,0.9073762,0.73107606,0.82203466,0.90055084,0.90736794,0.998423,0.4118126,0.9949204,0.99813074,0.99808466,0.91052973,0.8992564,0.9936659,0.99818784,0.91210854,0.9999027,1.0,0.6088161,0.6100941,0.6091358,0.61054206,0.6085387,0.5176431,0.67736614,0.6846394,0.6846394,0.5280266,0.6846394,0.21891841,0.21859673,0.4719834,0.6273757,0.4719834,0.51409656,0.4719834,0.40924928,0.5888595,0.6682072,0.9961746,0.725529,0.54442537,0.6622155,0.20162141,0.5904585,0.35318506,0.28387862,0.35140288,0.34941578,0.34941578,0.71421236,0.40821478,0.7169465,0.6990789,0.6045958,0.57336545,0.81661975,0.69276273,0.81661975,0.63528425,0.62776476,0.21870852,0.21870852,0.21810168,0.21658331,0.21802402,0.21736062,0.21870852,0.21744883,0.21810168,0.21920115,0.21870852,0.15475366,0.42682418,0.21804482,0.21870852,0.21810168,0.21870852,0.21811491,0.30853438,0.21641174,0.21870852,0.21870852,0.21789831,0.20017737,0.6077738,0.5333,0.1588839,0.16658193,0.27494586,0.56446326,0.4660899,0.23368958,0.33562452,0.2900915
NK04161,0.48870412,0.40618214,0.48934296,0.4878184,0.50889325,0.48923737,0.49048433,0.632359,0.48891333,0.5008192,0.48865813,0.48886988,0.48934296,0.52102965,0.48921368,0.471218,0.3798457,0.41905886,0.42884955,0.390683,0.3622228,0.4430551,0.5733339,0.4887298,0.55509925,0.65685976,0.60325885,0.65947956,0.44042552,0.5502182,0.48314244,0.6582891,0.60382414,0.48921368,0.60899264,0.60226834,0.6019908,0.657878,0.48079893,0.6024705,0.60312206,0.657116,0.60947764,0.6088161,1.0,0.99987274,0.9999845,0.9998787,0.9996017,0.8714843,0.44327682,0.44945675,0.44945675,0.4579856,0.44945675,0.42871603,0.43417847,0.5015906,0.40803966,0.5015906,0.48736298,0.5015906,0.48863164,0.6354161,0.601231,0.6084541,0.5959041,0.5348948,0.60095376,0.30673727,0.6324797,0.47520068,0.5135124,0.4853892,0.48802757,0.48802757,0.66228044,0.36991954,0.59580475,0.5654963,0.54776835,0.43111852,0.6322477,0.62841564,0.6322477,0.73351705,0.64925826,0.43209684,0.43209684,0.37192735,0.42534447,0.42791533,0.42628485,0.43209684,0.42889264,0.37192735,0.43246943,0.43209684,0.38721377,0.35000777,0.43603802,0.43209684,0.37192735,0.43209684,0.4271229,0.35944575,0.43212688,0.43209684,0.43209684,0.4288884,0.32990536,0.67478466,0.60111696,0.37336874,0.4268744,0.34757948,0.33119345,0.44361722,0.28079924,0.592496,0.4081851
V300073501_L04_115,0.48799205,0.40542313,0.48864648,0.48707947,0.5113712,0.4884658,0.49202022,0.63437116,0.48819607,0.50000757,0.48790202,0.48817387,0.48864648,0.5230653,0.48851278,0.4723568,0.37875354,0.42047396,0.42996433,0.38911498,0.36334133,0.44423932,0.57288915,0.48824233,0.5544824,0.65725994,0.604403,0.65976757,0.44227093,0.5501179,0.4846064,0.6585758,0.6049882,0.48851278,0.6102618,0.6034192,0.603114,0.65826595,0.4821918,0.6035095,0.6042624,0.65751714,0.610775,0.6100941,0.99987274,1.0,0.99989295,0.9997794,0.9994802,0.8713827,0.44451848,0.45051077,0.45051077,0.45711622,0.45051077,0.42848235,0.43375027,0.5008302,0.40990713,0.5008302,0.48687145,0.5008302,0.48791096,0.6368937,0.60343254,0.60949165,0.5963983,0.5341643,0.6014733,0.30414507,0.63203514,0.47441775,0.5123437,0.48492765,0.48751897,0.48751897,0.66349757,0.37120435,0.5966319,0.5666263,0.5481651,0.43134984,0.63426006,0.62981194,0.63426006,0.7345426,0.64985615,0.4317096,0.4317096,0.37216964,0.42512113,0.42774326,0.42612633,0.4317096,0.42869356,0.37216964,0.4320968,0.4317096,0.3859738,0.35066363,0.43563643,0.4317096,0.37216964,0.4317096,0.42694837,0.3593762,0.43162835,0.4317096,0.4317096,0.42868978,0.32731944,0.6761022,0.6011331,0.37180516,0.42446142,0.34542456,0.33100677,0.44302696,0.27842033,0.58963025,0.40916908
V350011797_L02_128,0.48815545,0.4058842,0.48880374,0.48727342,0.50898045,0.4887172,0.4906726,0.6327816,0.48836955,0.5003209,0.48810178,0.48832113,0.48880374,0.52096796,0.48867175,0.47158265,0.37992814,0.41946614,0.42923737,0.39058393,0.36254448,0.4435382,0.573504,0.48869172,0.55503696,0.6569714,0.6035609,0.65955293,0.44100812,0.55031556,0.48330408,0.6583606,0.6041163,0.48867175,0.60925597,0.60257006,0.6022799,0.6579824,0.48104033,0.6027728,0.60342413,0.657228,0.609802,0.6091358,0.9999845,0.99989295,1.0,0.99989307,0.99962527,0.87151515,0.443716,0.4498964,0.4498964,0.45745462,0.4498964,0.42867103,0.4340413,0.50115764,0.4084174,0.50115764,0.48706454,0.50115764,0.4880886,0.63556,0.6015287,0.6087275,0.59595513,0.53522044,0.601211,0.30630288,0.63243353,0.47514102,0.51329654,0.48534438,0.48798874,0.48798874,0.6625423,0.37025914,0.59617364,0.5658011,0.5475789,0.43144736,0.63266945,0.6287868,0.63266945,0.73370206,0.64934254,0.43195757,0.43195757,0.37194282,0.4252872,0.4278757,0.4262842,0.43195757,0.42886534,0.37194282,0.43233767,0.43195757,0.38697028,0.3502257,0.4359182,0.43195757,0.37194282,0.43195757,0.42708078,0.35963517,0.43197477,0.43195757,0.43195757,0.4288475,0.32962638,0.6749233,0.6011609,0.37314206,0.42634642,0.34734806,0.33100957,0.44351518,0.28041726,0.5918215,0.40832955
V350011903_L01_36,0.4872571,0.40670246,0.48792154,0.48643392,0.5096751,0.48784542,0.4917688,0.63428247,0.48748702,0.49964115,0.4872058,0.48740014,0.48792154,0.5213284,0.4878248,0.47286773,0.37975416,0.41975582,0.430361,0.38902465,0.3633935,0.44605058,0.57265854,0.48713657,0.5559025,0.65761214,0.6050252,0.66016924,0.44346014,0.5512804,0.4846991,0.6589634,0.6055752,0.4878248,0.6108565,0.6040395,0.60375667,0.6586262,0.48246208,0.6043338,0.60489213,0.65787,0.6112003,0.61054206,0.9998787,0.9997794,0.99989307,1.0,0.99972063,0.8719127,0.44519374,0.4510376,0.4510376,0.4578927,0.4510376,0.42606145,0.43146423,0.50205624,0.4105404,0.50205624,0.48829708,0.50205624,0.487216,0.63395464,0.60052145,0.6100162,0.59841496,0.5375039,0.60192376,0.30638483,0.6353589,0.47410506,0.51136744,0.48375812,0.48645148,0.48645148,0.66435486,0.37081587,0.59852356,0.5681265,0.54899377,0.43394917,0.6341695,0.63086027,0.6341695,0.73311514,0.6484006,0.42938584,0.42938584,0.3698545,0.42269742,0.42527938,0.42375356,0.42938584,0.42628908,0.3698545,0.42974702,0.42938584,0.38485464,0.35042682,0.43335167,0.42938584,0.3698545,0.42938584,0.42448753,0.35808212,0.42941242,0.42938584,0.42938584,0.4262452,0.32901785,0.6745476,0.6010447,0.3711931,0.42527455,0.3466797,0.33288884,0.44461906,0.28102106,0.5928433,0.40562814
V350037201_L04_39,0.48934612,0.40856585,0.4899817,0.48849195,0.50886464,0.49003854,0.48886448,0.6305514,0.4895327,0.5021008,0.48925105,0.48943385,0.4899817,0.521073,0.489839,0.47101173,0.3809742,0.4183838,0.42846382,0.39109355,0.36087894,0.44318146,0.5754569,0.49007982,0.55567384,0.65595996,0.6029938,0.6585318,0.4407463,0.5488686,0.48174068,0.6572895,0.6035627,0.489839,0.6089401,0.6020196,0.60169137,0.656963,0.47937417,0.6023946,0.6028631,0.65621305,0.60920906,0.6085387,0.9996017,0.9994802,0.99962527,0.99972063,1.0,0.8718127,0.442109,0.44850588,0.44850588,0.45727408,0.44850588,0.4287014,0.43401685,0.5013784,0.40769288,0.5013784,0.48689127,0.5013784,0.48926806,0.63484824,0.6009383,0.6080089,0.5954313,0.5369715,0.6002939,0.30753845,0.6335252,0.47690713,0.51429737,0.48666778,0.48942217,0.48942217,0.66123474,0.3688727,0.59524935,0.5646536,0.546185,0.4319045,0.6304381,0.62852633,0.6304381,0.7344806,0.6478976,0.43192774,0.43192774,0.37187582,0.42539942,0.42789224,0.4264218,0.43192774,0.42893344,0.37187582,0.43227682,0.43192774,0.38809907,0.35021085,0.4359608,0.43192774,0.37187582,0.43192774,0.42709664,0.35986584,0.43200734,0.43192774,0.43192774,0.4288941,0.33097935,0.67364436,0.60000634,0.37445503,0.42799532,0.3491999,0.3315972,0.44278175,0.28165627,0.59326404,0.40744683
NK06094,0.4712603,0.41431606,0.47133064,0.47056732,0.5091821,0.4733954,0.38453913,0.54640263,0.4713416,0.47392008,0.4715057,0.47099513,0.47133064,0.48094207,0.47131735,0.40125084,0.4293058,0.4047315,0.369533,0.49954873,0.46487087,0.50221014,0.575084,0.51408666,0.4670006,0.5611788,0.5085948,0.56179535,0.41946217,0.49840775,0.39206922,0.5605893,0.5083051,0.47131735,0.51561356,0.50786936,0.50769246,0.5616235,0.3957784,0.50461817,0.5085296,0.5613875,0.5176331,0.5176431,0.8714843,0.8713827,0.87151515,0.8719127,0.8718127,1.0,0.34283075,0.32471028,0.32471028,0.36916816,0.32471028,0.4279874,0.43512833,0.6533247,0.44325283,0.6533247,0.6201558,0.6533247,0.47135144,0.43341482,0.40445304,0.5157459,0.641597,0.6234304,0.49668822,0.44140536,0.7402723,0.49131125,0.53790975,0.51053524,0.5121436,0.5121436,0.74222326,0.49819675,0.5662331,0.5488369,0.5480459,0.47838375,0.5460759,0.71600693,0.5460759,0.5643184,0.45396584,0.43296456,0.43296456,0.36174822,0.42393124,0.42744908,0.42646238,0.43296456,0.42692602,0.36174822,0.43390006,0.43296456,0.49656138,0.3076511,0.43751296,0.43296456,0.36174822,0.43296456,0.42652372,0.3225362,0.43297976,0.43296456,0.43296456,0.42804378,0.44668058,0.6456814,0.508074,0.5093589,0.5492832,0.43387654,0.2681321,0.5674118,0.40818667,0.74573374,0.37741017
V350037201_L02_59,0.23872226,0.40232253,0.24052894,0.23963702,0.5976851,0.23975393,0.80253625,0.7536521,0.23975563,0.23976144,0.2379702,0.23588112,0.24052894,0.52296805,0.23936138,0.85189176,0.54237896,0.82139134,0.89612055,0.302085,0.7301502,0.852987,0.2959432,0.24270767,0.5321069,0.54845136,0.6861705,0.54046327,0.8809068,0.6278274,0.79153943,0.5416097,0.6830562,0.23936138,0.67947644,0.6860197,0.6870378,0.54325545,0.7962539,0.6717424,0.68635595,0.5487099,0.6766882,0.67736614,0.44327682,0.44451848,0.443716,0.44519374,0.442109,0.34283075,1.0,0.9800048,0.9800048,0.62929535,0.9800048,0.21184531,0.20387125,0.50090295,0.87450194,0.50090295,0.6041722,0.50090295,0.24010953,0.46614406,0.56816095,0.6594695,0.7163274,0.715827,0.7373465,0.3876422,0.5538908,0.2636788,0.17818925,0.24743062,0.2461111,0.2461111,0.622627,0.7057283,0.7931208,0.81571376,0.64522314,0.81579137,0.75333714,0.63618517,0.75333714,0.38640344,0.5926742,0.20292825,0.20292825,0.33784258,0.2120207,0.21309102,0.21362978,0.20292825,0.21247655,0.33784258,0.20323384,0.20292825,0.14203176,0.69687504,0.20029563,0.20292825,0.33784258,0.20292825,0.2139028,0.4049797,0.19845766,0.20292825,0.20292825,0.21180877,0.32842937,0.49948767,0.551133,0.15459022,0.18228531,0.30300558,0.68041164,0.71922237,0.4764001,0.3368171,0.29250088
NK04021,0.26060113,0.3898962,0.2622381,0.26162523,0.5683756,0.26146388,0.7905626,0.7431748,0.26145747,0.26008692,0.25977826,0.25849253,0.2622381,0.5071209,0.26091698,0.8475242,0.54294163,0.8323449,0.9030965,0.29552972,0.6710055,0.82235205,0.30942494,0.26608354,0.5308569,0.5513264,0.69301474,0.54441905,0.84382653,0.60091275,0.7861017,0.5454767,0.69082963,0.26091698,0.6885707,0.69307566,0.6937013,0.5469922,0.7870495,0.6847084,0.6931182,0.5515163,0.68406445,0.6846394,0.44945675,0.45051077,0.4498964,0.4510376,0.44850588,0.32471028,0.9800048,1.0,1.0,0.6728244,1.0,0.23732468,0.22634771,0.51641846,0.8351849,0.51641846,0.60304075,0.51641846,0.2618259,0.5021247,0.6051512,0.6677753,0.6811587,0.69449633,0.73225605,0.37169418,0.52977026,0.29061824,0.19622418,0.26972026,0.26948452,0.26948452,0.5989714,0.659201,0.7630976,0.7801088,0.6308999,0.761141,0.74283206,0.60594463,0.74283206,0.41643938,0.6283213,0.2248103,0.2248103,0.3377155,0.23763952,0.23857915,0.23884821,0.2248103,0.238177,0.3377155,0.2252985,0.2248103,0.15582299,0.6548908,0.22262055,0.2248103,0.3377155,0.2248103,0.23938319,0.40817493,0.22217724,0.2248103,0.2248103,0.23755395,0.31419343,0.4979806,0.5537853,0.15716588,0.18328735,0.3075181,0.64625084,0.6783559,0.44877726,0.3144766,0.3121257
NK04006,0.26060113,0.3898962,0.2622381,0.26162523,0.5683756,0.26146388,0.7905626,0.7431748,0.26145747,0.26008692,0.25977826,0.25849253,0.2622381,0.5071209,0.26091698,0.8475242,0.54294163,0.8323449,0.9030965,0.29552972,0.6710055,0.82235205,0.30942494,0.26608354,0.5308569,0.5513264,0.69301474,0.54441905,0.84382653,0.60091275,0.7861017,0.5454767,0.69082963,0.26091698,0.6885707,0.69307566,0.6937013,0.5469922,0.7870495,0.6847084,0.6931182,0.5515163,0.68406445,0.6846394,0.44945675,0.45051077,0.4498964,0.4510376,0.44850588,0.32471028,0.9800048,1.0,1.0,0.6728244,1.0,0.23732468,0.22634771,0.51641846,0.8351849,0.51641846,0.60304075,0.51641846,0.2618259,0.5021247,0.6051512,0.6677753,0.6811587,0.69449633,0.73225605,0.37169418,0.52977026,0.29061824,0.19622418,0.26972026,0.26948452,0.26948452,0.5989714,0.659201,0.7630976,0.7801088,0.6308999,0.761141,0.74283206,0.60594463,0.74283206,0.41643938,0.6283213,0.2248103,0.2248103,0.3377155,0.23763952,0.23857915,0.23884821,0.2248103,0.238177,0.3377155,0.2252985,0.2248103,0.15582299,0.6548908,0.22262055,0.2248103,0.3377155,0.2248103,0.23938319,0.40817493,0.22217724,0.2248103,0.2248103,0.23755395,0.31419343,0.4979806,0.5537853,0.15716588,0.18328735,0.3075181,0.64625084,0.6783559,0.44877726,0.3144766,0.3121257
V300093475_L03_15,0.47905838,0.41450256,0.47955292,0.47943947,0.4697991,0.47488728,0.5231431,0.5034168,0.47868335,0.48954508,0.47946668,0.48231465,0.47955292,0.45616716,0.4755235,0.66857255,0.6132244,0.7247356,0.70207345,0.53714734,0.40703112,0.58392566,0.4951844,0.5293307,0.46678567,0.46667838,0.5305319,0.4691597,0.5616078,0.4298015,0.5843096,0.46971753,0.5322989,0.4755235,0.5310309,0.53131425,0.5312969,0.46875107,0.5724942,0.5395815,0.53024274,0.4664762,0.52764523,0.5280266,0.4579856,0.45711622,0.45745462,0.4578927,0.45727408,0.36916816,0.62929535,0.6728244,0.6728244,1.0,0.6728244,0.36607224,0.372051,0.8535291,0.6516934,0.8535291,0.8293536,0.8535291,0.47962147,0.4923146,0.53551316,0.5327194,0.44820294,0.5710454,0.4369549,0.5461036,0.42271477,0.5193307,0.48689988,0.52705175,0.5304766,0.5304766,0.39766008,0.44086292,0.4931234,0.4624235,0.52984875,0.47086316,0.50361353,0.37390915,0.50361353,0.4208951,0.4362608,0.36934042,0.36934042,0.34420806,0.36726528,0.36577392,0.3661257,0.36934042,0.36590284,0.34420806,0.36943594,0.36934042,0.39375436,0.3494132,0.36950952,0.36934042,0.34420806,0.36934042,0.36593994,0.35568458,0.37693608,0.36934042,0.36934042,0.36685675,0.511577,0.31611353,0.38162377,0.41647786,0.49314383,0.5045203,0.49557883,0.5099599,0.5433947,0.49387822,0.3718863
V350011797_L04_45,0.26060113,0.3898962,0.2622381,0.26162523,0.5683756,0.26146388,0.7905626,0.7431748,0.26145747,0.26008692,0.25977826,0.25849253,0.2622381,0.5071209,0.26091698,0.8475242,0.54294163,0.8323449,0.9030965,0.29552972,0.6710055,0.82235205,0.30942494,0.26608354,0.5308569,0.5513264,0.69301474,0.54441905,0.84382653,0.60091275,0.7861017,0.5454767,0.69082963,0.26091698,0.6885707,0.69307566,0.6937013,0.5469922,0.7870495,0.6847084,0.6931182,0.5515163,0.68406445,0.6846394,0.44945675,0.45051077,0.4498964,0.4510376,0.44850588,0.32471028,0.9800048,1.0,1.0,0.6728244,1.0,0.23732468,0.22634771,0.51641846,0.8351849,0.51641846,0.60304075,0.51641846,0.2618259,0.5021247,0.6051512,0.6677753,0.6811587,0.69449633,0.73225605,0.37169418,0.52977026,0.29061824,0.19622418,0.26972026,0.26948452,0.26948452,0.5989714,0.659201,0.7630976,0.7801088,0.6308999,0.761141,0.74283206,0.60594463,0.74283206,0.41643938,0.6283213,0.2248103,0.2248103,0.3377155,0.23763952,0.23857915,0.23884821,0.2248103,0.238177,0.3377155,0.2252985,0.2248103,0.15582299,0.6548908,0.22262055,0.2248103,0.3377155,0.2248103,0.23938319,0.40817493,0.22217724,0.2248103,0.2248103,0.23755395,0.31419343,0.4979806,0.5537853,0.15716588,0.18328735,0.3075181,0.64625084,0.6783559,0.44877726,0.3144766,0.3121257
V350037201_L03_47,0.5822053,0.4508661,0.5802117,0.58087707,0.26765323,0.5814118,0.27734843,0.21185368,0.5811684,0.5803595,0.5828301,0.58619106,0.5802117,0.32293168,0.58043116,0.23632869,0.5183751,0.2899776,0.23397031,0.706883,0.37091202,0.20526674,0.5489661,0.5986259,0.3621534,0.3439446,0.21349394,0.3488543,0.1798315,0.3057422,0.20744684,0.34856147,0.21580547,0.58043116,0.22274452,0.21369818,0.21309108,0.3464007,0.20219302,0.21835428,0.2132971,0.34372878,0.21979123,0.21891841,0.42871603,0.42848235,0.42867103,0.42606145,0.4287014,0.4279874,0.21184531,0.23732468,0.23732468,0.36607224,0.23732468,1.0,0.9898193,0.33716318,0.17093766,0.33716318,0.24849895,0.33716318,0.5802738,0.64738846,0.5422385,0.22639239,0.16699445,0.24309626,0.38505626,0.5966348,0.29407322,0.5871224,0.68340623,0.5962391,0.59633225,0.59633225,0.23463497,0.4009193,0.1702927,0.17143294,0.25604874,0.20063964,0.21212444,0.23682845,0.21212444,0.5924922,0.50842386,0.98977834,0.98977834,0.9434967,0.99939907,0.99982935,0.9980925,0.98977834,0.99961853,0.9434967,0.9898939,0.98977834,0.9233769,0.5825916,0.9895917,0.98977834,0.9434967,0.98977834,0.9998261,0.8941567,0.98904026,0.98977834,0.98977834,0.9998795,0.6606568,0.468474,0.49310172,0.82800096,0.74395674,0.68592846,0.33136392,0.26681393,0.5354537,0.45479515,0.94298446
V350037201_L03_13,0.5949035,0.4547768,0.5928744,0.5936358,0.26307636,0.5923188,0.26652485,0.20600462,0.5939141,0.59348667,0.59575945,0.59921694,0.5928744,0.32572374,0.5925807,0.21817204,0.5190751,0.27524033,0.21781817,0.7174333,0.35236907,0.19282544,0.56222016,0.60332763,0.37144375,0.35668838,0.21237701,0.36209145,0.15749666,0.3100404,0.20003736,0.3619309,0.21486819,0.5925807,0.21387592,0.21266472,0.21199778,0.35905606,0.19381496,0.21692234,0.21215945,0.3564458,0.21952188,0.21859673,0.43417847,0.43375027,0.4340413,0.43146423,0.43401685,0.43512833,0.20387125,0.22634771,0.22634771,0.372051,0.22634771,0.9898193,1.0,0.345308,0.15180191,0.345308,0.2504437,0.345308,0.5930178,0.65776384,0.54305214,0.22868675,0.16241422,0.24299744,0.38288733,0.6010152,0.28976804,0.5904526,0.69661516,0.6010591,0.6009127,0.6009127,0.2334964,0.38918903,0.16318017,0.15724927,0.24946102,0.18303666,0.20628476,0.23193765,0.20628476,0.5978893,0.50407577,0.99922836,0.99922836,0.9433967,0.98892105,0.98954266,0.9874487,0.99922836,0.98937535,0.9433967,0.99932915,0.99922836,0.9340521,0.5702681,0.9988844,0.99922836,0.9433967,0.99922836,0.98958695,0.87277913,0.99862504,0.99922836,0.99922836,0.98976755,0.6676939,0.45954835,0.48165372,0.83399856,0.7597677,0.688412,0.32043773,0.2635228,0.5348669,0.46937704,0.9348956
NK01117,0.45014805,0.39346147,0.45027065,0.45032814,0.48170653,0.4482782,0.4118005,0.46558136,0.4496991,0.45257062,0.45070997,0.45254132,0.45027065,0.42522755,0.44681302,0.57980144,0.6148714,0.6736621,0.6078587,0.6076896,0.48563483,0.63578624,0.5171139,0.5436953,0.39447516,0.42314708,0.46862805,0.424027,0.5251626,0.40055633,0.48107854,0.42412084,0.4693374,0.44681302,0.47268978,0.46922204,0.46925956,0.4248861,0.4763874,0.47280997,0.46839544,0.4230137,0.47110844,0.4719834,0.5015906,0.5008302,0.50115764,0.50205624,0.5013784,0.6533247,0.50090295,0.51641846,0.51641846,0.8535291,0.51641846,0.33716318,0.345308,1.0,0.6585449,1.0,0.95541084,1.0,0.45076537,0.31425315,0.35071552,0.473492,0.54809004,0.68606687,0.36957675,0.6140508,0.60385704,0.5198836,0.50999844,0.54036003,0.54318374,0.54318374,0.56044316,0.54602957,0.50637084,0.4844572,0.5540136,0.5106963,0.46549284,0.535076,0.46549284,0.32152185,0.28247184,0.34214193,0.34214193,0.28950292,0.3363065,0.33690137,0.3376424,0.34214193,0.3358087,0.28950292,0.3429972,0.34214193,0.4673643,0.26238856,0.3442064,0.34214193,0.28950292,0.34214193,0.33664808,0.26694727,0.34878823,0.34214193,0.34214193,0.33781093,0.5697541,0.36398757,0.3294204,0.5142246,0.5918238,0.5334453,0.3688143,0.6325413,0.5964828,0.6974577,0.30211473
V300063714_L03_93,0.23450512,0.41665375,0.23584458,0.2353394,0.65194273,0.2369886,0.72143126,0.7222594,0.23519233,0.24126089,0.2335757,0.2317856,0.23584458,0.5404381,0.2355066,0.8565109,0.5825305,0.8259474,0.88415337,0.3743025,0.8044765,0.88304317,0.3046596,0.29428667,0.4586576,0.45105645,0.63473564,0.44155264,0.9290279,0.56168,0.75067496,0.44226307,0.631127,0.2355066,0.63246834,0.6347622,0.6360511,0.4467533,0.75856936,0.6220766,0.63500774,0.45135197,0.6261149,0.6273757,0.40803966,0.40990713,0.4084174,0.4105404,0.40769288,0.44325283,0.87450194,0.8351849,0.8351849,0.6516934,0.8351849,0.17093766,0.15180191,0.6585449,1.0,0.6585449,0.7679817,0.6585449,0.23620194,0.2964663,0.43353248,0.6090533,0.76180804,0.77550375,0.6214941,0.4844835,0.6183277,0.30369616,0.1947523,0.29689485,0.29680222,0.29680222,0.6664896,0.80010486,0.7905131,0.81955284,0.6822401,0.88990664,0.7220359,0.6870397,0.7220359,0.25983518,0.43268922,0.15108845,0.15108845,0.28393933,0.17164233,0.17285118,0.17539689,0.15108845,0.17182189,0.28393933,0.15174246,0.15108845,0.17825127,0.651292,0.14998657,0.15108845,0.28393933,0.15108845,0.17303601,0.34043974,0.14752239,0.15108845,0.15108845,0.1714625,0.4107013,0.46192223,0.47556037,0.22589603,0.24930024,0.38079596,0.671476,0.77401435,0.57987636,0.44763744,0.23310739
V350011809_L01_25,0.45014805,0.39346147,0.45027065,0.45032814,0.48170653,0.4482782,0.4118005,0.46558136,0.4496991,0.45257062,0.45070997,0.45254132,0.45027065,0.42522755,0.44681302,0.57980144,0.6148714,0.6736621,0.6078587,0.6076896,0.48563483,0.63578624,0.5171139,0.5436953,0.39447516,0.42314708,0.46862805,0.424027,0.5251626,0.40055633,0.48107854,0.42412084,0.4693374,0.44681302,0.47268978,0.46922204,0.46925956,0.4248861,0.4763874,0.47280997,0.46839544,0.4230137,0.47110844,0.4719834,0.5015906,0.5008302,0.50115764,0.50205624,0.5013784,0.6533247,0.50090295,0.51641846,0.51641846,0.8535291,0.51641846,0.33716318,0.345308,1.0,0.6585449,1.0,0.95541084,1.0,0.45076537,0.31425315,0.35071552,0.473492,0.54809004,0.68606687,0.36957675,0.6140508,0.60385704,0.5198836,0.50999844,0.54036003,0.54318374,0.54318374,0.56044316,0.54602957,0.50637084,0.4844572,0.5540136,0.5106963,0.46549284,0.535076,0.46549284,0.32152185,0.28247184,0.34214193,0.34214193,0.28950292,0.3363065,0.33690137,0.3376424,0.34214193,0.3358087,0.28950292,0.3429972,0.34214193,0.4673643,0.26238856,0.3442064,0.34214193,0.28950292,0.34214193,0.33664808,0.26694727,0.34878823,0.34214193,0.34214193,0.33781093,0.5697541,0.36398757,0.3294204,0.5142246,0.5918238,0.5334453,0.3688143,0.6325413,0.5964828,0.6974577,0.30211473
NK01018,0.3897396,0.41526362,0.3901385,0.39044026,0.5349812,0.3889615,0.5145099,0.5387378,0.38960582,0.3960424,0.39008647,0.39078408,0.3901385,0.45854807,0.3867088,0.6566433,0.589238,0.7198714,0.6841498,0.52880454,0.5807611,0.7074001,0.46344718,0.4721541,0.43621504,0.43300322,0.51454955,0.43216556,0.65136504,0.46117383,0.55690557,0.43237966,0.51383317,0.3867088,0.51721644,0.5150855,0.5155774,0.43359885,0.55533904,0.51417965,0.5144493,0.43299437,0.5128965,0.51409656,0.48736298,0.48687145,0.48706454,0.48829708,0.48689127,0.6201558,0.6041722,0.60304075,0.60304075,0.8293536,0.60304075,0.24849895,0.2504437,0.95541084,0.7679817,0.95541084,1.0,0.95541084,0.3908538,0.27685428,0.3393553,0.5119475,0.6372639,0.73289174,0.41777492,0.59478277,0.6393558,0.4552457,0.4226189,0.47046635,0.47266048,0.47266048,0.6063052,0.6123247,0.6014545,0.5932139,0.6278913,0.64304644,0.53865856,0.5974993,0.53865856,0.2984516,0.30955553,0.24789357,0.24789357,0.24412227,0.24828413,0.24868014,0.24914518,0.24789357,0.24727151,0.24412227,0.24843141,0.24789357,0.3631178,0.33274186,0.24865422,0.24789357,0.24412227,0.24789357,0.24828145,0.24711901,0.25231475,0.24789357,0.24789357,0.24897888,0.526004,0.3979869,0.37361616,0.4296339,0.5129695,0.4809202,0.464741,0.71728307,0.60925084,0.6705495,0.23293701
NK12042,0.45014805,0.39346147,0.45027065,0.45032814,0.48170653,0.4482782,0.4118005,0.46558136,0.4496991,0.45257062,0.45070997,0.45254132,0.45027065,0.42522755,0.44681302,0.57980144,0.6148714,0.6736621,0.6078587,0.6076896,0.48563483,0.63578624,0.5171139,0.5436953,0.39447516,0.42314708,0.46862805,0.424027,0.5251626,0.40055633,0.48107854,0.42412084,0.4693374,0.44681302,0.47268978,0.46922204,0.46925956,0.4248861,0.4763874,0.47280997,0.46839544,0.4230137,0.47110844,0.4719834,0.5015906,0.5008302,0.50115764,0.50205624,0.5013784,0.6533247,0.50090295,0.51641846,0.51641846,0.8535291,0.51641846,0.33716318,0.345308,1.0,0.6585449,1.0,0.95541084,1.0,0.45076537,0.31425315,0.35071552,0.473492,0.54809004,0.68606687,0.36957675,0.6140508,0.60385704,0.5198836,0.50999844,0.54036003,0.54318374,0.54318374,0.56044316,0.54602957,0.50637084,0.4844572,0.5540136,0.5106963,0.46549284,0.535076,0.46549284,0.32152185,0.28247184,0.34214193,0.34214193,0.28950292,0.3363065,0.33690137,0.3376424,0.34214193,0.3358087,0.28950292,0.3429972,0.34214193,0.4673643,0.26238856,0.3442064,0.34214193,0.28950292,0.34214193,0.33664808,0.26694727,0.34878823,0.34214193,0.34214193,0.33781093,0.5697541,0.36398757,0.3294204,0.5142246,0.5918238,0.5334453,0.3688143,0.6325413,0.5964828,0.6974577,0.30211473
V350011809_L04_30,0.99991393,0.867157,0.9999422,0.99989545,0.68526375,0.9988923,0.3689795,0.30559474,0.99997956,0.9693842,0.9999373,0.9997271,0.9999422,0.7833887,0.9992946,0.2485641,0.35768127,0.28123504,0.24882993,0.51552224,0.21697631,0.19336689,0.8006761,0.86283445,0.5422805,0.48679778,0.40563133,0.4937533,0.21332344,0.4055531,0.33190987,0.49305046,0.40901145,0.9992946,0.40860927,0.4060847,0.40494767,0.490899,0.32239956,0.41492987,0.40556577,0.4865714,0.40998974,0.40924928,0.48863164,0.48791096,0.4880886,0.487216,0.48926806,0.47135144,0.24010953,0.2618259,0.2618259,0.47962147,0.2618259,0.5802738,0.5930178,0.45076537,0.23620194,0.45076537,0.3908538,0.45076537,1.0,0.5856473,0.52476424,0.4283098,0.27584082,0.23925889,0.3149313,0.487114,0.41060677,0.8512026,0.87873447,0.86153406,0.86227435,0.86227435,0.29952508,0.2097561,0.2397939,0.22347677,0.3348087,0.21934196,0.30587876,0.29191774,0.30587876,0.62876034,0.4863959,0.595121,0.595121,0.47792393,0.5826653,0.5785212,0.5796351,0.595121,0.58032775,0.47792393,0.59444106,0.595121,0.63410634,0.25739697,0.59642446,0.595121,0.47792393,0.595121,0.57805675,0.43570504,0.60100913,0.595121,0.595121,0.5800355,0.507741,0.43983847,0.39367688,0.65568876,0.665717,0.59043664,0.51829135,0.3024393,0.41765624,0.5324292,0.57507765
V300063692_L02_32,0.5871376,0.458554,0.5874741,0.5859728,0.44385272,0.58357185,0.56347364,0.5888113,0.58668953,0.57933694,0.5865617,0.5892904,0.5874741,0.55076087,0.589131,0.42982867,0.38123938,0.41844046,0.42496163,0.36113718,0.23691899,0.32966185,0.49117583,0.5281619,0.622558,0.6413904,0.58430815,0.64525145,0.3549207,0.5021775,0.58417785,0.6452676,0.58729815,0.589131,0.58182824,0.5842922,0.58303946,0.64358115,0.5698725,0.58904564,0.5840315,0.6411001,0.59004295,0.5888595,0.6354161,0.6368937,0.63556,0.63395464,0.63484824,0.43341482,0.46614406,0.5021247,0.5021247,0.4923146,0.5021247,0.64738846,0.65776384,0.31425315,0.2964663,0.31425315,0.27685428,0.31425315,0.5856473,1.0,0.95305026,0.59825534,0.39204374,0.3143732,0.6452533,0.23285139,0.35097492,0.52556324,0.5520649,0.52811587,0.52720535,0.52720535,0.45800948,0.23374951,0.43562958,0.40446225,0.437678,0.2606785,0.58902204,0.4385158,0.58902204,0.8277657,0.7837967,0.6583687,0.6583687,0.6171814,0.6469147,0.6466818,0.6440077,0.6583687,0.6474854,0.6171814,0.6586981,0.6583687,0.48248002,0.4841764,0.65808505,0.6583687,0.6171814,0.6583687,0.64689183,0.5775339,0.65882003,0.6583687,0.6583687,0.6471629,0.28284132,0.67792964,0.6305728,0.39076075,0.36290526,0.3538381,0.4053418,0.28253588,0.20728996,0.29329672,0.70035505
V350037201_L03_57,0.5256838,0.43576708,0.5264115,0.52488196,0.5031933,0.5238716,0.60001737,0.69311434,0.52543294,0.50664467,0.5245383,0.52698606,0.5264115,0.58544,0.5295096,0.58886534,0.472986,0.5608844,0.5855868,0.3474,0.3026361,0.44849855,0.4182468,0.5177201,0.5864527,0.59500885,0.66713375,0.5956016,0.4766918,0.47040987,0.69199026,0.59568334,0.66906357,0.5295096,0.6651521,0.6673538,0.6663312,0.59626997,0.6794032,0.66874206,0.66690123,0.59477085,0.66948766,0.6682072,0.601231,0.60343254,0.6015287,0.60052145,0.6009383,0.40445304,0.56816095,0.6051512,0.6051512,0.53551316,0.6051512,0.5422385,0.54305214,0.35071552,0.43353248,0.35071552,0.3393553,0.35071552,0.52476424,0.95305026,1.0,0.67446333,0.45969215,0.4221903,0.6592082,0.21406794,0.34060162,0.5204862,0.45476854,0.51849395,0.5180929,0.5180929,0.50172365,0.31292945,0.50841606,0.4859803,0.48296952,0.35652906,0.6932295,0.48497117,0.6932295,0.7346502,0.7500045,0.54348505,0.54348505,0.5301893,0.54287755,0.54230183,0.5396533,0.54348505,0.54241836,0.5301893,0.5440769,0.54348505,0.37388617,0.5023442,0.54399025,0.54348505,0.5301893,0.54348505,0.54275066,0.51303905,0.5437398,0.54348505,0.54348505,0.54237753,0.25946593,0.639866,0.59626925,0.29099247,0.2527304,0.33602697,0.41915658,0.33171442,0.21115729,0.2200582,0.6138946
V350011900_L04_36,0.4277968,0.45192638,0.42971504,0.42775515,0.600628,0.42685375,0.68645245,0.8068576,0.4283742,0.42466938,0.42666543,0.4251256,0.42971504,0.6110847,0.430798,0.626629,0.395861,0.5784725,0.6381726,0.19893599,0.41056752,0.6219452,0.4651386,0.36620545,0.84882367,0.9141189,0.9951327,0.91017604,0.7110254,0.82029516,0.8954896,0.9101852,0.99549675,0.430798,0.98990935,0.995179,0.9950431,0.91326296,0.8937174,0.9909965,0.99511087,0.91414475,0.9963433,0.9961746,0.6084541,0.60949165,0.6087275,0.6100162,0.6080089,0.5157459,0.6594695,0.6677753,0.6677753,0.5327194,0.6677753,0.22639239,0.22868675,0.473492,0.6090533,0.473492,0.5119475,0.473492,0.4283098,0.59825534,0.67446333,1.0,0.7109418,0.5314761,0.65066844,0.20513481,0.58136886,0.37043193,0.3029533,0.36969995,0.3672271,0.3672271,0.7007582,0.3909036,0.6990428,0.67934424,0.5973054,0.5543707,0.80638146,0.67749506,0.80638146,0.64271307,0.62596685,0.22923401,0.22923401,0.22134364,0.22445413,0.22552156,0.22475564,0.22923401,0.22499955,0.22134364,0.22961512,0.22923401,0.16436315,0.41274068,0.22878036,0.22923401,0.22134364,0.22923401,0.22555062,0.3072946,0.22752485,0.22923401,0.22923401,0.22549063,0.20635486,0.6025603,0.52608556,0.16767973,0.17594704,0.2810288,0.5592579,0.45528474,0.23212045,0.33751184,0.2998271
V350037201_L03_15,0.2747242,0.42346537,0.2753095,0.27594256,0.6298448,0.27796376,0.7444127,0.86954904,0.27546722,0.27128488,0.27462244,0.2707441,0.2753095,0.57512355,0.27827862,0.67140114,0.36766598,0.5833889,0.658414,0.21690944,0.6781985,0.7794216,0.29696137,0.22860843,0.61619925,0.64559984,0.7320498,0.64062953,0.80799127,0.67721266,0.7744757,0.640492,0.728045,0.27827862,0.73026955,0.7316853,0.7323537,0.6426687,0.78413564,0.7248659,0.7323207,0.6458348,0.7243391,0.725529,0.5959041,0.5963983,0.59595513,0.59841496,0.5954313,0.641597,0.7163274,0.6811587,0.6811587,0.44820294,0.6811587,0.16699445,0.16241422,0.54809004,0.76180804,0.54809004,0.6372639,0.54809004,0.27584082,0.39204374,0.45969215,0.7109418,1.0,0.72845036,0.73320067,0.32746857,0.7802169,0.23961729,0.19555125,0.2314676,0.2301214,0.2301214,0.9370965,0.6393171,0.9323486,0.9211223,0.8467357,0.8216008,0.86970663,0.93514466,0.86970663,0.4674799,0.59183335,0.16163239,0.16163239,0.2531788,0.1650976,0.16736159,0.16594288,0.16163239,0.1662645,0.2531788,0.16117716,0.16163239,0.14830422,0.5795845,0.1590761,0.16163239,0.2531788,0.16163239,0.16718426,0.28122926,0.158431,0.16163239,0.16163239,0.16623747,0.27331826,0.7170632,0.6540084,0.17153361,0.22032413,0.22965127,0.6096688,0.7458072,0.405426,0.561981,0.19164121
V350011903_L01_32,0.23830616,0.34489834,0.23837963,0.23873052,0.5072624,0.24115995,0.5376481,0.65268195,0.2384615,0.24434856,0.23794946,0.23640707,0.23837963,0.42917088,0.23892072,0.80649674,0.71233904,0.7580614,0.77435976,0.5552049,0.713278,0.844093,0.34983945,0.36655986,0.3627804,0.3954153,0.5468169,0.39178786,0.7177482,0.46276787,0.6034088,0.39227873,0.5441611,0.23892072,0.54480374,0.54663026,0.54731005,0.39439732,0.6126537,0.5375878,0.54699135,0.39571708,0.5438705,0.54442537,0.5348948,0.5341643,0.53522044,0.5375039,0.5369715,0.6234304,0.715827,0.69449633,0.69449633,0.5710454,0.69449633,0.24309626,0.24299744,0.68606687,0.77550375,0.68606687,0.73289174,0.68606687,0.23925889,0.3143732,0.4221903,0.5314761,0.72845036,1.0,0.5969268,0.56115144,0.6490532,0.3779656,0.28123248,0.3667286,0.36791682,0.36791682,0.70348465,0.76807904,0.72193545,0.74876773,0.64811563,0.7760396,0.6521736,0.7063305,0.6521736,0.27003235,0.36631304,0.24203348,0.24203348,0.3050282,0.24267828,0.24434721,0.24413857,0.24203348,0.24356183,0.3050282,0.24292982,0.24203348,0.30245954,0.55231357,0.24404538,0.24203348,0.3050282,0.24203348,0.24482909,0.32033342,0.2421132,0.24203348,0.24203348,0.24382034,0.5328575,0.44477046,0.45039815,0.33800375,0.37759024,0.4568499,0.4582612,0.74947023,0.6075801,0.6159166,0.24739954
V350011904_L04_66,0.31471485,0.40533963,0.31522596,0.3151555,0.5464211,0.31764805,0.74611413,0.75494695,0.31522208,0.30982512,0.31426245,0.31181425,0.31522596,0.5180257,0.3164851,0.63158524,0.33974832,0.5519833,0.63139474,0.23227417,0.5830535,0.68718743,0.27958804,0.2331866,0.5882796,0.6450511,0.663434,0.6396033,0.6852386,0.6230539,0.7258296,0.63976693,0.66092706,0.3164851,0.6616632,0.6630876,0.6634794,0.6416142,0.7223705,0.6528301,0.6636449,0.6452191,0.66154325,0.6622155,0.60095376,0.6014733,0.601211,0.60192376,0.6002939,0.49668822,0.7373465,0.73225605,0.73225605,0.4369549,0.73225605,0.38505626,0.38288733,0.36957675,0.6214941,0.36957675,0.41777492,0.36957675,0.3149313,0.6452533,0.6592082,0.65066844,0.73320067,0.5969268,1.0,0.241748,0.61805505,0.24882296,0.2440503,0.23533401,0.2350145,0.2350145,0.7371585,0.57412696,0.7815517,0.79169273,0.644493,0.65035325,0.7546419,0.73222655,0.7546419,0.59608513,0.75775754,0.382576,0.382576,0.47066876,0.3818387,0.38516778,0.38557306,0.382576,0.38508993,0.47066876,0.38329634,0.382576,0.24483246,0.6959103,0.38020352,0.382576,0.47066876,0.382576,0.38534132,0.47590676,0.37596023,0.382576,0.382576,0.38383642,0.21289149,0.7256887,0.6784903,0.19261327,0.21520483,0.21179816,0.5742109,0.58217585,0.29759932,0.4345875,0.44630593
V350011809_L03_57,0.4871238,0.518543,0.4854827,0.48775056,0.33268702,0.4860339,0.28197592,0.20014843,0.48645648,0.51122844,0.48849988,0.48964185,0.4854827,0.3061846,0.48423326,0.45724908,0.76699865,0.49078885,0.45555377,0.8603853,0.6284577,0.451056,0.56302947,0.5910011,0.29293078,0.22236386,0.20374942,0.22528392,0.40654427,0.34423727,0.24672073,0.22584787,0.20350447,0.48423326,0.20291004,0.20421273,0.20470521,0.22280923,0.2505366,0.2112265,0.2038543,0.22234043,0.20128462,0.20162141,0.30673727,0.30414507,0.30630288,0.30638483,0.30753845,0.44140536,0.3876422,0.37169418,0.37169418,0.5461036,0.37169418,0.5966348,0.6010152,0.6140508,0.4844835,0.6140508,0.59478277,0.6140508,0.487114,0.23285139,0.21406794,0.20513481,0.32746857,0.56115144,0.241748,1.0,0.4286561,0.5930246,0.6117562,0.5901203,0.591125,0.591125,0.27469593,0.6497117,0.31423002,0.33554393,0.40326065,0.5468314,0.20025966,0.2918818,0.20025966,0.22463825,0.2051265,0.60142696,0.60142696,0.59135973,0.5996975,0.59756845,0.59875125,0.60142696,0.59757817,0.59135973,0.6002756,0.60142696,0.7722048,0.5127711,0.60088116,0.60142696,0.59135973,0.60142696,0.59796935,0.5767734,0.6059222,0.60142696,0.60142696,0.5979193,0.9319503,0.23224208,0.3357315,0.8357886,0.8278398,0.8669349,0.52629495,0.5682912,0.9732889,0.6493931,0.5435247
V300073501_L01_80,0.41025823,0.4841968,0.41069406,0.41065297,0.5874103,0.41311383,0.59433645,0.6231183,0.41034967,0.4082215,0.41014406,0.40685418,0.41069406,0.530318,0.40966716,0.4982844,0.3531282,0.4689393,0.49718964,0.33447385,0.59850574,0.65537703,0.46724373,0.35407296,0.564636,0.6134917,0.58901435,0.61306703,0.6284974,0.6315075,0.54177177,0.6122997,0.5880987,0.40966716,0.60000736,0.58822715,0.5886076,0.6138669,0.5474642,0.59073836,0.5892919,0.6136366,0.58936495,0.5904585,0.6324797,0.63203514,0.63243353,0.6353589,0.6335252,0.7402723,0.5538908,0.52977026,0.52977026,0.42271477,0.52977026,0.29407322,0.28976804,0.60385704,0.6183277,0.60385704,0.6393558,0.60385704,0.41060677,0.35097492,0.34060162,0.58136886,0.7802169,0.6490532,0.61805505,0.4286561,1.0,0.3510499,0.38095134,0.35414824,0.3532576,0.3532576,0.77971125,0.57846045,0.7236846,0.7240325,0.672,0.6597113,0.62286395,0.7739246,0.62286395,0.5189614,0.48074663,0.29103506,0.29103506,0.3078978,0.29282153,0.29372555,0.29439947,0.29103506,0.29281747,0.3078978,0.2911921,0.29103506,0.33712077,0.49742916,0.2900027,0.29103506,0.3078978,0.29103506,0.29310632,0.34046736,0.28919473,0.29103506,0.29103506,0.2932344,0.38475353,0.6286008,0.54458725,0.35914814,0.43436134,0.34354913,0.53496164,0.67005503,0.44647026,0.7197562,0.26910084
NK04082,0.8512954,0.7420657,0.8512588,0.8509544,0.56237113,0.8499475,0.29686558,0.27424443,0.85074615,0.8344748,0.8504548,0.85265577,0.8512588,0.63203835,0.8517171,0.37079117,0.5530938,0.40647125,0.358145,0.6692345,0.2890678,0.27739704,0.8186655,0.9785781,0.40138188,0.3523429,0.35095352,0.35680318,0.2424944,0.31781256,0.28729063,0.35578567,0.3534242,0.8517171,0.3506266,0.3509521,0.35038745,0.3551215,0.28133273,0.36153418,0.35069573,0.35210353,0.35390556,0.35318506,0.47520068,0.47441775,0.47514102,0.47410506,0.47690713,0.49131125,0.2636788,0.29061824,0.29061824,0.5193307,0.29061824,0.5871224,0.5904526,0.5198836,0.30369616,0.5198836,0.4552457,0.5198836,0.8512026,0.52556324,0.5204862,0.37043193,0.23961729,0.3779656,0.24882296,0.5930246,0.3510499,1.0,0.93178916,0.97716635,0.9789204,0.9789204,0.26283482,0.32158148,0.22033283,0.2044928,0.30127347,0.26602417,0.2742826,0.2587456,0.2742826,0.51504946,0.382241,0.5903115,0.5903115,0.5004306,0.5902816,0.5859687,0.5871358,0.5903115,0.58802205,0.5004306,0.59005815,0.5903115,0.66739315,0.28060278,0.5957498,0.5903115,0.5004306,0.5903115,0.5858641,0.44929656,0.59706503,0.5903115,0.5903115,0.58761984,0.63346964,0.35372686,0.34558985,0.6966103,0.6843991,0.7062698,0.42035905,0.33482027,0.52223164,0.51256526,0.57915074
V300073501_L01_85,0.87929296,0.7167736,0.87870276,0.8780925,0.5086537,0.8762131,0.26235074,0.18462181,0.8784752,0.87009084,0.87921655,0.8816341,0.87870276,0.5862086,0.8775294,0.21121204,0.44723687,0.26714545,0.20146185,0.6775583,0.25797927,0.17778715,0.86557007,0.955479,0.4322799,0.41083682,0.27808997,0.41834846,0.14627469,0.3624332,0.19453397,0.41753086,0.28086892,0.8775294,0.2779965,0.27801788,0.27688485,0.41455173,0.186733,0.28570855,0.27777892,0.41056696,0.28469098,0.28387862,0.5135124,0.5123437,0.51329654,0.51136744,0.51429737,0.53790975,0.17818925,0.19622418,0.19622418,0.48689988,0.19622418,0.68340623,0.69661516,0.50999844,0.1947523,0.50999844,0.4226189,0.50999844,0.87873447,0.5520649,0.45476854,0.3029533,0.19555125,0.28123248,0.2440503,0.6117562,0.38095134,0.93178916,1.0,0.95403,0.9541976,0.9541976,0.24570233,0.28240794,0.17312106,0.14631277,0.26582327,0.18951511,0.18467143,0.23703644,0.18467143,0.5956858,0.40438408,0.69707906,0.69707906,0.5768413,0.68541014,0.6818515,0.6810832,0.69707906,0.68324727,0.5768413,0.6969137,0.69707906,0.7666555,0.2714988,0.70132226,0.69707906,0.5768413,0.69707906,0.6814587,0.5101193,0.7032156,0.69707906,0.69707906,0.6835888,0.6426629,0.3886426,0.36323488,0.7870164,0.785722,0.705559,0.40076345,0.3086347,0.5229442,0.5986179,0.6650771
V300073501_L01_52,0.8615395,0.7172001,0.86136913,0.86060727,0.5752904,0.8601413,0.27299523,0.26447988,0.8608476,0.83973724,0.8608217,0.8632947,0.86136913,0.6390061,0.86181474,0.34614465,0.5358192,0.3905866,0.33733833,0.6762675,0.28873825,0.26106334,0.833313,0.9989919,0.392484,0.35825673,0.34769782,0.36353743,0.23244885,0.3123691,0.27883413,0.36265785,0.34954274,0.86181474,0.3486262,0.3478468,0.34685734,0.36150178,0.27161425,0.35273084,0.3474293,0.3579919,0.35246694,0.35140288,0.4853892,0.48492765,0.48534438,0.48375812,0.48666778,0.51053524,0.24743062,0.26972026,0.26972026,0.52705175,0.26972026,0.5962391,0.6010591,0.54036003,0.29689485,0.54036003,0.47046635,0.54036003,0.86153406,0.52811587,0.51849395,0.36969995,0.2314676,0.3667286,0.23533401,0.5901203,0.35414824,0.97716635,0.95403,1.0,0.9991187,0.9991187,0.26254764,0.3325448,0.21226731,0.1906392,0.28295895,0.248425,0.2644871,0.2555945,0.2644871,0.52354884,0.36461824,0.6014171,0.6014171,0.4962454,0.59920204,0.59529537,0.5947225,0.6014171,0.5960903,0.4962454,0.60147655,0.6014171,0.6787306,0.26594594,0.60683334,0.6014171,0.4962454,0.6014171,0.5950815,0.4418403,0.6076694,0.6014171,0.6014171,0.5967674,0.62490016,0.34283775,0.31352532,0.70694035,0.6928719,0.70455897,0.39906827,0.3299018,0.5135139,0.52331203,0.59987366
V350011900_L04_67,0.86228645,0.7171252,0.8621119,0.8614402,0.5738208,0.86094314,0.27314064,0.26602563,0.86160785,0.8403833,0.8615706,0.8640616,0.8621119,0.63837504,0.86248076,0.34778357,0.53606343,0.39128825,0.33747417,0.6789063,0.28460288,0.26068848,0.83147085,0.9997732,0.3888455,0.35513067,0.3456439,0.36023933,0.22962323,0.30720633,0.27589196,0.35935098,0.34765208,0.86248076,0.34678096,0.34580195,0.3447823,0.35823432,0.26897496,0.35128707,0.34536615,0.35487995,0.35048422,0.34941578,0.48802757,0.48751897,0.48798874,0.48645148,0.48942217,0.5121436,0.2461111,0.26948452,0.26948452,0.5304766,0.26948452,0.59633225,0.6009127,0.54318374,0.29680222,0.54318374,0.47266048,0.54318374,0.86227435,0.52720535,0.5180929,0.3672271,0.2301214,0.36791682,0.2350145,0.591125,0.3532576,0.9789204,0.9541976,0.9991187,1.0,0.9999999,0.2636261,0.32808632,0.21410054,0.19040614,0.2837842,0.24625286,0.266051,0.25620553,0.266051,0.5243738,0.36776745,0.6010448,0.6010448,0.49368203,0.59929854,0.5953758,0.594829,0.6010448,0.59628844,0.49368203,0.6011552,0.6010448,0.6795663,0.2603089,0.6067175,0.6010448,0.49368203,0.6010448,0.59516597,0.4402838,0.6075414,0.6010448,0.6010448,0.59692436,0.6254555,0.34278873,0.3152119,0.70849216,0.69686884,0.7041559,0.39698786,0.32774645,0.51392347,0.52678376,0.5965034
NK06054,0.86228645,0.7171252,0.8621119,0.8614402,0.5738208,0.86094314,0.27314064,0.26602563,0.86160785,0.8403833,0.8615706,0.8640616,0.8621119,0.63837504,0.86248076,0.34778357,0.53606343,0.39128825,0.33747417,0.6789063,0.28460288,0.26068848,0.83147085,0.9997732,0.3888455,0.35513067,0.3456439,0.36023933,0.22962323,0.30720633,0.27589196,0.35935098,0.34765208,0.86248076,0.34678096,0.34580195,0.3447823,0.35823432,0.26897496,0.35128707,0.34536615,0.35487995,0.35048422,0.34941578,0.48802757,0.48751897,0.48798874,0.48645148,0.48942217,0.5121436,0.2461111,0.26948452,0.26948452,0.5304766,0.26948452,0.59633225,0.6009127,0.54318374,0.29680222,0.54318374,0.47266048,0.54318374,0.86227435,0.52720535,0.5180929,0.3672271,0.2301214,0.36791682,0.2350145,0.591125,0.3532576,0.9789204,0.9541976,0.9991187,0.9999999,1.0,0.2636261,0.32808632,0.21410054,0.19040614,0.2837842,0.24625286,0.266051,0.25620553,0.266051,0.5243738,0.36776745,0.6010448,0.6010448,0.49368203,0.59929854,0.5953758,0.594829,0.6010448,0.59628844,0.49368203,0.6011552,0.6010448,0.6795663,0.2603089,0.6067175,0.6010448,0.49368203,0.6010448,0.59516597,0.4402838,0.6075414,0.6010448,0.6010448,0.59692436,0.6254555,0.34278873,0.3152119,0.70849216,0.69686884,0.7041559,0.39698786,0.32774645,0.51392347,0.52678376,0.5965034
NK04142,0.29885095,0.36266148,0.29948744,0.29966083,0.59478724,0.30232793,0.69340694,0.8902816,0.29961306,0.2864277,0.29864132,0.2956581,0.29948744,0.55293024,0.30208385,0.59895515,0.3482092,0.5344945,0.57613516,0.25656635,0.6009078,0.73178464,0.3026828,0.26403487,0.5764416,0.66535974,0.7146211,0.66048056,0.7030827,0.6385262,0.71378636,0.66005933,0.71158963,0.30208385,0.7145395,0.7140138,0.71415246,0.66252434,0.7248455,0.7089365,0.7147331,0.6656072,0.7138716,0.71421236,0.66228044,0.66349757,0.6625423,0.66435486,0.66123474,0.74222326,0.622627,0.5989714,0.5989714,0.39766008,0.5989714,0.23463497,0.2334964,0.56044316,0.6664896,0.56044316,0.6063052,0.56044316,0.29952508,0.45800948,0.50172365,0.7007582,0.9370965,0.70348465,0.7371585,0.27469593,0.77971125,0.26283482,0.24570233,0.26254764,0.2636261,0.2636261,1.0,0.5881002,0.9126369,0.88866985,0.809332,0.7135644,0.89019907,0.98201,0.89019907,0.5329851,0.6282916,0.23194638,0.23194638,0.26500916,0.23048744,0.2351962,0.23311195,0.23194638,0.23366994,0.26500916,0.23258126,0.23194638,0.21159202,0.49480334,0.23260549,0.23194638,0.26500916,0.23194638,0.23473048,0.27512956,0.22881678,0.23194638,0.23194638,0.23414987,0.24704465,0.7720884,0.66091543,0.21611235,0.25815272,0.2061792,0.46574545,0.66149205,0.32350275,0.6010822,0.2464416
V350011809_L04_114,0.20846537,0.37309617,0.20835733,0.20800892,0.5374479,0.2113586,0.54469997,0.52110916,0.2088593,0.20600992,0.20835471,0.20706901,0.20835733,0.4118212,0.20912433,0.7129041,0.65507495,0.68835056,0.70976114,0.5880068,0.9339664,0.8020116,0.3213651,0.32739174,0.3026556,0.3065308,0.41211337,0.2990345,0.7674407,0.47445208,0.5304025,0.30004936,0.40752566,0.20912433,0.4072647,0.4114449,0.41306043,0.3025504,0.53817827,0.39385116,0.41241765,0.3068849,0.40729138,0.40821478,0.36991954,0.37120435,0.37025914,0.37081587,0.3688727,0.49819675,0.7057283,0.659201,0.659201,0.44086292,0.659201,0.4009193,0.38918903,0.54602957,0.80010486,0.54602957,0.6123247,0.54602957,0.2097561,0.23374951,0.31292945,0.3909036,0.6393171,0.76807904,0.57412696,0.6497117,0.57846045,0.32158148,0.28240794,0.3325448,0.32808632,0.32808632,0.5881002,1.0,0.6552486,0.71377856,0.5578643,0.8334519,0.5207216,0.6194635,0.5207216,0.19732037,0.35003644,0.38977468,0.38977468,0.51900935,0.4003329,0.40368074,0.40538675,0.38977468,0.4016525,0.51900935,0.39054233,0.38977468,0.43930802,0.759142,0.38770825,0.38977468,0.51900935,0.38977468,0.4040063,0.52018684,0.3820249,0.38977468,0.38977468,0.40155223,0.5938835,0.4316375,0.44714063,0.46088883,0.4350433,0.5262464,0.5682112,0.7690131,0.71466184,0.54292494,0.43371105
NK01111,0.23825294,0.37101555,0.23943833,0.23999354,0.6201743,0.24186727,0.7895489,0.91196895,0.23946235,0.24214488,0.23793006,0.23459902,0.23943833,0.55368316,0.2413623,0.7361692,0.39408737,0.63165414,0.7160295,0.22888997,0.6885158,0.80365,0.26331553,0.21208805,0.5553638,0.6288386,0.7235929,0.6218219,0.8428165,0.6642462,0.7738781,0.6217565,0.71920526,0.2413623,0.720774,0.7229779,0.72372204,0.62366366,0.7869257,0.7166925,0.72385913,0.6292201,0.71647215,0.7169465,0.59580475,0.5966319,0.59617364,0.59852356,0.59524935,0.5662331,0.7931208,0.7630976,0.7630976,0.4931234,0.7630976,0.1702927,0.16318017,0.50637084,0.7905131,0.50637084,0.6014545,0.50637084,0.2397939,0.43562958,0.50841606,0.6990428,0.9323486,0.72193545,0.7815517,0.31423002,0.7236846,0.22033283,0.17312106,0.21226731,0.21410054,0.21410054,0.9126369,0.6552486,1.0,0.95451796,0.81742716,0.8389312,0.912086,0.9066872,0.912086,0.48414016,0.6550132,0.16080502,0.16080502,0.25588247,0.16750222,0.1712611,0.1717743,0.16080502,0.1708599,0.25588247,0.16067642,0.16080502,0.12153521,0.6172915,0.1602096,0.16080502,0.25588247,0.16080502,0.17099723,0.30274445,0.15596372,0.16080502,0.16080502,0.1700727,0.26503813,0.69296324,0.6700658,0.1424273,0.1986179,0.21391475,0.61911094,0.6966528,0.40048712,0.5148172,0.21561563
V350011903_L01_128,0.22233602,0.3894004,0.22335893,0.22353843,0.6322662,0.22620437,0.79926896,0.890517,0.22340041,0.21735668,0.22192705,0.21777251,0.22335893,0.5504055,0.22608778,0.754538,0.4171337,0.6451113,0.7369448,0.24091828,0.7651903,0.8394849,0.2343503,0.18889666,0.5501,0.59861547,0.7067745,0.59116006,0.86807156,0.6726309,0.77834105,0.5913012,0.7015863,0.22608778,0.70441866,0.70599765,0.7070991,0.59424305,0.79147667,0.6952325,0.707086,0.5990071,0.69847083,0.6990789,0.5654963,0.5666263,0.5658011,0.5681265,0.5646536,0.5488369,0.81571376,0.7801088,0.7801088,0.4624235,0.7801088,0.17143294,0.15724927,0.4844572,0.81955284,0.4844572,0.5932139,0.4844572,0.22347677,0.40446225,0.4859803,0.67934424,0.9211223,0.74876773,0.79169273,0.33554393,0.7240325,0.2044928,0.14631277,0.1906392,0.19040614,0.19040614,0.88866985,0.71377856,0.95451796,1.0,0.82097316,0.8847657,0.89040554,0.89544237,0.89040554,0.43942976,0.6313485,0.15731388,0.15731388,0.27776283,0.16904154,0.17258069,0.17438373,0.15731388,0.17251316,0.27776283,0.15722188,0.15731388,0.11840671,0.6628635,0.15599826,0.15731388,0.27776283,0.15731388,0.1726762,0.32946545,0.15169194,0.15731388,0.15731388,0.17097652,0.27798265,0.6952624,0.6795032,0.14252567,0.18780306,0.21591023,0.659891,0.73339117,0.43123627,0.513804,0.22043815
V350011903_L02_117,0.33463967,0.42466038,0.33483642,0.3361409,0.5626175,0.33628055,0.691594,0.7841724,0.33507186,0.35694996,0.33527157,0.33328807,0.33483642,0.5341663,0.33785012,0.62480986,0.40773118,0.58199936,0.6185844,0.305982,0.6724982,0.66651845,0.27632433,0.28359732,0.55741316,0.54818404,0.6125696,0.54699326,0.6907692,0.58864945,0.6800225,0.5472547,0.6099411,0.33785012,0.61184466,0.6126394,0.6132624,0.54723364,0.68661517,0.6189973,0.61253387,0.5482345,0.60339546,0.6045958,0.54776835,0.5481651,0.5475789,0.54899377,0.546185,0.5480459,0.64522314,0.6308999,0.6308999,0.52984875,0.6308999,0.25604874,0.24946102,0.5540136,0.6822401,0.5540136,0.6278913,0.5540136,0.3348087,0.437678,0.48296952,0.5973054,0.8467357,0.64811563,0.644493,0.40326065,0.672,0.30127347,0.26582327,0.28295895,0.2837842,0.2837842,0.809332,0.5578643,0.81742716,0.82097316,1.0,0.728719,0.7846632,0.80226624,0.7846632,0.47077847,0.6024636,0.25035328,0.25035328,0.31330436,0.25674614,0.25625008,0.2553525,0.25035328,0.25592086,0.31330436,0.24976441,0.25035328,0.24511793,0.5308086,0.24893144,0.25035328,0.31330436,0.25035328,0.2559846,0.32899487,0.25350764,0.25035328,0.25035328,0.25557616,0.37658113,0.6643006,0.7459248,0.2760732,0.3374712,0.27794904,0.6425323,0.79023176,0.46486616,0.56658614,0.22233659
V350037201_L02_88,0.21754155,0.45829043,0.21830776,0.2189967,0.6148193,0.22128752,0.71887517,0.7130783,0.21858525,0.24715999,0.21730095,0.21327361,0.21830776,0.5057117,0.22006947,0.7878153,0.56457835,0.68897414,0.78109264,0.37475497,0.88195664,0.84056056,0.29849052,0.24355504,0.47381815,0.4545693,0.5835451,0.44606534,0.9130242,0.62551403,0.6887594,0.4464983,0.5780821,0.22006947,0.58191794,0.5831458,0.5846993,0.45002896,0.7014527,0.5705616,0.5840863,0.4549559,0.5723866,0.57336545,0.43111852,0.43134984,0.43144736,0.43394917,0.4319045,0.47838375,0.81579137,0.761141,0.761141,0.47086316,0.761141,0.20063964,0.18303666,0.5106963,0.88990664,0.5106963,0.64304644,0.5106963,0.21934196,0.2606785,0.35652906,0.5543707,0.8216008,0.7760396,0.65035325,0.5468314,0.6597113,0.26602417,0.18951511,0.248425,0.24625286,0.24625286,0.7135644,0.8334519,0.8389312,0.8847657,0.728719,1.0,0.71290636,0.74592936,0.71290636,0.26929724,0.44889638,0.18310967,0.18310967,0.33870944,0.20158306,0.20239761,0.20425516,0.18310967,0.20164233,0.33870944,0.18252346,0.18310967,0.21461475,0.72676086,0.18057638,0.18310967,0.33870944,0.18310967,0.20224479,0.404378,0.17758861,0.18310967,0.18310967,0.20059764,0.47684538,0.53090787,0.55835783,0.26897246,0.27791268,0.43115,0.7357524,0.82673615,0.65037775,0.5080184,0.2581296
NK06177,0.30511808,0.3602255,0.30650115,0.30607122,0.6232277,0.3069023,0.7869527,0.9999834,0.30611426,0.2907672,0.30432412,0.30211747,0.30650115,0.607492,0.30897397,0.7457592,0.41166487,0.6499663,0.7249601,0.20947617,0.5524379,0.72930586,0.2606694,0.2648157,0.619121,0.68400455,0.82150894,0.678498,0.78335816,0.64128435,0.8456614,0.6784698,0.81881,0.30897397,0.8179359,0.8210644,0.8212599,0.68156934,0.85317254,0.8155029,0.82155097,0.684241,0.8169477,0.81661975,0.6322477,0.63426006,0.63266945,0.6341695,0.6304381,0.5460759,0.75333714,0.74283206,0.74283206,0.50361353,0.74283206,0.21212444,0.20628476,0.46549284,0.7220359,0.46549284,0.53865856,0.46549284,0.30587876,0.58902204,0.6932295,0.80638146,0.86970663,0.6521736,0.7546419,0.20025966,0.62286395,0.2742826,0.18467143,0.2644871,0.266051,0.266051,0.89019907,0.5207216,0.912086,0.89040554,0.7846632,0.71290636,1.0,0.8724495,0.9999997,0.5677275,0.7114806,0.20539415,0.20539415,0.2617661,0.20947742,0.21276578,0.2115801,0.20539415,0.21217316,0.2617661,0.20567384,0.20539415,0.10806635,0.53219694,0.20571026,0.20539415,0.2617661,0.20539415,0.2128481,0.30330193,0.20258415,0.20539415,0.20539415,0.21192253,0.18903357,0.71581095,0.66523373,0.09371328,0.115731984,0.18556389,0.537466,0.5667567,0.265539,0.3778153,0.26850975
NK06053,0.29099774,0.40638757,0.2917705,0.29195398,0.600618,0.29510534,0.7273509,0.87248254,0.29193518,0.27765417,0.29076922,0.28778172,0.2917705,0.5534491,0.29424506,0.60638386,0.35792115,0.5434462,0.58534974,0.2615126,0.63917047,0.74281347,0.30119133,0.25660354,0.6029118,0.64004475,0.6947545,0.6351013,0.722523,0.6357397,0.7036065,0.63461107,0.6914264,0.29424506,0.69404066,0.6940731,0.69439983,0.6371988,0.7155186,0.68955666,0.6949742,0.6402949,0.69223744,0.69276273,0.62841564,0.62981194,0.6287868,0.63086027,0.62852633,0.71600693,0.63618517,0.60594463,0.60594463,0.37390915,0.60594463,0.23682845,0.23193765,0.535076,0.6870397,0.535076,0.5974993,0.535076,0.29191774,0.4385158,0.48497117,0.67749506,0.93514466,0.7063305,0.73222655,0.2918818,0.7739246,0.2587456,0.23703644,0.2555945,0.25620553,0.25620553,0.98201,0.6194635,0.9066872,0.89544237,0.80226624,0.74592936,0.8724495,1.0,0.8724495,0.51289463,0.6190828,0.23121321,0.23121321,0.28277624,0.23368356,0.2375187,0.23534083,0.23121321,0.2361584,0.28277624,0.23164672,0.23121321,0.21549222,0.5314399,0.23126262,0.23121321,0.28277624,0.23121321,0.23718828,0.29457694,0.22694772,0.23121321,0.23121321,0.23629531,0.2624845,0.771163,0.6660057,0.23078993,0.25828403,0.21494693,0.49744463,0.68446386,0.3498624,0.58511996,0.24418825
NK08181,0.30511808,0.3602255,0.30650115,0.30607122,0.6232277,0.3069023,0.7869527,0.9999834,0.30611426,0.2907672,0.30432412,0.30211747,0.30650115,0.607492,0.30897397,0.7457592,0.41166487,0.6499663,0.7249601,0.20947617,0.5524379,0.72930586,0.2606694,0.2648157,0.619121,0.68400455,0.82150894,0.678498,0.78335816,0.64128435,0.8456614,0.6784698,0.81881,0.30897397,0.8179359,0.8210644,0.8212599,0.68156934,0.85317254,0.8155029,0.82155097,0.684241,0.8169477,0.81661975,0.6322477,0.63426006,0.63266945,0.6341695,0.6304381,0.5460759,0.75333714,0.74283206,0.74283206,0.50361353,0.74283206,0.21212444,0.20628476,0.46549284,0.7220359,0.46549284,0.53865856,0.46549284,0.30587876,0.58902204,0.6932295,0.80638146,0.86970663,0.6521736,0.7546419,0.20025966,0.62286395,0.2742826,0.18467143,0.2644871,0.266051,0.266051,0.89019907,0.5207216,0.912086,0.89040554,0.7846632,0.71290636,0.9999997,0.8724495,1.0,0.5677275,0.7114806,0.20539415,0.20539415,0.2617661,0.20947742,0.21276578,0.2115801,0.20539415,0.21217316,0.2617661,0.20567384,0.20539415,0.10806635,0.53219694,0.20571026,0.20539415,0.2617661,0.20539415,0.2128481,0.30330193,0.20258415,0.20539415,0.20539415,0.21192253,0.18903357,0.71581095,0.66523373,0.09371328,0.115731984,0.18556389,0.537466,0.5667567,0.265539,0.3778153,0.26850975
NK10104,0.6298094,0.5169171,0.6306434,0.6295749,0.48642114,0.6284088,0.5407817,0.5674563,0.6297055,0.6331847,0.62930524,0.6304057,0.6306434,0.57869554,0.6300749,0.30381036,0.22809717,0.2862923,0.29434526,0.29542983,0.22858247,0.27315864,0.6251217,0.52562946,0.6977805,0.75853944,0.6297327,0.7627578,0.35004246,0.6185038,0.5170109,0.76202893,0.6322652,0.6300749,0.63021874,0.62936085,0.62805086,0.7599932,0.5102342,0.63842255,0.62943304,0.75841856,0.6368993,0.63528425,0.73351705,0.7345426,0.73370206,0.73311514,0.7344806,0.5643184,0.38640344,0.41643938,0.41643938,0.4208951,0.41643938,0.5924922,0.5978893,0.32152185,0.25983518,0.32152185,0.2984516,0.32152185,0.62876034,0.8277657,0.7346502,0.64271307,0.4674799,0.27003235,0.59608513,0.22463825,0.5189614,0.51504946,0.5956858,0.52354884,0.5243738,0.5243738,0.5329851,0.19732037,0.48414016,0.43942976,0.47077847,0.26929724,0.5677275,0.51289463,0.5677275,1.0,0.79094857,0.5991882,0.5991882,0.530338,0.59078693,0.5922173,0.5894108,0.5991882,0.59283173,0.530338,0.59937567,0.5991882,0.47406244,0.40368432,0.6003336,0.5991882,0.530338,0.5991882,0.5913633,0.5159298,0.5991147,0.5991882,0.5991882,0.5925628,0.25419134,0.7623981,0.7007493,0.42128468,0.4374067,0.32191032,0.44535795,0.28644824,0.19225323,0.44052696,0.60671717
V300093475_L03_86,0.48682255,0.4803992,0.48733914,0.48748547,0.5141721,0.48841265,0.7305188,0.7111764,0.4874589,0.48246342,0.4866041,0.48659107,0.48733914,0.56473243,0.48929226,0.4851474,0.23929572,0.42546344,0.4762029,0.22601002,0.40372545,0.44411042,0.36275697,0.3673191,0.6459592,0.67250985,0.6310749,0.67255634,0.50876075,0.6044845,0.6567998,0.6722628,0.63097095,0.48929226,0.6262033,0.63061345,0.62982786,0.67091733,0.6569932,0.63760674,0.63104916,0.67257005,0.62761664,0.62776476,0.64925826,0.64985615,0.64934254,0.6484006,0.6478976,0.45396584,0.5926742,0.6283213,0.6283213,0.4362608,0.6283213,0.50842386,0.50407577,0.28247184,0.43268922,0.28247184,0.30955553,0.28247184,0.4863959,0.7837967,0.7500045,0.62596685,0.59183335,0.36631304,0.75775754,0.2051265,0.48074663,0.382241,0.40438408,0.36461824,0.36776745,0.36776745,0.6282916,0.35003644,0.6550132,0.6313485,0.6024636,0.44889638,0.7114806,0.6190828,0.7114806,0.79094857,1.0,0.50527143,0.50527143,0.52381176,0.50706536,0.5085415,0.50713104,0.50527143,0.5095565,0.52381176,0.5047435,0.50527143,0.34145898,0.56384236,0.50294805,0.50527143,0.52381176,0.50527143,0.5084934,0.5180286,0.5015404,0.50527143,0.50527143,0.5083078,0.20703816,0.8231287,0.81084174,0.2845574,0.30113184,0.20561251,0.5377724,0.40463355,0.22428381,0.38603744,0.530692
19101412,0.59704757,0.457604,0.5950045,0.5957198,0.26444906,0.5942659,0.2661572,0.20509958,0.5960333,0.59485435,0.5978809,0.60130686,0.5950045,0.32755613,0.5947783,0.2167452,0.51823807,0.27288568,0.2155514,0.7166895,0.3538283,0.19130236,0.5612211,0.603601,0.37378585,0.35731524,0.21264413,0.3627491,0.15697548,0.31187314,0.20179081,0.36260784,0.21507803,0.5947783,0.21400735,0.21290278,0.21224344,0.3598544,0.1955953,0.21721196,0.21244481,0.3570683,0.21964595,0.21870852,0.43209684,0.4317096,0.43195757,0.42938584,0.43192774,0.43296456,0.20292825,0.2248103,0.2248103,0.36934042,0.2248103,0.98977834,0.99922836,0.34214193,0.15108845,0.34214193,0.24789357,0.34214193,0.595121,0.6583687,0.54348505,0.22923401,0.16163239,0.24203348,0.382576,0.60142696,0.29103506,0.5903115,0.69707906,0.6014171,0.6010448,0.6010448,0.23194638,0.38977468,0.16080502,0.15731388,0.25035328,0.18310967,0.20539415,0.23121321,0.20539415,0.5991882,0.50527143,1.0,1.0,0.94528514,0.98903584,0.9895438,0.9873137,1.0,0.9893294,0.94528514,0.99988866,1.0,0.93384683,0.57088536,0.9992845,1.0,0.94528514,1.0,0.9895965,0.87323403,0.99912256,1.0,1.0,0.9897206,0.6679017,0.46157393,0.48311117,0.8340878,0.7597289,0.6863932,0.32309747,0.26389825,0.53552043,0.46914953,0.934416
19102703,0.59704757,0.457604,0.5950045,0.5957198,0.26444906,0.5942659,0.2661572,0.20509958,0.5960333,0.59485435,0.5978809,0.60130686,0.5950045,0.32755613,0.5947783,0.2167452,0.51823807,0.27288568,0.2155514,0.7166895,0.3538283,0.19130236,0.5612211,0.603601,0.37378585,0.35731524,0.21264413,0.3627491,0.15697548,0.31187314,0.20179081,0.36260784,0.21507803,0.5947783,0.21400735,0.21290278,0.21224344,0.3598544,0.1955953,0.21721196,0.21244481,0.3570683,0.21964595,0.21870852,0.43209684,0.4317096,0.43195757,0.42938584,0.43192774,0.43296456,0.20292825,0.2248103,0.2248103,0.36934042,0.2248103,0.98977834,0.99922836,0.34214193,0.15108845,0.34214193,0.24789357,0.34214193,0.595121,0.6583687,0.54348505,0.22923401,0.16163239,0.24203348,0.382576,0.60142696,0.29103506,0.5903115,0.69707906,0.6014171,0.6010448,0.6010448,0.23194638,0.38977468,0.16080502,0.15731388,0.25035328,0.18310967,0.20539415,0.23121321,0.20539415,0.5991882,0.50527143,1.0,1.0,0.94528514,0.98903584,0.9895438,0.9873137,1.0,0.9893294,0.94528514,0.99988866,1.0,0.93384683,0.57088536,0.9992845,1.0,0.94528514,1.0,0.9895965,0.87323403,0.99912256,1.0,1.0,0.9897206,0.6679017,0.46157393,0.48311117,0.8340878,0.7597289,0.6863932,0.32309747,0.26389825,0.53552043,0.46914953,0.934416
IM_19110207_result,0.47979507,0.43637693,0.47794068,0.4782526,0.29192257,0.47727734,0.3698138,0.26143432,0.47876114,0.47904003,0.4800473,0.48243707,0.47794068,0.31866568,0.47793522,0.32182264,0.5195294,0.34152162,0.31705594,0.6596611,0.50799584,0.31259263,0.45782715,0.49532846,0.3523872,0.31973183,0.21648213,0.32102767,0.30964348,0.35217047,0.28065294,0.32097268,0.21711195,0.47793522,0.21577516,0.2165047,0.2165691,0.32056123,0.2768072,0.21337345,0.21644181,0.3196021,0.2182819,0.21810168,0.37192735,0.37216964,0.37194282,0.3698545,0.37187582,0.36174822,0.33784258,0.3377155,0.3377155,0.34420806,0.3377155,0.9434967,0.9433967,0.28950292,0.28393933,0.28950292,0.24412227,0.28950292,0.47792393,0.6171814,0.5301893,0.22134364,0.2531788,0.3050282,0.47066876,0.59135973,0.3078978,0.5004306,0.5768413,0.4962454,0.49368203,0.49368203,0.26500916,0.51900935,0.25588247,0.27776283,0.31330436,0.33870944,0.2617661,0.28277624,0.2617661,0.530338,0.52381176,0.94528514,0.94528514,1.0,0.94375515,0.94380826,0.9412566,0.94528514,0.94293296,1.0,0.9445363,0.94528514,0.8486805,0.7345855,0.942423,0.94528514,1.0,0.94528514,0.9439,0.91725194,0.94047785,0.94528514,0.94528514,0.9430589,0.64043695,0.49292144,0.54060584,0.7481511,0.6629478,0.63164127,0.42760882,0.36042702,0.5713988,0.42786098,0.9118031
IM_20010403_result,0.58462757,0.45425874,0.5826046,0.58327115,0.26802123,0.58382016,0.27599657,0.20921716,0.5835602,0.5830351,0.5852397,0.5886613,0.5826046,0.32398576,0.5827166,0.23860767,0.5208935,0.2923447,0.23544991,0.7080954,0.37213945,0.20338592,0.5493299,0.6015411,0.36181962,0.3406387,0.21199849,0.3456123,0.17979246,0.3039996,0.2070261,0.34530067,0.21435973,0.5827166,0.2210179,0.21223411,0.21160728,0.34324956,0.2016463,0.2174179,0.21178281,0.34041154,0.21751711,0.21658331,0.42534447,0.42512113,0.4252872,0.42269742,0.42539942,0.42393124,0.2120207,0.23763952,0.23763952,0.36726528,0.23763952,0.99939907,0.98892105,0.3363065,0.17164233,0.3363065,0.24828413,0.3363065,0.5826653,0.6469147,0.54287755,0.22445413,0.1650976,0.24267828,0.3818387,0.5996975,0.29282153,0.5902816,0.68541014,0.59920204,0.59929854,0.59929854,0.23048744,0.4003329,0.16750222,0.16904154,0.25674614,0.20158306,0.20947742,0.23368356,0.20947742,0.59078693,0.50706536,0.98903584,0.98903584,0.94375515,1.0,0.99945426,0.99749935,0.98903584,0.9991674,0.94375515,0.98916316,0.98903584,0.9232248,0.58329284,0.9888741,0.98903584,0.94375515,0.98903584,0.99946606,0.8953186,0.9885452,0.98903584,0.98903584,0.999509,0.6630095,0.46636304,0.4933987,0.8292048,0.74520755,0.68607014,0.3362157,0.2688437,0.53936654,0.453104,0.9423193
20010715,0.58044314,0.44930598,0.57844466,0.5791215,0.26752657,0.57966727,0.277231,0.2124956,0.5794145,0.5788257,0.5810658,0.58447784,0.57844466,0.32220113,0.5787076,0.2381269,0.51920325,0.2917886,0.23569432,0.707389,0.3732854,0.2067304,0.54767054,0.59766936,0.36017153,0.34203362,0.2126978,0.3469258,0.18114614,0.3046627,0.20742205,0.34663767,0.21498466,0.5787076,0.22197533,0.21292329,0.21229091,0.34452465,0.20229784,0.21757421,0.21249959,0.34181684,0.21895388,0.21802402,0.42791533,0.42774326,0.4278757,0.42527938,0.42789224,0.42744908,0.21309102,0.23857915,0.23857915,0.36577392,0.23857915,0.99982935,0.98954266,0.33690137,0.17285118,0.33690137,0.24868014,0.33690137,0.5785212,0.6466818,0.54230183,0.22552156,0.16736159,0.24434721,0.38516778,0.59756845,0.29372555,0.5859687,0.6818515,0.59529537,0.5953758,0.5953758,0.2351962,0.40368074,0.1712611,0.17258069,0.25625008,0.20239761,0.21276578,0.2375187,0.21276578,0.5922173,0.5085415,0.9895438,0.9895438,0.94380826,0.99945426,1.0,0.998111,0.9895438,0.99964577,0.94380826,0.98967314,0.9895438,0.9229939,0.583979,0.9893529,0.9895438,0.94380826,0.9895438,0.99994767,0.89423007,0.98880446,0.9895438,0.9895438,0.9999465,0.66086745,0.4686936,0.4932693,0.8275712,0.7431785,0.6858363,0.33153138,0.26775396,0.5368649,0.45429942,0.94388723
19120508,0.5814975,0.452719,0.5795272,0.58031106,0.27161846,0.5809701,0.27988124,0.21127659,0.5805343,0.5806473,0.5821629,0.5854715,0.5795272,0.3247779,0.5800822,0.24088603,0.5222361,0.29464492,0.23875883,0.7081196,0.37400025,0.20829901,0.5456428,0.59701777,0.36123067,0.34128204,0.21189189,0.3459866,0.1830656,0.30368465,0.20734766,0.3456928,0.21419856,0.5800822,0.22072488,0.21209887,0.21148625,0.3434677,0.20246017,0.21744415,0.21169388,0.34106886,0.2182754,0.21736062,0.42628485,0.42612633,0.4262842,0.42375356,0.4264218,0.42646238,0.21362978,0.23884821,0.23884821,0.3661257,0.23884821,0.9980925,0.9874487,0.3376424,0.17539689,0.3376424,0.24914518,0.3376424,0.5796351,0.6440077,0.5396533,0.22475564,0.16594288,0.24413857,0.38557306,0.59875125,0.29439947,0.5871358,0.6810832,0.5947225,0.594829,0.594829,0.23311195,0.40538675,0.1717743,0.17438373,0.2553525,0.20425516,0.2115801,0.23534083,0.2115801,0.5894108,0.50713104,0.9873137,0.9873137,0.9412566,0.99749935,0.998111,1.0,0.9873137,0.99903727,0.9412566,0.9875149,0.9873137,0.9226591,0.5863477,0.9871088,0.9873137,0.9412566,0.9873137,0.9981265,0.8926679,0.98661095,0.9873137,0.9873137,0.998207,0.6620139,0.4666113,0.49251834,0.8272896,0.7437136,0.6866428,0.33403772,0.2675848,0.5382636,0.45387784,0.9417441
IM_20030103_result,0.59704757,0.457604,0.5950045,0.5957198,0.26444906,0.5942659,0.2661572,0.20509958,0.5960333,0.59485435,0.5978809,0.60130686,0.5950045,0.32755613,0.5947783,0.2167452,0.51823807,0.27288568,0.2155514,0.7166895,0.3538283,0.19130236,0.5612211,0.603601,0.37378585,0.35731524,0.21264413,0.3627491,0.15697548,0.31187314,0.20179081,0.36260784,0.21507803,0.5947783,0.21400735,0.21290278,0.21224344,0.3598544,0.1955953,0.21721196,0.21244481,0.3570683,0.21964595,0.21870852,0.43209684,0.4317096,0.43195757,0.42938584,0.43192774,0.43296456,0.20292825,0.2248103,0.2248103,0.36934042,0.2248103,0.98977834,0.99922836,0.34214193,0.15108845,0.34214193,0.24789357,0.34214193,0.595121,0.6583687,0.54348505,0.22923401,0.16163239,0.24203348,0.382576,0.60142696,0.29103506,0.5903115,0.69707906,0.6014171,0.6010448,0.6010448,0.23194638,0.38977468,0.16080502,0.15731388,0.25035328,0.18310967,0.20539415,0.23121321,0.20539415,0.5991882,0.50527143,1.0,1.0,0.94528514,0.98903584,0.9895438,0.9873137,1.0,0.9893294,0.94528514,0.99988866,1.0,0.93384683,0.57088536,0.9992845,1.0,0.94528514,1.0,0.9895965,0.87323403,0.99912256,1.0,1.0,0.9897206,0.6679017,0.46157393,0.48311117,0.8340878,0.7597289,0.6863932,0.32309747,0.26389825,0.53552043,0.46914953,0.934416
20040104_1,0.5822276,0.4515982,0.5802472,0.5809713,0.2678636,0.5815668,0.27834326,0.21188745,0.58122784,0.580854,0.5828807,0.58625245,0.5802472,0.32329148,0.580625,0.237986,0.5197978,0.29106146,0.23531657,0.7078349,0.37113836,0.20537993,0.5480405,0.5985757,0.36150467,0.34230387,0.21215194,0.34713614,0.1797952,0.30419838,0.2067782,0.34684813,0.21447891,0.580625,0.22112074,0.2123599,0.21173954,0.34467286,0.2016663,0.21738407,0.21194896,0.34208834,0.21836737,0.21744883,0.42889264,0.42869356,0.42886534,0.42628908,0.42893344,0.42692602,0.21247655,0.238177,0.238177,0.36590284,0.238177,0.99961853,0.98937535,0.3358087,0.17182189,0.3358087,0.24727151,0.3358087,0.58032775,0.6474854,0.54241836,0.22499955,0.1662645,0.24356183,0.38508993,0.59757817,0.29281747,0.58802205,0.68324727,0.5960903,0.59628844,0.59628844,0.23366994,0.4016525,0.1708599,0.17251316,0.25592086,0.20164233,0.21217316,0.2361584,0.21217316,0.59283173,0.5095565,0.9893294,0.9893294,0.94293296,0.9991674,0.99964577,0.99903727,0.9893294,1.0,0.94293296,0.9894635,0.9893294,0.92322195,0.5835424,0.98917633,0.9893294,0.94293296,0.9893294,0.9996606,0.893094,0.9887073,0.9893294,0.9893294,0.9997241,0.6614105,0.46863705,0.49464792,0.8280083,0.74433464,0.6859661,0.33218536,0.26661396,0.5367815,0.45417893,0.9430992
IM_20050511_result,0.47979507,0.43637693,0.47794068,0.4782526,0.29192257,0.47727734,0.3698138,0.26143432,0.47876114,0.47904003,0.4800473,0.48243707,0.47794068,0.31866568,0.47793522,0.32182264,0.5195294,0.34152162,0.31705594,0.6596611,0.50799584,0.31259263,0.45782715,0.49532846,0.3523872,0.31973183,0.21648213,0.32102767,0.30964348,0.35217047,0.28065294,0.32097268,0.21711195,0.47793522,0.21577516,0.2165047,0.2165691,0.32056123,0.2768072,0.21337345,0.21644181,0.3196021,0.2182819,0.21810168,0.37192735,0.37216964,0.37194282,0.3698545,0.37187582,0.36174822,0.33784258,0.3377155,0.3377155,0.34420806,0.3377155,0.9434967,0.9433967,0.28950292,0.28393933,0.28950292,0.24412227,0.28950292,0.47792393,0.6171814,0.5301893,0.22134364,0.2531788,0.3050282,0.47066876,0.59135973,0.3078978,0.5004306,0.5768413,0.4962454,0.49368203,0.49368203,0.26500916,0.51900935,0.25588247,0.27776283,0.31330436,0.33870944,0.2617661,0.28277624,0.2617661,0.530338,0.52381176,0.94528514,0.94528514,1.0,0.94375515,0.94380826,0.9412566,0.94528514,0.94293296,1.0,0.9445363,0.94528514,0.8486805,0.7345855,0.942423,0.94528514,1.0,0.94528514,0.9439,0.91725194,0.94047785,0.94528514,0.94528514,0.9430589,0.64043695,0.49292144,0.54060584,0.7481511,0.6629478,0.63164127,0.42760882,0.36042702,0.5713988,0.42786098,0.9118031
V350011903_L01_115,0.5963545,0.45633292,0.59431434,0.59502196,0.26528174,0.59361434,0.26586026,0.20538673,0.5953477,0.5941186,0.5971862,0.6006421,0.59431434,0.32807174,0.5941049,0.21725091,0.51853687,0.27410027,0.21624681,0.7172701,0.35374823,0.19187352,0.56172544,0.6037058,0.37325123,0.35751334,0.2129992,0.3629055,0.15681148,0.31148168,0.20152801,0.36276525,0.2154645,0.5941049,0.2144669,0.21327245,0.21260047,0.36005902,0.19537461,0.21753973,0.21279201,0.35726732,0.22014776,0.21920115,0.43246943,0.4320968,0.43233767,0.42974702,0.43227682,0.43390006,0.20323384,0.2252985,0.2252985,0.36943594,0.2252985,0.9898939,0.99932915,0.3429972,0.15174246,0.3429972,0.24843141,0.3429972,0.59444106,0.6586981,0.5440769,0.22961512,0.16117716,0.24292982,0.38329634,0.6002756,0.2911921,0.59005815,0.6969137,0.60147655,0.6011552,0.6011552,0.23258126,0.39054233,0.16067642,0.15722188,0.24976441,0.18252346,0.20567384,0.23164672,0.20567384,0.59937567,0.5047435,0.99988866,0.99988866,0.9445363,0.98916316,0.98967314,0.9875149,0.99988866,0.9894635,0.9445363,1.0,0.99988866,0.933836,0.5705034,0.9994049,0.99988866,0.9445363,0.99988866,0.9897339,0.8730691,0.9991727,0.99988866,0.99988866,0.9898566,0.6669522,0.4611965,0.48226678,0.8337785,0.75930643,0.6858421,0.3214548,0.26406446,0.5342401,0.46908203,0.934603
20052815,0.59704757,0.457604,0.5950045,0.5957198,0.26444906,0.5942659,0.2661572,0.20509958,0.5960333,0.59485435,0.5978809,0.60130686,0.5950045,0.32755613,0.5947783,0.2167452,0.51823807,0.27288568,0.2155514,0.7166895,0.3538283,0.19130236,0.5612211,0.603601,0.37378585,0.35731524,0.21264413,0.3627491,0.15697548,0.31187314,0.20179081,0.36260784,0.21507803,0.5947783,0.21400735,0.21290278,0.21224344,0.3598544,0.1955953,0.21721196,0.21244481,0.3570683,0.21964595,0.21870852,0.43209684,0.4317096,0.43195757,0.42938584,0.43192774,0.43296456,0.20292825,0.2248103,0.2248103,0.36934042,0.2248103,0.98977834,0.99922836,0.34214193,0.15108845,0.34214193,0.24789357,0.34214193,0.595121,0.6583687,0.54348505,0.22923401,0.16163239,0.24203348,0.382576,0.60142696,0.29103506,0.5903115,0.69707906,0.6014171,0.6010448,0.6010448,0.23194638,0.38977468,0.16080502,0.15731388,0.25035328,0.18310967,0.20539415,0.23121321,0.20539415,0.5991882,0.50527143,1.0,1.0,0.94528514,0.98903584,0.9895438,0.9873137,1.0,0.9893294,0.94528514,0.99988866,1.0,0.93384683,0.57088536,0.9992845,1.0,0.94528514,1.0,0.9895965,0.87323403,0.99912256,1.0,1.0,0.9897206,0.6679017,0.46157393,0.48311117,0.8340878,0.7597289,0.6863932,0.32309747,0.26389825,0.53552043,0.46914953,0.934416
V350011900_L03_100,0.6354996,0.5138001,0.63329244,0.63470864,0.2738423,0.63400036,0.16285732,0.107826024,0.6344569,0.63851434,0.63670707,0.6397967,0.63329244,0.31587034,0.6328299,0.1946801,0.6068889,0.2817576,0.19660786,0.8456837,0.38913512,0.1997082,0.64297765,0.6821815,0.3204393,0.28718168,0.14719161,0.29278007,0.13677514,0.27506328,0.1112434,0.29254276,0.14974692,0.6328299,0.1500772,0.14757147,0.14686546,0.2897691,0.108937055,0.15613917,0.14702955,0.28694206,0.15533492,0.15475366,0.38721377,0.3859738,0.38697028,0.38485464,0.38809907,0.49656138,0.14203176,0.15582299,0.15582299,0.39375436,0.15582299,0.9233769,0.9340521,0.4673643,0.17825127,0.4673643,0.3631178,0.4673643,0.63410634,0.48248002,0.37388617,0.16436315,0.14830422,0.30245954,0.24483246,0.7722048,0.33712077,0.66739315,0.7666555,0.6787306,0.6795663,0.6795663,0.21159202,0.43930802,0.12153521,0.11840671,0.24511793,0.21461475,0.10806635,0.21549222,0.10806635,0.47406244,0.34145898,0.93384683,0.93384683,0.8486805,0.9232248,0.9229939,0.9226591,0.93384683,0.92322195,0.8486805,0.933836,0.93384683,1.0,0.4723287,0.9348246,0.93384683,0.8486805,0.93384683,0.9230695,0.7768556,0.93625027,0.93384683,0.93384683,0.9237102,0.82370555,0.35142228,0.3867863,0.9639798,0.9047022,0.820967,0.3160177,0.324261,0.69106877,0.5917094,0.8318416
V300073501_L04_85,0.25779366,0.43533522,0.257128,0.2573567,0.46779743,0.26064882,0.6423239,0.53224736,0.25771892,0.26731855,0.25715017,0.25543693,0.257128,0.41340786,0.2591055,0.6200945,0.52964896,0.550066,0.62276906,0.44341305,0.79528284,0.6512959,0.28908014,0.2585529,0.4340421,0.39817154,0.4342587,0.3933693,0.71242714,0.54153883,0.56664085,0.3941486,0.4313984,0.2591055,0.43027347,0.43383822,0.43512082,0.39464447,0.5730108,0.41894233,0.43465716,0.39835727,0.42594147,0.42682418,0.35000777,0.35066363,0.3502257,0.35042682,0.35021085,0.3076511,0.69687504,0.6548908,0.6548908,0.3494132,0.6548908,0.5825916,0.5702681,0.26238856,0.651292,0.26238856,0.33274186,0.26238856,0.25739697,0.4841764,0.5023442,0.41274068,0.5795845,0.55231357,0.6959103,0.5127711,0.49742916,0.28060278,0.2714988,0.26594594,0.2603089,0.2603089,0.49480334,0.759142,0.6172915,0.6628635,0.5308086,0.72676086,0.53219694,0.5314399,0.53219694,0.40368432,0.56384236,0.57088536,0.57088536,0.7345855,0.58329284,0.583979,0.5863477,0.57088536,0.5835424,0.7345855,0.5705034,0.57088536,0.4723287,1.0,0.5662209,0.57088536,0.7345855,0.57088536,0.5844966,0.76789844,0.5605183,0.57088536,0.57088536,0.5819429,0.50969285,0.54355174,0.6164248,0.42245588,0.35925853,0.45950013,0.672321,0.5939471,0.5887067,0.379551,0.62404925
V350037201_L03_14,0.59836745,0.45678732,0.5963341,0.59707934,0.26420966,0.59556603,0.2628771,0.2054412,0.5973352,0.59663355,0.5991541,0.6026202,0.5963341,0.32752985,0.5962031,0.21588004,0.5200121,0.27380937,0.21528491,0.72006756,0.3515842,0.19105583,0.5657378,0.60924107,0.37090558,0.35573888,0.21188751,0.36116844,0.1535613,0.31021553,0.19829494,0.3610115,0.21436411,0.5962031,0.21330571,0.21217477,0.21149859,0.35828483,0.19272152,0.21650961,0.2116718,0.35549957,0.21904233,0.21804482,0.43603802,0.43563643,0.4359182,0.43335167,0.4359608,0.43751296,0.20029563,0.22262055,0.22262055,0.36950952,0.22262055,0.9895917,0.9988844,0.3442064,0.14998657,0.3442064,0.24865422,0.3442064,0.59642446,0.65808505,0.54399025,0.22878036,0.1590761,0.24404538,0.38020352,0.60088116,0.2900027,0.5957498,0.70132226,0.60683334,0.6067175,0.6067175,0.23260549,0.38770825,0.1602096,0.15599826,0.24893144,0.18057638,0.20571026,0.23126262,0.20571026,0.6003336,0.50294805,0.9992845,0.9992845,0.942423,0.9888741,0.9893529,0.9871088,0.9992845,0.98917633,0.942423,0.9994049,0.9992845,0.9348246,0.5662209,1.0,0.9992845,0.942423,0.9992845,0.98940015,0.8711113,0.9992643,0.9992845,0.9992845,0.9895669,0.66951585,0.45975587,0.48155892,0.83571744,0.76130116,0.68762684,0.31717756,0.26184702,0.5338219,0.47095585,0.9336926
NK10183,0.59704757,0.457604,0.5950045,0.5957198,0.26444906,0.5942659,0.2661572,0.20509958,0.5960333,0.59485435,0.5978809,0.60130686,0.5950045,0.32755613,0.5947783,0.2167452,0.51823807,0.27288568,0.2155514,0.7166895,0.3538283,0.19130236,0.5612211,0.603601,0.37378585,0.35731524,0.21264413,0.3627491,0.15697548,0.31187314,0.20179081,0.36260784,0.21507803,0.5947783,0.21400735,0.21290278,0.21224344,0.3598544,0.1955953,0.21721196,0.21244481,0.3570683,0.21964595,0.21870852,0.43209684,0.4317096,0.43195757,0.42938584,0.43192774,0.43296456,0.20292825,0.2248103,0.2248103,0.36934042,0.2248103,0.98977834,0.99922836,0.34214193,0.15108845,0.34214193,0.24789357,0.34214193,0.595121,0.6583687,0.54348505,0.22923401,0.16163239,0.24203348,0.382576,0.60142696,0.29103506,0.5903115,0.69707906,0.6014171,0.6010448,0.6010448,0.23194638,0.38977468,0.16080502,0.15731388,0.25035328,0.18310967,0.20539415,0.23121321,0.20539415,0.5991882,0.50527143,1.0,1.0,0.94528514,0.98903584,0.9895438,0.9873137,1.0,0.9893294,0.94528514,0.99988866,1.0,0.93384683,0.57088536,0.9992845,1.0,0.94528514,1.0,0.9895965,0.87323403,0.99912256,1.0,1.0,0.9897206,0.6679017,0.46157393,0.48311117,0.8340878,0.7597289,0.6863932,0.32309747,0.26389825,0.53552043,0.46914953,0.934416
NK10262,0.47979507,0.43637693,0.47794068,0.4782526,0.29192257,0.47727734,0.3698138,0.26143432,0.47876114,0.47904003,0.4800473,0.48243707,0.47794068,0.31866568,0.47793522,0.32182264,0.5195294,0.34152162,0.31705594,0.6596611,0.50799584,0.31259263,0.45782715,0.49532846,0.3523872,0.31973183,0.21648213,0.32102767,0.30964348,0.35217047,0.28065294,0.32097268,0.21711195,0.47793522,0.21577516,0.2165047,0.2165691,0.32056123,0.2768072,0.21337345,0.21644181,0.3196021,0.2182819,0.21810168,0.37192735,0.37216964,0.37194282,0.3698545,0.37187582,0.36174822,0.33784258,0.3377155,0.3377155,0.34420806,0.3377155,0.9434967,0.9433967,0.28950292,0.28393933,0.28950292,0.24412227,0.28950292,0.47792393,0.6171814,0.5301893,0.22134364,0.2531788,0.3050282,0.47066876,0.59135973,0.3078978,0.5004306,0.5768413,0.4962454,0.49368203,0.49368203,0.26500916,0.51900935,0.25588247,0.27776283,0.31330436,0.33870944,0.2617661,0.28277624,0.2617661,0.530338,0.52381176,0.94528514,0.94528514,1.0,0.94375515,0.94380826,0.9412566,0.94528514,0.94293296,1.0,0.9445363,0.94528514,0.8486805,0.7345855,0.942423,0.94528514,1.0,0.94528514,0.9439,0.91725194,0.94047785,0.94528514,0.94528514,0.9430589,0.64043695,0.49292144,0.54060584,0.7481511,0.6629478,0.63164127,0.42760882,0.36042702,0.5713988,0.42786098,0.9118031
NK10095,0.59704757,0.457604,0.5950045,0.5957198,0.26444906,0.5942659,0.2661572,0.20509958,0.5960333,0.59485435,0.5978809,0.60130686,0.5950045,0.32755613,0.5947783,0.2167452,0.51823807,0.27288568,0.2155514,0.7166895,0.3538283,0.19130236,0.5612211,0.603601,0.37378585,0.35731524,0.21264413,0.3627491,0.15697548,0.31187314,0.20179081,0.36260784,0.21507803,0.5947783,0.21400735,0.21290278,0.21224344,0.3598544,0.1955953,0.21721196,0.21244481,0.3570683,0.21964595,0.21870852,0.43209684,0.4317096,0.43195757,0.42938584,0.43192774,0.43296456,0.20292825,0.2248103,0.2248103,0.36934042,0.2248103,0.98977834,0.99922836,0.34214193,0.15108845,0.34214193,0.24789357,0.34214193,0.595121,0.6583687,0.54348505,0.22923401,0.16163239,0.24203348,0.382576,0.60142696,0.29103506,0.5903115,0.69707906,0.6014171,0.6010448,0.6010448,0.23194638,0.38977468,0.16080502,0.15731388,0.25035328,0.18310967,0.20539415,0.23121321,0.20539415,0.5991882,0.50527143,1.0,1.0,0.94528514,0.98903584,0.9895438,0.9873137,1.0,0.9893294,0.94528514,0.99988866,1.0,0.93384683,0.57088536,0.9992845,1.0,0.94528514,1.0,0.9895965,0.87323403,0.99912256,1.0,1.0,0.9897206,0.6679017,0.46157393,0.48311117,0.8340878,0.7597289,0.6863932,0.32309747,0.26389825,0.53552043,0.46914953,0.934416
V350037201_L02_126,0.5799797,0.4493426,0.5779884,0.5786555,0.26742768,0.579197,0.27711904,0.21257785,0.5789489,0.5782221,0.5806054,0.58401966,0.5779884,0.3223052,0.57827795,0.23877275,0.52037436,0.29268494,0.236613,0.70810497,0.37342498,0.20726731,0.5471299,0.5974459,0.36028266,0.34183124,0.21282044,0.3467055,0.18103382,0.30421618,0.20783064,0.34642553,0.2150932,0.57827795,0.22203347,0.21303478,0.2124168,0.34429312,0.20266753,0.21759975,0.2126236,0.34161344,0.21904045,0.21811491,0.4271229,0.42694837,0.42708078,0.42448753,0.42709664,0.42652372,0.2139028,0.23938319,0.23938319,0.36593994,0.23938319,0.9998261,0.98958695,0.33664808,0.17303601,0.33664808,0.24828145,0.33664808,0.57805675,0.64689183,0.54275066,0.22555062,0.16718426,0.24482909,0.38534132,0.59796935,0.29310632,0.5858641,0.6814587,0.5950815,0.59516597,0.59516597,0.23473048,0.4040063,0.17099723,0.1726762,0.2559846,0.20224479,0.2128481,0.23718828,0.2128481,0.5913633,0.5084934,0.9895965,0.9895965,0.9439,0.99946606,0.99994767,0.9981265,0.9895965,0.9996606,0.9439,0.9897339,0.9895965,0.9230695,0.5844966,0.98940015,0.9895965,0.9439,0.9895965,1.0,0.89427066,0.9888683,0.9895965,0.9895965,0.9999479,0.66123366,0.46798897,0.49321693,0.8275609,0.7429856,0.6858782,0.33183232,0.2675639,0.53736943,0.453375,0.9436718
V350037201_L02_63,0.43761268,0.43318066,0.43582684,0.43605372,0.31051406,0.436874,0.42682046,0.30324137,0.4367032,0.44746336,0.4374627,0.43882343,0.43582684,0.31227598,0.43644542,0.3807506,0.5350467,0.38325077,0.37620047,0.59689116,0.5408593,0.36543763,0.4680734,0.44099712,0.4173647,0.38651076,0.3096171,0.38720128,0.39464957,0.4343016,0.33574057,0.38729048,0.31053233,0.43644542,0.31654677,0.30972558,0.31001306,0.38709491,0.33692306,0.3064145,0.30966228,0.38644037,0.30877143,0.30853438,0.35944575,0.3593762,0.35963517,0.35808212,0.35986584,0.3225362,0.4049797,0.40817493,0.40817493,0.35568458,0.40817493,0.8941567,0.87277913,0.26694727,0.34043974,0.26694727,0.24711901,0.26694727,0.43570504,0.5775339,0.51303905,0.3072946,0.28122926,0.32033342,0.47590676,0.5767734,0.34046736,0.44929656,0.5101193,0.4418403,0.4402838,0.4402838,0.27512956,0.52018684,0.30274445,0.32946545,0.32899487,0.404378,0.30330193,0.29457694,0.30330193,0.5159298,0.5180286,0.87323403,0.87323403,0.91725194,0.8953186,0.89423007,0.8926679,0.87323403,0.893094,0.91725194,0.8730691,0.87323403,0.7768556,0.76789844,0.8711113,0.87323403,0.91725194,0.87323403,0.89427066,1.0,0.86886024,0.87323403,0.87323403,0.89334226,0.6192707,0.4603566,0.52157736,0.69331956,0.5953665,0.638474,0.5053928,0.36968103,0.573328,0.36863253,0.8729645
NK04252,0.6029494,0.45985264,0.60088044,0.6017434,0.26109874,0.6000951,0.26230842,0.20227283,0.60191965,0.60140514,0.603843,0.60734,0.60088044,0.32699472,0.6006507,0.21377242,0.52013856,0.27282298,0.2140153,0.7205514,0.34619486,0.18648562,0.56601584,0.61011326,0.37407547,0.35533863,0.21060401,0.36110342,0.14942318,0.3080496,0.19889835,0.3609324,0.21313551,0.6006507,0.21194017,0.21093702,0.21023118,0.35807014,0.192772,0.21614444,0.21038434,0.35508025,0.21739075,0.21641174,0.43212688,0.43162835,0.43197477,0.42941242,0.43200734,0.43297976,0.19845766,0.22217724,0.22217724,0.37693608,0.22217724,0.98904026,0.99862504,0.34878823,0.14752239,0.34878823,0.25231475,0.34878823,0.60100913,0.65882003,0.5437398,0.22752485,0.158431,0.2421132,0.37596023,0.6059222,0.28919473,0.59706503,0.7032156,0.6076694,0.6075414,0.6075414,0.22881678,0.3820249,0.15596372,0.15169194,0.25350764,0.17758861,0.20258415,0.22694772,0.20258415,0.5991147,0.5015404,0.99912256,0.99912256,0.94047785,0.9885452,0.98880446,0.98661095,0.99912256,0.9887073,0.94047785,0.9991727,0.99912256,0.93625027,0.5605183,0.9992643,0.99912256,0.94047785,0.99912256,0.9888683,0.86886024,1.0,0.99912256,0.99912256,0.98904854,0.67251265,0.4571637,0.48117083,0.8379117,0.7653439,0.69015825,0.32084775,0.2640779,0.5385208,0.47233024,0.93167156
NK06250,0.59704757,0.457604,0.5950045,0.5957198,0.26444906,0.5942659,0.2661572,0.20509958,0.5960333,0.59485435,0.5978809,0.60130686,0.5950045,0.32755613,0.5947783,0.2167452,0.51823807,0.27288568,0.2155514,0.7166895,0.3538283,0.19130236,0.5612211,0.603601,0.37378585,0.35731524,0.21264413,0.3627491,0.15697548,0.31187314,0.20179081,0.36260784,0.21507803,0.5947783,0.21400735,0.21290278,0.21224344,0.3598544,0.1955953,0.21721196,0.21244481,0.3570683,0.21964595,0.21870852,0.43209684,0.4317096,0.43195757,0.42938584,0.43192774,0.43296456,0.20292825,0.2248103,0.2248103,0.36934042,0.2248103,0.98977834,0.99922836,0.34214193,0.15108845,0.34214193,0.24789357,0.34214193,0.595121,0.6583687,0.54348505,0.22923401,0.16163239,0.24203348,0.382576,0.60142696,0.29103506,0.5903115,0.69707906,0.6014171,0.6010448,0.6010448,0.23194638,0.38977468,0.16080502,0.15731388,0.25035328,0.18310967,0.20539415,0.23121321,0.20539415,0.5991882,0.50527143,1.0,1.0,0.94528514,0.98903584,0.9895438,0.9873137,1.0,0.9893294,0.94528514,0.99988866,1.0,0.93384683,0.57088536,0.9992845,1.0,0.94528514,1.0,0.9895965,0.87323403,0.99912256,1.0,1.0,0.9897206,0.6679017,0.46157393,0.48311117,0.8340878,0.7597289,0.6863932,0.32309747,0.26389825,0.53552043,0.46914953,0.934416
NK06310,0.59704757,0.457604,0.5950045,0.5957198,0.26444906,0.5942659,0.2661572,0.20509958,0.5960333,0.59485435,0.5978809,0.60130686,0.5950045,0.32755613,0.5947783,0.2167452,0.51823807,0.27288568,0.2155514,0.7166895,0.3538283,0.19130236,0.5612211,0.603601,0.37378585,0.35731524,0.21264413,0.3627491,0.15697548,0.31187314,0.20179081,0.36260784,0.21507803,0.5947783,0.21400735,0.21290278,0.21224344,0.3598544,0.1955953,0.21721196,0.21244481,0.3570683,0.21964595,0.21870852,0.43209684,0.4317096,0.43195757,0.42938584,0.43192774,0.43296456,0.20292825,0.2248103,0.2248103,0.36934042,0.2248103,0.98977834,0.99922836,0.34214193,0.15108845,0.34214193,0.24789357,0.34214193,0.595121,0.6583687,0.54348505,0.22923401,0.16163239,0.24203348,0.382576,0.60142696,0.29103506,0.5903115,0.69707906,0.6014171,0.6010448,0.6010448,0.23194638,0.38977468,0.16080502,0.15731388,0.25035328,0.18310967,0.20539415,0.23121321,0.20539415,0.5991882,0.50527143,1.0,1.0,0.94528514,0.98903584,0.9895438,0.9873137,1.0,0.9893294,0.94528514,0.99988866,1.0,0.93384683,0.57088536,0.9992845,1.0,0.94528514,1.0,0.9895965,0.87323403,0.99912256,1.0,1.0,0.9897206,0.6679017,0.46157393,0.48311117,0.8340878,0.7597289,0.6863932,0.32309747,0.26389825,0.53552043,0.46914953,0.934416
7-20,0.5819649,0.44991773,0.5799641,0.5806429,0.26734167,0.5811892,0.27628517,0.2116482,0.5809276,0.5804349,0.58258975,0.5860111,0.5799641,0.32275307,0.58019423,0.23741248,0.51969963,0.29149765,0.23494458,0.70829344,0.3710513,0.20542657,0.5490979,0.59921116,0.3606414,0.34245244,0.21255162,0.34736255,0.17935571,0.30412644,0.20656419,0.34708223,0.21487063,0.58019423,0.22178647,0.21276951,0.2121399,0.344944,0.2013877,0.21754587,0.21234891,0.34223688,0.2188189,0.21789831,0.4288884,0.42868978,0.4288475,0.4262452,0.4288941,0.42804378,0.21180877,0.23755395,0.23755395,0.36685675,0.23755395,0.9998795,0.98976755,0.33781093,0.1714625,0.33781093,0.24897888,0.33781093,0.5800355,0.6471629,0.54237753,0.22549063,0.16623747,0.24382034,0.38383642,0.5979193,0.2932344,0.58761984,0.6835888,0.5967674,0.59692436,0.59692436,0.23414987,0.40155223,0.1700727,0.17097652,0.25557616,0.20059764,0.21192253,0.23629531,0.21192253,0.5925628,0.5083078,0.9897206,0.9897206,0.9430589,0.999509,0.9999465,0.998207,0.9897206,0.9997241,0.9430589,0.9898566,0.9897206,0.9237102,0.5819429,0.9895669,0.9897206,0.9430589,0.9897206,0.9999479,0.89334226,0.98904854,0.9897206,0.9897206,1.0,0.6615294,0.4678117,0.49281186,0.82854676,0.74459076,0.68647623,0.33085495,0.2666834,0.53675747,0.45464224,0.943392
V350037201_L02_65,0.5081165,0.5087351,0.50627273,0.5088188,0.30838048,0.5087443,0.23213938,0.18897396,0.5075032,0.5408545,0.50958985,0.51114404,0.50627273,0.29546943,0.50639004,0.43718183,0.80724657,0.48072225,0.425133,0.91231304,0.57730496,0.41098186,0.5761476,0.62597984,0.29316676,0.22328973,0.2002128,0.22656152,0.34152555,0.3463158,0.21886152,0.22714448,0.20077336,0.50639004,0.20015463,0.20039245,0.20092273,0.22429812,0.22595039,0.21015334,0.20026922,0.22320732,0.20043272,0.20017737,0.32990536,0.32731944,0.32962638,0.32901785,0.33097935,0.44668058,0.32842937,0.31419343,0.31419343,0.511577,0.31419343,0.6606568,0.6676939,0.5697541,0.4107013,0.5697541,0.526004,0.5697541,0.507741,0.28284132,0.25946593,0.20635486,0.27331826,0.5328575,0.21289149,0.9319503,0.38475353,0.63346964,0.6426629,0.62490016,0.6254555,0.6254555,0.24704465,0.5938835,0.26503813,0.27798265,0.37658113,0.47684538,0.18903357,0.2624845,0.18903357,0.25419134,0.20703816,0.6679017,0.6679017,0.64043695,0.6630095,0.66086745,0.6620139,0.6679017,0.6614105,0.64043695,0.6669522,0.6679017,0.82370555,0.50969285,0.66951585,0.6679017,0.64043695,0.6679017,0.66123366,0.6192707,0.67251265,0.6679017,0.6679017,0.6615294,1.0,0.21955243,0.35111493,0.87394404,0.8474653,0.8786999,0.45995086,0.5082697,0.89224315,0.61419314,0.5828032
NK04150,0.4405978,0.47567746,0.44099832,0.44086704,0.5273081,0.44207573,0.68200016,0.715642,0.4409795,0.428312,0.44011036,0.43868548,0.44099832,0.55569714,0.4436481,0.4311483,0.22069472,0.3656828,0.40159565,0.22767794,0.48489842,0.48708886,0.3527291,0.34428865,0.6260414,0.6599083,0.6098944,0.6589274,0.527715,0.64656675,0.6395058,0.657875,0.60815287,0.4436481,0.61046505,0.6090542,0.60889745,0.65846324,0.64340883,0.61107033,0.6099633,0.6598907,0.60759205,0.6077738,0.67478466,0.6761022,0.6749233,0.6745476,0.67364436,0.6456814,0.49948767,0.4979806,0.4979806,0.31611353,0.4979806,0.468474,0.45954835,0.36398757,0.46192223,0.36398757,0.3979869,0.36398757,0.43983847,0.67792964,0.639866,0.6025603,0.7170632,0.44477046,0.7256887,0.23224208,0.6286008,0.35372686,0.3886426,0.34283775,0.34278873,0.34278873,0.7720884,0.4316375,0.69296324,0.6952624,0.6643006,0.53090787,0.71581095,0.771163,0.71581095,0.7623981,0.8231287,0.46157393,0.46157393,0.49292144,0.46636304,0.4686936,0.4666113,0.46157393,0.46863705,0.49292144,0.4611965,0.46157393,0.35142228,0.54355174,0.45975587,0.46157393,0.49292144,0.46157393,0.46798897,0.4603566,0.4571637,0.46157393,0.46157393,0.4678117,0.21955243,1.0,0.86882794,0.3176576,0.3308193,0.19000888,0.50455374,0.5383834,0.2619468,0.52786833,0.47413918
NK04047,0.39440483,0.4561618,0.39484528,0.3955262,0.44535828,0.3957748,0.67777514,0.6648548,0.39479727,0.41307,0.39461982,0.3930733,0.39484528,0.4718445,0.39678085,0.4885047,0.3225124,0.43102637,0.4648131,0.31211415,0.56857497,0.48173743,0.30636132,0.31508064,0.5798195,0.57507765,0.541476,0.5746133,0.5394879,0.6115678,0.5910673,0.57402015,0.5395912,0.39678085,0.5381012,0.54072636,0.5411904,0.5725382,0.59741294,0.5469,0.541351,0.57509243,0.5327408,0.5333,0.60111696,0.6011331,0.6011609,0.6010447,0.60000634,0.508074,0.551133,0.5537853,0.5537853,0.38162377,0.5537853,0.49310172,0.48165372,0.3294204,0.47556037,0.3294204,0.37361616,0.3294204,0.39367688,0.6305728,0.59626925,0.52608556,0.6540084,0.45039815,0.6784903,0.3357315,0.54458725,0.34558985,0.36323488,0.31352532,0.3152119,0.3152119,0.66091543,0.44714063,0.6700658,0.6795032,0.7459248,0.55835783,0.66523373,0.6660057,0.66523373,0.7007493,0.81084174,0.48311117,0.48311117,0.54060584,0.4933987,0.4932693,0.49251834,0.48311117,0.49464792,0.54060584,0.48226678,0.48311117,0.3867863,0.6164248,0.48155892,0.48311117,0.54060584,0.48311117,0.49321693,0.52157736,0.48117083,0.48311117,0.48311117,0.49281186,0.35111493,0.86882794,1.0,0.37272608,0.39485985,0.26148075,0.6105297,0.57114196,0.37532005,0.5052094,0.44251168
V350011809_L01_61,0.656641,0.5741797,0.6548313,0.6563529,0.30457544,0.6560857,0.16285914,0.09346843,0.6558052,0.66417986,0.65799445,0.6603106,0.6548313,0.3349226,0.6535448,0.21355447,0.6288769,0.30744562,0.20597243,0.87566876,0.4291296,0.22224173,0.67865634,0.710805,0.33196363,0.28327718,0.1524694,0.2885102,0.16425997,0.30405354,0.10721663,0.28823227,0.15457124,0.6535448,0.15476397,0.15289724,0.15228674,0.28543144,0.109390646,0.16206628,0.15237215,0.28309882,0.15904999,0.1588839,0.37336874,0.37180516,0.37314206,0.3711931,0.37445503,0.5093589,0.15459022,0.15716588,0.15716588,0.41647786,0.15716588,0.82800096,0.83399856,0.5142246,0.22589603,0.5142246,0.4296339,0.5142246,0.65568876,0.39076075,0.29099247,0.16767973,0.17153361,0.33800375,0.19261327,0.8357886,0.35914814,0.6966103,0.7870164,0.70694035,0.70849216,0.70849216,0.21611235,0.46088883,0.1424273,0.14252567,0.2760732,0.26897246,0.09371328,0.23078993,0.09371328,0.42128468,0.2845574,0.8340878,0.8340878,0.7481511,0.8292048,0.8275712,0.8272896,0.8340878,0.8280083,0.7481511,0.8337785,0.8340878,0.9639798,0.42245588,0.83571744,0.8340878,0.7481511,0.8340878,0.8275609,0.69331956,0.8379117,0.8340878,0.8340878,0.82854676,0.87394404,0.3176576,0.37272608,1.0,0.95431393,0.83877075,0.36300138,0.38500062,0.7601891,0.65236855,0.72964907
V350037201_L02_60,0.66641366,0.57445806,0.6647195,0.6665323,0.330593,0.6650574,0.17949808,0.115231246,0.6656546,0.68191254,0.6681604,0.66992295,0.6647195,0.34885448,0.66183776,0.228033,0.58112633,0.32214695,0.2128483,0.8523247,0.4085379,0.24800265,0.6632259,0.69914305,0.33590645,0.3046885,0.16139457,0.3104959,0.16212258,0.31930944,0.116641134,0.31001008,0.16337359,0.66183776,0.16227296,0.16183338,0.16131455,0.30624208,0.11816105,0.17356151,0.16121197,0.30451098,0.16653684,0.16658193,0.4268744,0.42446142,0.42634642,0.42527455,0.42799532,0.5492832,0.18228531,0.18328735,0.18328735,0.49314383,0.18328735,0.74395674,0.7597677,0.5918238,0.24930024,0.5918238,0.5129695,0.5918238,0.665717,0.36290526,0.2527304,0.17594704,0.22032413,0.37759024,0.21520483,0.8278398,0.43436134,0.6843991,0.785722,0.6928719,0.69686884,0.69686884,0.25815272,0.4350433,0.1986179,0.18780306,0.3374712,0.27791268,0.115731984,0.25828403,0.115731984,0.4374067,0.30113184,0.7597289,0.7597289,0.6629478,0.74520755,0.7431785,0.7437136,0.7597289,0.74433464,0.6629478,0.75930643,0.7597289,0.9047022,0.35925853,0.76130116,0.7597289,0.6629478,0.7597289,0.7429856,0.5953665,0.7653439,0.7597289,0.7597289,0.74459076,0.8474653,0.3308193,0.39485985,0.95431393,1.0,0.76573443,0.38484532,0.42811823,0.75199664,0.7558366,0.62325704
V350011904_L04_30,0.5905291,0.5538766,0.5890643,0.5905532,0.35997754,0.58968383,0.23164976,0.18565956,0.5897582,0.6028333,0.5910461,0.5928215,0.5890643,0.37182182,0.58970034,0.40988415,0.7787735,0.42366758,0.41237724,0.8421811,0.48095572,0.35272068,0.6991435,0.70407283,0.34573957,0.29105568,0.2707383,0.29426408,0.35331863,0.32603234,0.23081893,0.29470128,0.2723258,0.58970034,0.27412823,0.2711742,0.27109742,0.2927343,0.22755912,0.27660292,0.2708249,0.2909527,0.27501726,0.27494586,0.34757948,0.34542456,0.34734806,0.3466797,0.3491999,0.43387654,0.30300558,0.3075181,0.3075181,0.5045203,0.3075181,0.68592846,0.688412,0.5334453,0.38079596,0.5334453,0.4809202,0.5334453,0.59043664,0.3538381,0.33602697,0.2810288,0.22965127,0.4568499,0.21179816,0.8669349,0.34354913,0.7062698,0.705559,0.70455897,0.7041559,0.7041559,0.2061792,0.5262464,0.21391475,0.21591023,0.27794904,0.43115,0.18556389,0.21494693,0.18556389,0.32191032,0.20561251,0.6863932,0.6863932,0.63164127,0.68607014,0.6858363,0.6866428,0.6863932,0.6859661,0.63164127,0.6858421,0.6863932,0.820967,0.45950013,0.68762684,0.6863932,0.63164127,0.6863932,0.6858782,0.638474,0.69015825,0.6863932,0.6863932,0.68647623,0.8786999,0.19000888,0.26148075,0.83877075,0.76573443,1.0,0.43505326,0.40743268,0.81459004,0.51814276,0.65977013
V350011900_L02_90,0.5179013,0.6822237,0.5185256,0.51902246,0.66438127,0.5183672,0.70888114,0.53726226,0.51834446,0.5413532,0.517599,0.5144648,0.5185256,0.6389962,0.5188113,0.56323713,0.38287702,0.5011332,0.5811549,0.30973348,0.70057803,0.5879168,0.45567814,0.39436656,0.6361767,0.5554698,0.5754467,0.5531668,0.73144567,0.6922018,0.64648795,0.5536324,0.57326,0.5188113,0.5720937,0.575447,0.57657444,0.55393296,0.6469153,0.57366574,0.5757879,0.55549425,0.5633357,0.56446326,0.33119345,0.33100677,0.33100957,0.33288884,0.3315972,0.2681321,0.68041164,0.64625084,0.64625084,0.49557883,0.64625084,0.33136392,0.32043773,0.3688143,0.671476,0.3688143,0.464741,0.3688143,0.51829135,0.4053418,0.41915658,0.5592579,0.6096688,0.4582612,0.5742109,0.52629495,0.53496164,0.42035905,0.40076345,0.39906827,0.39698786,0.39698786,0.46574545,0.5682112,0.61911094,0.659891,0.6425323,0.7357524,0.537466,0.49744463,0.537466,0.44535795,0.5377724,0.32309747,0.32309747,0.42760882,0.3362157,0.33153138,0.33403772,0.32309747,0.33218536,0.42760882,0.3214548,0.32309747,0.3160177,0.672321,0.31717756,0.32309747,0.42760882,0.32309747,0.33183232,0.5053928,0.32084775,0.32309747,0.32309747,0.33085495,0.45995086,0.50455374,0.6105297,0.36300138,0.38484532,0.43505326,1.0,0.65231174,0.6085574,0.4361467,0.38624787
V350011900_L03_16,0.30124384,0.46292788,0.30195907,0.30260855,0.5777976,0.30371934,0.60724914,0.5667877,0.30215007,0.3264374,0.302385,0.29991394,0.30195907,0.4903776,0.3023774,0.65921736,0.5369606,0.66334885,0.676198,0.4438625,0.821344,0.75446343,0.34970933,0.32678455,0.44930086,0.4059102,0.47421995,0.4021939,0.7243676,0.5481114,0.5693008,0.40298176,0.47006226,0.3023774,0.46887583,0.4740231,0.47538963,0.40293482,0.5741303,0.4647466,0.47438997,0.40603745,0.46416864,0.4660899,0.44361722,0.44302696,0.44351518,0.44461906,0.44278175,0.5674118,0.71922237,0.6783559,0.6783559,0.5099599,0.6783559,0.26681393,0.2635228,0.6325413,0.77401435,0.6325413,0.71728307,0.6325413,0.3024393,0.28253588,0.33171442,0.45528474,0.7458072,0.74947023,0.58217585,0.5682912,0.67005503,0.33482027,0.3086347,0.3299018,0.32774645,0.32774645,0.66149205,0.7690131,0.6966528,0.73339117,0.79023176,0.82673615,0.5667567,0.68446386,0.5667567,0.28644824,0.40463355,0.26389825,0.26389825,0.36042702,0.2688437,0.26775396,0.2675848,0.26389825,0.26661396,0.36042702,0.26406446,0.26389825,0.324261,0.5939471,0.26184702,0.26389825,0.36042702,0.26389825,0.2675639,0.36968103,0.2640779,0.26389825,0.26389825,0.2666834,0.5082697,0.5383834,0.57114196,0.38500062,0.42811823,0.40743268,0.65231174,1.0,0.63914526,0.61858714,0.26088783
V350037201_L02_87,0.4175059,0.5037417,0.41595748,0.4183461,0.36125475,0.4174426,0.35625112,0.26546592,0.41697848,0.44259846,0.41870368,0.41901517,0.41595748,0.31395352,0.4153322,0.5259296,0.76235354,0.5449797,0.52793163,0.80507565,0.7124227,0.5283178,0.496229,0.51316375,0.3037603,0.22584063,0.24032971,0.22687688,0.51355416,0.379067,0.31531516,0.22763145,0.23882988,0.4153322,0.23644525,0.24086729,0.24154788,0.22556707,0.32168216,0.24463648,0.2404944,0.22590044,0.2331216,0.23368958,0.28079924,0.27842033,0.28041726,0.28102106,0.28165627,0.40818667,0.4764001,0.44877726,0.44877726,0.5433947,0.44877726,0.5354537,0.5348669,0.5964828,0.57987636,0.5964828,0.60925084,0.5964828,0.41765624,0.20728996,0.21115729,0.23212045,0.405426,0.6075801,0.29759932,0.9732889,0.44647026,0.52223164,0.5229442,0.5135139,0.51392347,0.51392347,0.32350275,0.71466184,0.40048712,0.43123627,0.46486616,0.65037775,0.265539,0.3498624,0.265539,0.19225323,0.22428381,0.53552043,0.53552043,0.5713988,0.53936654,0.5368649,0.5382636,0.53552043,0.5367815,0.5713988,0.5342401,0.53552043,0.69106877,0.5887067,0.5338219,0.53552043,0.5713988,0.53552043,0.53736943,0.573328,0.5385208,0.53552043,0.53552043,0.53675747,0.89224315,0.2619468,0.37532005,0.7601891,0.75199664,0.81459004,0.6085574,0.63914526,1.0,0.6157507,0.49826598
V350011900_L03_70,0.5326106,0.5200575,0.5318408,0.53285587,0.47396156,0.53246343,0.37920213,0.37771595,0.53225046,0.5348206,0.5338938,0.5324122,0.5318408,0.43335024,0.529924,0.35465688,0.41868243,0.33943954,0.31225884,0.61615336,0.5324675,0.4823699,0.5311763,0.529534,0.39617127,0.4303702,0.33103114,0.4345972,0.38255474,0.4720068,0.3159454,0.43357602,0.33088267,0.529924,0.33646768,0.33113694,0.33110708,0.43235916,0.3238888,0.3303069,0.33104733,0.43041515,0.33454543,0.33562452,0.592496,0.58963025,0.5918215,0.5928433,0.59326404,0.74573374,0.3368171,0.3144766,0.3144766,0.49387822,0.3144766,0.45479515,0.46937704,0.6974577,0.44763744,0.6974577,0.6705495,0.6974577,0.5324292,0.29329672,0.2200582,0.33751184,0.561981,0.6159166,0.4345875,0.6493931,0.7197562,0.51256526,0.5986179,0.52331203,0.52678376,0.52678376,0.6010822,0.54292494,0.5148172,0.513804,0.56658614,0.5080184,0.3778153,0.58511996,0.3778153,0.44052696,0.38603744,0.46914953,0.46914953,0.42786098,0.453104,0.45429942,0.45387784,0.46914953,0.45417893,0.42786098,0.46908203,0.46914953,0.5917094,0.379551,0.47095585,0.46914953,0.42786098,0.46914953,0.453375,0.36863253,0.47233024,0.46914953,0.46914953,0.45464224,0.61419314,0.52786833,0.5052094,0.65236855,0.7558366,0.51814276,0.4361467,0.61858714,0.6157507,1.0,0.36644858
7-80,0.57682335,0.4516611,0.5752748,0.57522374,0.32167497,0.57534087,0.35117888,0.26846695,0.57585394,0.5684755,0.5767316,0.58004093,0.5752748,0.37750992,0.57615846,0.28391272,0.48926634,0.31262338,0.28669393,0.62746596,0.39525038,0.2611118,0.5640725,0.59813285,0.3915148,0.39429852,0.28486383,0.3979321,0.26448014,0.36493814,0.30218446,0.39824715,0.28633773,0.57615846,0.2914325,0.28516692,0.28427726,0.3966849,0.29490364,0.28086045,0.2847017,0.3941117,0.29168093,0.2900915,0.4081851,0.40916908,0.40832955,0.40562814,0.40744683,0.37741017,0.29250088,0.3121257,0.3121257,0.3718863,0.3121257,0.94298446,0.9348956,0.30211473,0.23310739,0.30211473,0.23293701,0.30211473,0.57507765,0.70035505,0.6138946,0.2998271,0.19164121,0.24739954,0.44630593,0.5435247,0.26910084,0.57915074,0.6650771,0.59987366,0.5965034,0.5965034,0.2464416,0.43371105,0.21561563,0.22043815,0.22233659,0.2581296,0.26850975,0.24418825,0.26850975,0.60671717,0.530692,0.934416,0.934416,0.9118031,0.9423193,0.94388723,0.9417441,0.934416,0.9430992,0.9118031,0.934603,0.934416,0.8318416,0.62404925,0.9336926,0.934416,0.9118031,0.934416,0.9436718,0.8729645,0.93167156,0.934416,0.934416,0.943392,0.5828032,0.47413918,0.44251168,0.72964907,0.62325704,0.65977013,0.38624787,0.26088783,0.49826598,0.36644858,1.0
