strain_id,NK10012,NK01065,NK04214,NK10226,V350011900_L02_44,V350011797_L04_29,V300093475_L04_114,V350011903_L02_77,NK01067,V350011809_L02_30,V350011900_L04_94,V350011900_L02_43,NK04051,NK08105,NK08202,V300093475_L04_98,V350037201_L02_35,V350037201_L04_45,V350011900_L04_133,V350011797_L02_49,V300063714_L03_29,V300073501_L01_16,V350037201_L02_38,V350037201_L03_44,NK01109,NK01144,NK10155,NK10223,V350037201_L02_44,V300093475_L02_33,V350011809_L01_67,V350011809_L04_37,V350037201_L02_123,V350011809_L04_131,NK06292,V300073501_L01_88,V350011903_L04_117,NK08152,NK08256,NK08348,NK08041,NK08059,7-50,8-4,NK04161,V300073501_L04_115,V350011797_L02_128,V350011903_L01_36,V350037201_L04_39,NK06094,V350037201_L02_59,NK04021,NK04006,V300093475_L03_15,V350011797_L04_45,V350037201_L03_47,V350037201_L03_13,NK01117,V300063714_L03_93,V350011809_L01_25,NK01018,NK12042,V350011809_L04_30,V300063692_L02_32,V350037201_L03_57,V350011900_L04_36,V350037201_L03_15,V350011903_L01_32,V350011904_L04_66,V350011809_L03_57,V300073501_L01_80,NK04082,V300073501_L01_85,V300073501_L01_52,V350011900_L04_67,NK06054,NK04142,V350011809_L04_114,NK01111,V350011903_L01_128,V350011903_L02_117,V350037201_L02_88,NK06177,NK06053,NK08181,NK10104,V300093475_L03_86,19101412,19102703,IM_19110207_result,IM_20010403_result,20010715,19120508,IM_20030103_result,20040104_1,IM_20050511_result,V350011903_L01_115,20052815,V350011900_L03_100,V300073501_L04_85,V350037201_L03_14,NK10183,NK10262,NK10095,V350037201_L02_126,V350037201_L02_63,NK04252,NK06250,NK06310,7-20,V350037201_L02_65,NK04150,NK04047,V350011809_L01_61,V350037201_L02_60,V350011904_L04_30,V350011900_L02_90,V350011900_L03_16,V350037201_L02_87,V350011900_L03_70,7-80
NK10012,1.0,0.7672135,0.99970686,0.99961305,0.74252325,0.9925964,0.6958785,0.71264964,0.9996735,0.90780115,0.9997037,0.9987799,0.99970686,0.7661015,0.99894863,0.7038899,0.66376966,0.64928865,0.6803163,0.3101247,0.27387586,0.65053415,0.43004638,0.5701716,0.6715887,0.6277549,0.7076209,0.62774205,0.632138,0.5701724,0.66057414,0.6284479,0.7076828,0.99894863,0.7077562,0.70800614,0.7079095,0.62728155,0.66388476,0.71490693,0.7071383,0.6277252,0.7078826,0.7081661,0.3958636,0.392209,0.3942988,0.39332235,0.39257917,0.29013124,0.61801434,0.6155381,0.6155381,0.5406098,0.6155381,0.24946132,0.24579951,0.31155416,0.6362443,0.31155416,0.48846233,0.31155416,0.99968326,0.55395746,0.6598644,0.7107073,0.5967437,0.6204188,0.60624015,0.31494612,0.72225475,0.6455697,0.41185293,0.573857,0.5629387,0.5629387,0.5562386,0.2208431,0.6420859,0.5355381,0.5645084,0.59687054,0.7133867,0.5882173,0.7133867,0.39200258,0.6459731,0.25301647,0.25301647,0.24998462,0.249908,0.2488113,0.24166188,0.25301647,0.24561357,0.24998462,0.2518561,0.25301647,0.26840636,0.41190493,0.24856749,0.25301647,0.24998462,0.25301647,0.24897635,0.25890774,0.25258064,0.25301647,0.25301647,0.24870124,0.35518563,0.42133355,0.42091286,0.30774686,0.29905808,0.4955439,0.63534224,0.44171736,0.3132208,0.3975551,0.24641025
NK01065,0.7672135,1.0,0.76333547,0.7613484,0.9695227,0.81002635,0.859457,0.7721932,0.76140636,0.7249187,0.76639354,0.7618222,0.76333547,0.972981,0.756182,0.80307233,0.8523519,0.8032231,0.82540715,0.16301039,0.25950775,0.8185141,0.2625794,0.25580773,0.8988391,0.62117475,0.7980908,0.62168026,0.8767555,0.54622644,0.9160887,0.6221038,0.79840577,0.756182,0.8028451,0.79818004,0.8010332,0.62144566,0.922124,0.8126236,0.7977743,0.62166077,0.7906084,0.79166555,0.23607582,0.23499098,0.2339747,0.23364368,0.23682538,0.15452585,0.75073075,0.65423346,0.65423346,0.56775594,0.65423346,0.114444524,0.11464754,0.2724226,0.8882034,0.2724226,0.6921866,0.2724226,0.7640157,0.56926996,0.73882407,0.79376626,0.9091213,0.8531111,0.7358952,0.22166687,0.7698819,0.31126076,0.1698958,0.27180535,0.25097895,0.25097895,0.627125,0.25308084,0.81322765,0.65096414,0.68120176,0.91823506,0.77242637,0.68412703,0.77242637,0.17009631,0.61719245,0.11379957,0.11379957,0.12314767,0.11310792,0.1127885,0.11068115,0.11379957,0.11214265,0.12314767,0.11283332,0.11379957,0.15372837,0.74958706,0.11226982,0.11379957,0.12314767,0.11379957,0.11289397,0.22292507,0.11246163,0.11379957,0.11379957,0.112529874,0.27367955,0.2898811,0.26175907,0.20986137,0.19079512,0.48436528,0.8278723,0.6343547,0.22656211,0.35821867,0.13632
NK04214,0.99970686,0.76333547,1.0,0.9998574,0.73833454,0.9923028,0.6927929,0.71161175,0.9999205,0.9075912,0.99981946,0.99907047,1.0,0.7621475,0.9992077,0.7017618,0.66022784,0.6477797,0.67839915,0.31224066,0.2724508,0.6470938,0.43457377,0.57331955,0.6673416,0.6273583,0.7050987,0.62698483,0.62954086,0.56844383,0.6571876,0.6276664,0.70515025,0.9992077,0.70517606,0.70550406,0.70526725,0.62655365,0.6600877,0.7122071,0.7046485,0.6273285,0.705435,0.7057121,0.39754227,0.39397365,0.39602363,0.39508682,0.39420736,0.2914016,0.61747617,0.61617583,0.61617583,0.54290575,0.61617583,0.2526367,0.24909264,0.31504574,0.6319106,0.31504574,0.48837116,0.31504574,0.99990237,0.554277,0.65871215,0.708373,0.5921874,0.6147528,0.6038625,0.3166065,0.71660984,0.6481947,0.41521645,0.5768032,0.56622434,0.56622434,0.55484766,0.21933198,0.6396616,0.5325103,0.5611216,0.5916872,0.712314,0.58611006,0.712314,0.39816278,0.6461512,0.25646824,0.25646824,0.25271398,0.25326532,0.25218624,0.24501824,0.25646824,0.24895886,0.25271398,0.25533187,0.25646824,0.2715248,0.40640536,0.25195497,0.25646824,0.25271398,0.25646824,0.25236464,0.26018363,0.2559952,0.25646824,0.25646824,0.2520736,0.35582238,0.4215815,0.42085195,0.31033912,0.30154416,0.49702853,0.63027483,0.43672672,0.3146968,0.3953159,0.25058055
NK10226,0.99961305,0.7613484,0.9998574,1.0,0.73495406,0.99200034,0.68793046,0.7075615,0.9999586,0.90768254,0.9998513,0.9991543,0.9998574,0.7589382,0.9992665,0.69822454,0.65766114,0.6429109,0.67404914,0.3165941,0.27488655,0.6431409,0.4387714,0.5778658,0.66492516,0.62586224,0.70148116,0.6255346,0.62523836,0.57007706,0.65306515,0.62623984,0.7014576,0.9992665,0.7015785,0.70190275,0.7016737,0.6251413,0.6561687,0.7084294,0.70102954,0.62580955,0.70182693,0.702085,0.40023682,0.39655417,0.39875102,0.39786106,0.39681333,0.29555705,0.6134789,0.61257386,0.61257386,0.5390836,0.61257386,0.25609764,0.25261915,0.31373912,0.62723947,0.31373912,0.48413694,0.31373912,0.99989915,0.5513042,0.6545818,0.704777,0.5893558,0.61102057,0.6007896,0.3213176,0.7156863,0.6519275,0.42010978,0.58133644,0.57077736,0.57077736,0.55281246,0.22086686,0.6358565,0.53017664,0.5585064,0.58822244,0.708275,0.5841622,0.708275,0.39791697,0.6423931,0.26000464,0.26000464,0.2560018,0.25672626,0.25562978,0.24838102,0.26000464,0.25231695,0.2560018,0.25887465,0.26000464,0.2757141,0.40487385,0.25547373,0.26000464,0.2560018,0.26000464,0.2558002,0.2620792,0.2594997,0.26000464,0.26000464,0.25552496,0.36094934,0.42063415,0.42034048,0.31471407,0.30559164,0.502184,0.62945485,0.43614626,0.31933844,0.39676648,0.25391647
V350011900_L02_44,0.74252325,0.9695227,0.73833454,0.73495406,1.0,0.7872523,0.90636516,0.8296676,0.73539793,0.68560714,0.74013823,0.73570126,0.73833454,0.99515146,0.73009753,0.86340654,0.86151797,0.8710414,0.8875854,0.10659236,0.2106089,0.883392,0.20850766,0.21813053,0.9099522,0.65836406,0.8478173,0.65769607,0.9253136,0.5013678,0.9523716,0.65778244,0.8484137,0.73009753,0.8525737,0.84780604,0.85000217,0.65731347,0.9555502,0.86177534,0.8475431,0.6591441,0.8413481,0.84243786,0.25816193,0.25859374,0.25569674,0.25562003,0.2603311,0.1313073,0.82334876,0.7337338,0.7337338,0.6481839,0.7337338,0.069457024,0.069393575,0.3332305,0.93944645,0.3332305,0.75107133,0.3332305,0.7383523,0.62733966,0.80098695,0.84435594,0.92287874,0.90084267,0.80567205,0.15223393,0.7822348,0.28468502,0.12146264,0.23413736,0.21290377,0.21290377,0.6624614,0.21723968,0.86846024,0.6914941,0.71384233,0.9320241,0.82983387,0.7108244,0.82983387,0.1756694,0.67175484,0.06774819,0.06774819,0.082877874,0.06889346,0.06856614,0.06792721,0.06774819,0.068528414,0.082877874,0.06729671,0.06774819,0.09507549,0.7528336,0.06788495,0.06774819,0.082877874,0.06774819,0.068644345,0.17826566,0.06801665,0.06774819,0.06774819,0.06835678,0.19465137,0.28576237,0.2710507,0.1388739,0.13339558,0.40970588,0.804573,0.639296,0.1590521,0.34720266,0.09333384
V350011797_L04_29,0.9925964,0.81002635,0.9923028,0.99200034,0.7872523,1.0,0.7375629,0.73956573,0.991961,0.90305114,0.992832,0.99253005,0.9923028,0.80915695,0.989975,0.7389252,0.71279967,0.6904011,0.72322565,0.26882535,0.2524235,0.6955655,0.39684272,0.5193839,0.71638864,0.6442406,0.74219,0.6440321,0.68549794,0.56600034,0.7088415,0.64472806,0.7424115,0.989975,0.7451222,0.7426334,0.7426448,0.6435275,0.7116058,0.7512779,0.7417173,0.6442624,0.74164927,0.74207145,0.36028033,0.35719702,0.35863805,0.3577547,0.35746595,0.25102353,0.6570765,0.63855267,0.63855267,0.5558242,0.63855267,0.20852455,0.20555994,0.29975182,0.6873654,0.29975182,0.52319807,0.29975182,0.992285,0.5677267,0.6910684,0.74499375,0.64144504,0.67208374,0.6469165,0.2819615,0.7524257,0.59535104,0.3618195,0.52583814,0.5124475,0.5124475,0.5730776,0.20437187,0.6844471,0.5578053,0.58514696,0.6477313,0.74018174,0.61237323,0.74018174,0.35330477,0.65331036,0.21194395,0.21194395,0.20979565,0.20867872,0.20789042,0.20137918,0.21194395,0.2049236,0.20979565,0.2106973,0.21194395,0.23178425,0.45565766,0.20783693,0.21194395,0.20979565,0.21194395,0.2080858,0.237499,0.2111566,0.21194395,0.21194395,0.20775092,0.32553208,0.3882093,0.3821676,0.2766114,0.26311356,0.4949936,0.6636802,0.46641007,0.28055578,0.37824386,0.21274942
V300093475_L04_114,0.6958785,0.859457,0.6927929,0.68793046,0.90636516,0.7375629,1.0,0.92464346,0.6884496,0.5890678,0.69252074,0.6853585,0.6927929,0.90856135,0.6842785,0.921626,0.8392857,0.9308285,0.9413482,0.058583796,0.1680404,0.94008064,0.11412233,0.16258425,0.9021732,0.7206946,0.9107041,0.721417,0.93518096,0.45760238,0.93216836,0.7208799,0.9118566,0.6842785,0.9133177,0.9104476,0.9111488,0.7190954,0.9301522,0.92086047,0.91081923,0.72195935,0.9061759,0.9069005,0.27317727,0.27554256,0.27040207,0.26915723,0.27457905,0.110441744,0.89040506,0.8343248,0.8343248,0.7647556,0.8343248,0.049836487,0.04963094,0.45508036,0.9499465,0.45508036,0.8149754,0.45508036,0.69116616,0.69019145,0.8686451,0.90919447,0.86993027,0.9176359,0.8821186,0.08441275,0.7727535,0.25601974,0.059476703,0.1753462,0.15955326,0.15955326,0.7630939,0.19501764,0.93063784,0.78107345,0.7556594,0.8755101,0.92494905,0.8026814,0.92494905,0.24750033,0.7776369,0.04820329,0.04820329,0.04887864,0.05050683,0.049924016,0.05075553,0.04820329,0.05140558,0.04887864,0.04818511,0.04820329,0.045448005,0.6617112,0.048548907,0.04820329,0.04887864,0.04820329,0.04999104,0.13108498,0.049126595,0.04820329,0.04820329,0.049880207,0.10398394,0.356698,0.34877372,0.06748673,0.08387858,0.2974922,0.65713537,0.5940359,0.087424755,0.36286297,0.06287259
V350011903_L02_77,0.71264964,0.7721932,0.71161175,0.7075615,0.8296676,0.73956573,0.92464346,1.0,0.7082313,0.58392584,0.7105298,0.70485973,0.71161175,0.8423013,0.7047658,0.93175817,0.7838334,0.92835855,0.9435316,0.070046484,0.0886558,0.9032405,0.12808776,0.2310496,0.823495,0.7678969,0.9281213,0.7668719,0.8970492,0.43435767,0.88859767,0.76671565,0.92789626,0.7047658,0.9248682,0.92800623,0.92664963,0.7661887,0.8847147,0.928264,0.92808205,0.7689792,0.92440367,0.9246167,0.3585443,0.3604277,0.35598,0.35571504,0.3592703,0.13843268,0.90458703,0.8839896,0.8839896,0.86135453,0.8839896,0.058816552,0.059428275,0.553616,0.8947486,0.553616,0.8323369,0.553616,0.7104792,0.7288878,0.8928851,0.92746806,0.80745745,0.8514294,0.86672586,0.058461636,0.70004475,0.33337915,0.09923527,0.23582461,0.2282551,0.2282551,0.8199591,0.12281489,0.948194,0.8070836,0.7700582,0.7746484,0.99997497,0.83180827,0.99997497,0.346274,0.84699047,0.059627682,0.059627682,0.05125594,0.060996085,0.060643077,0.060587496,0.059627682,0.0606322,0.05125594,0.06009966,0.059627682,0.044893444,0.5156014,0.060323536,0.059627682,0.05125594,0.059627682,0.060712636,0.09465653,0.060882866,0.059627682,0.059627682,0.060628206,0.067640364,0.3949828,0.38251024,0.051095635,0.0829705,0.24486041,0.51890653,0.49361306,0.058131814,0.35476822,0.068603605
NK01067,0.9996735,0.76140636,0.9999205,0.9999586,0.73539793,0.991961,0.6884496,0.7082313,1.0,0.9077301,0.9998914,0.99917686,0.9999205,0.7592991,0.9993188,0.69812226,0.65697765,0.6432572,0.67417413,0.31621885,0.27492812,0.64317155,0.43802536,0.577472,0.66420263,0.62501705,0.701197,0.6247125,0.6254178,0.5687398,0.6532435,0.62542355,0.70120704,0.9993188,0.7012662,0.7016116,0.7013777,0.6243133,0.65626717,0.7082325,0.7007425,0.6249677,0.7015103,0.70177364,0.400158,0.39651152,0.39866528,0.39773417,0.3967315,0.29555494,0.61353,0.6126061,0.6126061,0.5399193,0.6126061,0.25587797,0.2523731,0.31501985,0.6277836,0.31501985,0.48565748,0.31501985,0.99993694,0.5513333,0.65465117,0.7044524,0.58995414,0.61108243,0.6005987,0.320773,0.71570617,0.65159714,0.41981098,0.5808985,0.5703555,0.5703555,0.5539856,0.2211473,0.6366361,0.5314127,0.5596532,0.58859724,0.70893836,0.58506525,0.70893836,0.39874408,0.6431669,0.2597705,0.2597705,0.25585365,0.25648707,0.2554211,0.24818793,0.2597705,0.25212646,0.25585365,0.2586333,0.2597705,0.27546024,0.40447497,0.25519732,0.2597705,0.25585365,0.2597705,0.25559178,0.26174432,0.25925288,0.2597705,0.2597705,0.25531426,0.36007896,0.42239353,0.4216973,0.31448066,0.30568522,0.5000637,0.6292295,0.43605256,0.31882775,0.397507,0.25351173
V350011809_L02_30,0.90780115,0.7249187,0.9075912,0.90768254,0.68560714,0.90305114,0.5890678,0.58392584,0.9077301,1.0,0.907688,0.91250825,0.9075912,0.7028772,0.90759265,0.6080538,0.6220789,0.5685843,0.59388196,0.37458417,0.3554422,0.5388854,0.5584636,0.5960801,0.63547194,0.6127041,0.6204028,0.61039793,0.5685637,0.6501247,0.59988946,0.61103094,0.6206566,0.90759265,0.6210261,0.6208837,0.6214558,0.6109935,0.60059386,0.6260736,0.62001365,0.61224675,0.6207944,0.62139004,0.41009364,0.40640503,0.40907562,0.40888792,0.40773243,0.33919317,0.5513092,0.53568023,0.53568023,0.45356894,0.53568023,0.35691887,0.3529968,0.24784982,0.55533093,0.24784982,0.41185072,0.24784982,0.90830904,0.5360463,0.5808556,0.6217171,0.52889496,0.5256071,0.5046286,0.4081171,0.6332756,0.63369066,0.49370003,0.5990436,0.5909531,0.5909531,0.42262325,0.2916432,0.53145075,0.42521778,0.50406694,0.583357,0.5844552,0.45331183,0.5844552,0.4442091,0.5681971,0.35924584,0.35924584,0.35990772,0.35640278,0.35553107,0.3490406,0.35924584,0.35184702,0.35990772,0.35792643,0.35924584,0.37087497,0.45371348,0.3549869,0.35924584,0.35990772,0.35924584,0.35595238,0.41507304,0.35779813,0.35924584,0.35924584,0.35511857,0.45406282,0.4202916,0.4141556,0.40173948,0.3720628,0.55834126,0.6902926,0.48048192,0.40923965,0.33735973,0.36752963
V350011900_L04_94,0.9997037,0.76639354,0.99981946,0.9998513,0.74013823,0.992832,0.69252074,0.7105298,0.9998914,0.907688,1.0,0.9992152,0.99981946,0.76386297,0.9991418,0.70041084,0.6616884,0.6457895,0.6769029,0.31342292,0.274804,0.64698666,0.4333461,0.57200336,0.66912484,0.6255598,0.70405024,0.62542117,0.62954676,0.57029545,0.65742797,0.6261568,0.70406675,0.9991418,0.70420635,0.70445615,0.7043194,0.6249993,0.66060925,0.71131206,0.7035792,0.6255213,0.7042161,0.7045047,0.39645594,0.39279687,0.39492297,0.39396742,0.39305264,0.2923942,0.61472726,0.6119758,0.6119758,0.53893936,0.6119758,0.25218308,0.24866962,0.31191796,0.6324963,0.31191796,0.48811108,0.31191796,0.99986744,0.55003005,0.65575606,0.7072278,0.5951974,0.61653537,0.60320383,0.31899226,0.72046155,0.64627147,0.41473538,0.57550675,0.5647704,0.5647704,0.55626225,0.22110638,0.6406132,0.5349736,0.5633531,0.5946015,0.7112457,0.58818465,0.7112457,0.39279976,0.6428211,0.25591958,0.25591958,0.25224203,0.2526751,0.25161207,0.24440011,0.25591958,0.248344,0.25224203,0.2547519,0.25591958,0.27243558,0.40941948,0.25137696,0.25591958,0.25224203,0.25591958,0.25177988,0.2602411,0.25543958,0.25591958,0.25591958,0.2514982,0.35929865,0.420653,0.41893408,0.312399,0.30369502,0.49895114,0.6331061,0.440353,0.3171522,0.39807054,0.24928209
V350011900_L02_43,0.9987799,0.7618222,0.99907047,0.9991543,0.73570126,0.99253005,0.6853585,0.70485973,0.99917686,0.91250825,0.9992152,1.0,0.99907047,0.75959325,0.9983997,0.6981462,0.66092473,0.6432883,0.67452884,0.31605417,0.27591145,0.6425756,0.44136798,0.5770788,0.66442853,0.63027275,0.70272297,0.6298429,0.625558,0.57497317,0.65340805,0.63057953,0.70279497,0.9983997,0.70314085,0.7031747,0.7028883,0.6295227,0.65623075,0.70963544,0.7022425,0.6301844,0.70324767,0.7035376,0.3978752,0.39427468,0.39642882,0.39560515,0.3945616,0.2929684,0.614209,0.61264044,0.61264044,0.53804946,0.61264044,0.25758794,0.25399008,0.309161,0.6260131,0.309161,0.4809577,0.309161,0.9992009,0.5511156,0.6540679,0.70612144,0.58588064,0.6123335,0.60149324,0.3210889,0.71476734,0.64927113,0.4201281,0.58007836,0.5699198,0.5699198,0.5456839,0.22232369,0.63346916,0.5252566,0.55476546,0.58853173,0.7055517,0.57710546,0.7055517,0.39713225,0.63840556,0.26137024,0.26137024,0.25740677,0.25795913,0.25701007,0.24968958,0.26137024,0.2535777,0.25740677,0.26015842,0.26137024,0.27644563,0.4061755,0.25682724,0.26137024,0.25740677,0.26137024,0.25720477,0.26887447,0.2607788,0.26137024,0.26137024,0.2568613,0.36110887,0.41701418,0.4140157,0.315407,0.30494377,0.5011816,0.6300057,0.4373533,0.31916553,0.3897866,0.2566448
NK04051,0.99970686,0.76333547,1.0,0.9998574,0.73833454,0.9923028,0.6927929,0.71161175,0.9999205,0.9075912,0.99981946,0.99907047,1.0,0.7621475,0.9992077,0.7017618,0.66022784,0.6477797,0.67839915,0.31224066,0.2724508,0.6470938,0.43457377,0.57331955,0.6673416,0.6273583,0.7050987,0.62698483,0.62954086,0.56844383,0.6571876,0.6276664,0.70515025,0.9992077,0.70517606,0.70550406,0.70526725,0.62655365,0.6600877,0.7122071,0.7046485,0.6273285,0.705435,0.7057121,0.39754227,0.39397365,0.39602363,0.39508682,0.39420736,0.2914016,0.61747617,0.61617583,0.61617583,0.54290575,0.61617583,0.2526367,0.24909264,0.31504574,0.6319106,0.31504574,0.48837116,0.31504574,0.99990237,0.554277,0.65871215,0.708373,0.5921874,0.6147528,0.6038625,0.3166065,0.71660984,0.6481947,0.41521645,0.5768032,0.56622434,0.56622434,0.55484766,0.21933198,0.6396616,0.5325103,0.5611216,0.5916872,0.712314,0.58611006,0.712314,0.39816278,0.6461512,0.25646824,0.25646824,0.25271398,0.25326532,0.25218624,0.24501824,0.25646824,0.24895886,0.25271398,0.25533187,0.25646824,0.2715248,0.40640536,0.25195497,0.25646824,0.25271398,0.25646824,0.25236464,0.26018363,0.2559952,0.25646824,0.25646824,0.2520736,0.35582238,0.4215815,0.42085195,0.31033912,0.30154416,0.49702853,0.63027483,0.43672672,0.3146968,0.3953159,0.25058055
NK08105,0.7661015,0.972981,0.7621475,0.7589382,0.99515146,0.80915695,0.90856135,0.8423013,0.7592991,0.7028772,0.76386297,0.75959325,0.7621475,1.0,0.75392234,0.8731521,0.87068605,0.877987,0.8961141,0.101044744,0.19355515,0.8874624,0.21028563,0.22624376,0.9159679,0.678492,0.86280906,0.67821634,0.9256489,0.5151841,0.9566704,0.6784052,0.8634913,0.75392234,0.8673665,0.862838,0.86486727,0.6779437,0.9607744,0.8760877,0.86250055,0.6792252,0.8571317,0.8581103,0.25521365,0.25514787,0.25277317,0.25265723,0.25695902,0.11970878,0.8284104,0.74245524,0.74245524,0.6577455,0.74245524,0.06275794,0.062696636,0.32835823,0.9368225,0.32835823,0.7449402,0.32835823,0.762153,0.6392929,0.8143147,0.8602405,0.9143105,0.9004651,0.813411,0.14131469,0.7815742,0.29602987,0.12015051,0.24162054,0.22094783,0.22094783,0.6614811,0.201462,0.86731184,0.68366647,0.7043469,0.9231601,0.84243906,0.710525,0.84243906,0.18059582,0.6779167,0.061492115,0.061492115,0.07294375,0.062142253,0.06193003,0.06029734,0.061492115,0.061243534,0.07294375,0.06095311,0.061492115,0.08561906,0.7336745,0.061119795,0.061492115,0.07294375,0.061492115,0.062051177,0.1700311,0.061208814,0.061492115,0.061492115,0.0617207,0.18430477,0.27987346,0.2615826,0.12879005,0.121198624,0.41035593,0.79090744,0.61930156,0.14678851,0.33358407,0.08745229
NK08202,0.99894863,0.756182,0.9992077,0.9992665,0.73009753,0.989975,0.6842785,0.7047658,0.9993188,0.90759265,0.9991418,0.9983997,0.9992077,0.75392234,1.0,0.69423246,0.6499057,0.6368126,0.6681502,0.32028502,0.27753413,0.6382697,0.44312015,0.58434415,0.6584856,0.6222819,0.69560623,0.6218214,0.6190252,0.5704726,0.64648455,0.6225134,0.6955724,1.0,0.6954707,0.6960367,0.69574547,0.6214261,0.6496787,0.7026468,0.6951589,0.6222358,0.6960248,0.69628894,0.4087134,0.4050794,0.4072137,0.4063316,0.4053784,0.30206567,0.60833585,0.6081638,0.6081638,0.5370705,0.6081638,0.26146558,0.25780964,0.31502068,0.6219145,0.31502068,0.47891867,0.31502068,0.99921775,0.55000937,0.6502816,0.69886893,0.58496517,0.60573155,0.5955625,0.32490683,0.7134746,0.65836465,0.4268462,0.5875107,0.57705104,0.57705104,0.55340517,0.22236261,0.6320777,0.52956927,0.55716825,0.58349127,0.70553243,0.58349055,0.70553243,0.4029393,0.6413508,0.26521236,0.26521236,0.2616039,0.26218745,0.26100704,0.2536221,0.26521236,0.2576613,0.2616039,0.26410472,0.26521236,0.28005654,0.4014055,0.26065558,0.26521236,0.2616039,0.26521236,0.26115805,0.26590565,0.2648691,0.26521236,0.26521236,0.2608866,0.364228,0.42655298,0.42744282,0.3181952,0.3098384,0.5008826,0.6267522,0.4331445,0.32309592,0.39969504,0.25862187
V300093475_L04_98,0.7038899,0.80307233,0.7017618,0.69822454,0.86340654,0.7389252,0.921626,0.93175817,0.69812226,0.6080538,0.70041084,0.6981462,0.7017618,0.8731521,0.69423246,1.0,0.8694859,0.967759,0.977343,0.05365652,0.08274007,0.94067526,0.16392264,0.22962785,0.8690734,0.7947523,0.94729555,0.79276586,0.93202555,0.44097376,0.92099875,0.79218864,0.9471737,0.69423246,0.94823384,0.94727266,0.9470263,0.7929044,0.9165833,0.9492633,0.94749796,0.7956741,0.94502306,0.94523346,0.33291554,0.3353533,0.3307741,0.331473,0.33501315,0.086889595,0.9564224,0.92869395,0.92869395,0.8572915,0.92869395,0.06107378,0.06160444,0.48065943,0.9209253,0.48065943,0.7734654,0.48065943,0.7015988,0.8132633,0.9494703,0.9450461,0.7685511,0.9018239,0.9184905,0.050424993,0.6877005,0.32228535,0.09289265,0.24430376,0.22872198,0.22872198,0.6543052,0.14153457,0.88595825,0.6737372,0.6442259,0.8000346,0.9321705,0.68104815,0.9321705,0.26704124,0.79289716,0.060135186,0.060135186,0.056893587,0.06268135,0.061796874,0.060759664,0.060135186,0.060736597,0.056893587,0.060891837,0.060135186,0.030769527,0.6114972,0.059495687,0.060135186,0.056893587,0.060135186,0.061996996,0.13329703,0.059139073,0.060135186,0.060135186,0.06168601,0.067108065,0.26072383,0.27181548,0.027696073,0.03314984,0.33290958,0.58130217,0.5266781,0.056261837,0.24671072,0.09705272
V350037201_L02_35,0.66376966,0.8523519,0.66022784,0.65766114,0.86151797,0.71279967,0.8392857,0.7838334,0.65697765,0.6220789,0.6616884,0.66092473,0.66022784,0.87068605,0.6499057,0.8694859,1.0,0.86310613,0.8750503,0.17616335,0.24838874,0.87727547,0.21995899,0.18505338,0.87434983,0.6942603,0.8619521,0.69735587,0.89677715,0.5378648,0.882974,0.6977557,0.8623558,0.6499057,0.8692551,0.8618883,0.8644872,0.69792545,0.88439226,0.8711344,0.86169064,0.69468594,0.8593295,0.8600856,0.22062239,0.22105956,0.21911734,0.22006083,0.22297132,0.11401859,0.81045747,0.7271979,0.7271979,0.63603437,0.7271979,0.13415837,0.13499513,0.3029487,0.88094175,0.3029487,0.66400236,0.3029487,0.6601795,0.6562592,0.8194213,0.8616344,0.7757647,0.9058484,0.8208158,0.20787454,0.7124604,0.23351774,0.105498284,0.19988737,0.18237707,0.18237707,0.546384,0.28108525,0.7904074,0.5919092,0.610144,0.87358195,0.7840587,0.59325415,0.7840587,0.16549954,0.6087802,0.13235891,0.13235891,0.13530442,0.1326164,0.13216147,0.1322464,0.13235891,0.1324836,0.13530442,0.13165268,0.13235891,0.14642137,0.7495861,0.13262534,0.13235891,0.13530442,0.13235891,0.13259673,0.30531758,0.13005203,0.13235891,0.13235891,0.13201708,0.25297403,0.21683466,0.20834228,0.17877817,0.15101078,0.51404476,0.71160203,0.6145161,0.21444044,0.27771384,0.16859314
V350037201_L04_45,0.64928865,0.8032231,0.6477797,0.6429109,0.8710414,0.6904011,0.9308285,0.92835855,0.6432572,0.5685843,0.6457895,0.6432883,0.6477797,0.877987,0.6368126,0.967759,0.86310613,1.0,0.9931302,0.044339806,0.104884624,0.9439708,0.14885062,0.18466368,0.87690175,0.78789485,0.9477687,0.78554475,0.9538752,0.43145752,0.9417179,0.7848952,0.9481989,0.6368126,0.9491435,0.9475891,0.9474133,0.7854271,0.9353894,0.95006114,0.94804025,0.7888669,0.9454928,0.9458052,0.3016442,0.30544662,0.29967797,0.30041093,0.30457893,0.08248919,0.96897733,0.9360547,0.9360547,0.8696325,0.9360547,0.060910344,0.06196013,0.5171243,0.9440514,0.5171243,0.83041763,0.5171243,0.64692676,0.79524267,0.941263,0.9458945,0.7901311,0.9014073,0.9049245,0.042675078,0.6729221,0.26984993,0.06595093,0.19810179,0.18439168,0.18439168,0.66118455,0.16864398,0.8953681,0.6882882,0.66115195,0.8220142,0.9283829,0.6860338,0.9283829,0.2730415,0.7760606,0.05968693,0.05968693,0.059275866,0.062398463,0.061950028,0.062746346,0.05968693,0.062117428,0.059275866,0.060389847,0.05968693,0.032421827,0.63051015,0.060273945,0.05968693,0.059275866,0.05968693,0.062209338,0.14263687,0.059498906,0.05968693,0.05968693,0.061850667,0.053222716,0.27358937,0.2646891,0.02947098,0.037908614,0.2882957,0.5962235,0.56200105,0.04787284,0.24423161,0.09990117
V350011900_L04_133,0.6803163,0.82540715,0.67839915,0.67404914,0.8875854,0.72322565,0.9413482,0.9435316,0.67417413,0.59388196,0.6769029,0.67452884,0.67839915,0.8961141,0.6681502,0.977343,0.8750503,0.9931302,1.0,0.029899567,0.087954015,0.9507791,0.14854026,0.19214949,0.89031667,0.79767966,0.96179926,0.7950988,0.9651422,0.447104,0.95269686,0.7945395,0.962069,0.6681502,0.9631979,0.96172166,0.96166945,0.79488933,0.9472153,0.96436024,0.96194714,0.7986226,0.95899546,0.959381,0.2876851,0.29057753,0.28553602,0.2864095,0.29037297,0.06628409,0.9700488,0.9336622,0.9336622,0.8599274,0.9336622,0.04527083,0.04620889,0.48982015,0.95149875,0.48982015,0.8205259,0.48982015,0.6778018,0.7898015,0.9458713,0.9596739,0.8068743,0.9090254,0.90965134,0.03494048,0.6952663,0.2826624,0.062372744,0.20591265,0.19127077,0.19127077,0.6765235,0.1404261,0.9122211,0.6930356,0.6766442,0.8334251,0.9436222,0.7049378,0.9436222,0.26419654,0.7872754,0.04424879,0.04424879,0.042928487,0.04662198,0.04610765,0.046327293,0.04424879,0.04590839,0.042928487,0.044816494,0.04424879,0.020661324,0.6347686,0.044889092,0.04424879,0.042928487,0.04424879,0.046357602,0.1316424,0.04404667,0.04424879,0.04424879,0.04597807,0.05272135,0.26692966,0.26450327,0.01936388,0.023210049,0.31342718,0.61130726,0.5529767,0.03935218,0.24267057,0.08438811
V350011797_L02_49,0.3101247,0.16301039,0.31224066,0.3165941,0.10659236,0.26882535,0.058583796,0.070046484,0.31621885,0.37458417,0.31342292,0.31605417,0.31224066,0.101044744,0.32028502,0.05365652,0.17616335,0.044339806,0.029899567,1.0,0.90044266,0.06642169,0.7982843,0.791314,0.101316005,0.19336927,0.055413127,0.1967904,0.040735096,0.5227187,0.058098346,0.19743302,0.05531603,0.32028502,0.055893093,0.055389464,0.055461407,0.19709912,0.06541622,0.05176854,0.055170894,0.19239718,0.059385598,0.058810115,0.71209705,0.7095275,0.71435523,0.7131375,0.70977163,0.92169,0.05117911,0.096906185,0.096906185,0.16222069,0.096906185,0.93589616,0.93560684,0.51849467,0.057437807,0.51849467,0.18106604,0.51849467,0.31242383,0.22709882,0.083393574,0.059679,0.1784186,0.11966169,0.12508196,0.9660147,0.29772788,0.7023144,0.91127115,0.7782378,0.7924379,0.7924379,0.30685458,0.8608775,0.08842301,0.2953512,0.31264198,0.15883592,0.06984362,0.2834473,0.06984362,0.72022533,0.2368339,0.9377554,0.9377554,0.93934834,0.9342935,0.9349468,0.9348401,0.9377554,0.9351456,0.93934834,0.9371315,0.9377554,0.96687245,0.3470006,0.9370946,0.9377554,0.93934834,0.9377554,0.93469167,0.8378929,0.93727565,0.9377554,0.9377554,0.9351696,0.94742894,0.72628516,0.7317223,0.9749602,0.9752265,0.6858408,0.35410583,0.4450577,0.96010804,0.7697574,0.8912889
V300063714_L03_29,0.27387586,0.25950775,0.2724508,0.27488655,0.2106089,0.2524235,0.1680404,0.0886558,0.27492812,0.3554422,0.274804,0.27591145,0.2724508,0.19355515,0.27753413,0.08274007,0.24838874,0.104884624,0.087954015,0.90044266,1.0,0.17261946,0.7234233,0.64608103,0.1837509,0.14689523,0.086226135,0.15115607,0.15150765,0.50604665,0.13876793,0.15164217,0.086679935,0.27753413,0.08933082,0.08598518,0.08800125,0.15071273,0.14569369,0.09028226,0.08589411,0.14635298,0.08695465,0.08722049,0.58176917,0.5806539,0.5833827,0.5821197,0.5805655,0.8538686,0.09776014,0.09314802,0.09314802,0.118998826,0.09314802,0.87603295,0.87583447,0.47015777,0.19147879,0.47015777,0.25905237,0.47015777,0.27174753,0.15415129,0.076251626,0.08681017,0.30313498,0.23901716,0.18819681,0.9142844,0.40300804,0.5623805,0.7923229,0.6373795,0.6459016,0.6459016,0.36285415,0.96207744,0.17223114,0.40455258,0.4264018,0.33157396,0.088481516,0.35237223,0.088481516,0.5730906,0.15652636,0.87390375,0.87390375,0.8886683,0.87290514,0.8735448,0.8773689,0.87390375,0.87679446,0.8886683,0.87313664,0.87390375,0.90548927,0.5375259,0.87592375,0.87390375,0.8886683,0.87390375,0.873469,0.8590198,0.87528,0.87390375,0.87390375,0.8737308,0.9086385,0.7107007,0.68914247,0.9176219,0.9140115,0.62615216,0.4904275,0.6457228,0.9146527,0.7715416,0.8356913
V300073501_L01_16,0.65053415,0.8185141,0.6470938,0.6431409,0.883392,0.6955655,0.94008064,0.9032405,0.64317155,0.5388854,0.64698666,0.6425756,0.6470938,0.8874624,0.6382697,0.94067526,0.87727547,0.9439708,0.9507791,0.06642169,0.17261946,1.0,0.12808192,0.14891928,0.87587845,0.75019073,0.91888785,0.7510425,0.94835365,0.44956148,0.92023504,0.75087357,0.9191118,0.6382697,0.92271435,0.91888046,0.9194077,0.7498642,0.917839,0.92566645,0.9188305,0.7513696,0.9154409,0.9159647,0.30328918,0.30531114,0.30097073,0.30115485,0.30539054,0.12645066,0.9234389,0.86281335,0.86281335,0.8111409,0.86281335,0.049770236,0.05076042,0.51316655,0.9526168,0.51316655,0.82976615,0.51316655,0.6459147,0.7052124,0.87678266,0.91916287,0.8338531,0.9615917,0.93785524,0.08042565,0.7826329,0.23138174,0.055581927,0.16185299,0.14664012,0.14664012,0.7273775,0.21633223,0.9214998,0.7573499,0.7145173,0.86644804,0.9033973,0.75430954,0.9033973,0.19872677,0.71031725,0.04754573,0.04754573,0.04856214,0.0499278,0.050217062,0.051665187,0.04754573,0.050614983,0.04856214,0.048118442,0.04754573,0.040947348,0.67754734,0.049893767,0.04754573,0.04856214,0.04754573,0.050255716,0.15283802,0.048667848,0.04754573,0.04754573,0.05022168,0.09739703,0.2778077,0.2728561,0.058626026,0.07598418,0.3236841,0.6338869,0.63236463,0.086657286,0.35507983,0.07677871
V350037201_L02_38,0.43004638,0.2625794,0.43457377,0.4387714,0.20850766,0.39684272,0.11412233,0.12808776,0.43802536,0.5584636,0.4333461,0.44136798,0.43457377,0.21028563,0.44312015,0.16392264,0.21995899,0.14885062,0.14854026,0.7982843,0.7234233,0.12808192,1.0,0.8705815,0.21760759,0.37485045,0.17594188,0.36849445,0.16620818,0.5792196,0.16354313,0.3684233,0.17489737,0.44312015,0.1728887,0.17656493,0.17610765,0.37109846,0.15992156,0.16928843,0.1762928,0.37365866,0.17921281,0.1788823,0.6844252,0.68190384,0.686692,0.6888576,0.6827369,0.78142786,0.20599347,0.24458003,0.24458003,0.26015803,0.24458003,0.86330295,0.86353296,0.4443907,0.12857836,0.4443907,0.1833187,0.4443907,0.43692675,0.37391168,0.2072896,0.17427942,0.19359574,0.119407356,0.15498221,0.81723315,0.25386384,0.7972883,0.92222184,0.8667861,0.87339926,0.87339926,0.20665294,0.6883552,0.11631015,0.18203199,0.22411767,0.20975927,0.12807086,0.17753977,0.12807086,0.72603714,0.22222847,0.8652513,0.8652513,0.8651142,0.8644698,0.86405706,0.86161,0.8652513,0.8617703,0.8651142,0.8657148,0.8652513,0.85541654,0.39169955,0.86383307,0.8652513,0.8651142,0.8652513,0.8642967,0.83662796,0.8639674,0.8652513,0.8652513,0.8639464,0.79833907,0.532745,0.5441008,0.8283169,0.78239036,0.7780181,0.45662436,0.3979871,0.8169289,0.47135484,0.8902558
V350037201_L03_44,0.5701716,0.25580773,0.57331955,0.5778658,0.21813053,0.5193839,0.16258425,0.2310496,0.577472,0.5960801,0.57200336,0.5770788,0.57331955,0.22624376,0.58434415,0.22962785,0.18505338,0.18466368,0.19214949,0.791314,0.64608103,0.14891928,0.8705815,1.0,0.18473938,0.35372722,0.22072455,0.35046655,0.13590828,0.5011672,0.16868764,0.35051817,0.21977407,0.58434415,0.21657416,0.22117934,0.22042161,0.35167158,0.17130172,0.2145797,0.22058374,0.3525886,0.22562087,0.2249121,0.6934986,0.68864167,0.69518894,0.6961082,0.6914336,0.7599229,0.22302783,0.30251998,0.30251998,0.3098737,0.30251998,0.8005202,0.79907846,0.4752312,0.13584471,0.4752312,0.17973411,0.4752312,0.5751517,0.40277958,0.27065074,0.22185719,0.17702058,0.12731758,0.18613222,0.7633821,0.319197,0.980832,0.94756,0.9975685,0.99953985,0.99953985,0.29268548,0.6003566,0.15790403,0.24423295,0.2714376,0.13868117,0.23137319,0.26958483,0.23137319,0.7446438,0.38508156,0.8037191,0.8037191,0.80338186,0.8019233,0.80104774,0.79545236,0.8037191,0.7974268,0.80338186,0.8039441,0.8037191,0.79532397,0.25674176,0.8014531,0.8037191,0.80338186,0.8037191,0.80094016,0.6804078,0.8039281,0.8037191,0.8037191,0.8011468,0.7484698,0.63570744,0.6791471,0.7743699,0.7505534,0.6828724,0.38603124,0.31386304,0.7589024,0.54642594,0.790822
NK01109,0.6715887,0.8988391,0.6673416,0.66492516,0.9099522,0.71638864,0.9021732,0.823495,0.66420263,0.63547194,0.66912484,0.66442853,0.6673416,0.9159679,0.6584856,0.8690734,0.87434983,0.87690175,0.89031667,0.101316005,0.1837509,0.87587845,0.21760759,0.18473938,1.0,0.80213773,0.90940464,0.80456257,0.9188483,0.634102,0.9457505,0.80454874,0.9097196,0.6584856,0.91241515,0.9093811,0.91183907,0.80438685,0.94676423,0.91853833,0.909441,0.8028365,0.90554786,0.9060625,0.25915542,0.25931215,0.25729436,0.257844,0.26183915,0.11821067,0.827587,0.7508819,0.7508819,0.6750043,0.7508819,0.09075418,0.08896503,0.34341902,0.90907633,0.34341902,0.7332694,0.34341902,0.6678078,0.7119195,0.84741193,0.90640116,0.85302675,0.8893417,0.8147091,0.14513624,0.7416595,0.24382102,0.104901135,0.19952217,0.1823974,0.1823974,0.6178376,0.19351056,0.8294068,0.635378,0.65896547,0.8746182,0.82405925,0.66990364,0.82405925,0.19870993,0.6729139,0.08755419,0.08755419,0.09052873,0.089571506,0.088656664,0.08758515,0.08755419,0.087991,0.09052873,0.08715749,0.08755419,0.09768626,0.71611905,0.087578505,0.08755419,0.09052873,0.08755419,0.0887436,0.20851302,0.087335646,0.08755419,0.08755419,0.08839354,0.18768674,0.23431721,0.23351824,0.12684616,0.11084771,0.44290242,0.76205146,0.58119386,0.14798197,0.28800672,0.12029794
NK01144,0.6277549,0.62117475,0.6273583,0.62586224,0.65836406,0.6442406,0.7206946,0.7678969,0.62501705,0.6127041,0.6255598,0.63027275,0.6273583,0.678492,0.6222819,0.7947523,0.6942603,0.78789485,0.79767966,0.19336927,0.14689523,0.75019073,0.37485045,0.35372722,0.80213773,1.0,0.90139586,0.9991621,0.74969476,0.7326168,0.77040875,0.9990517,0.9009693,0.6222819,0.8982806,0.9018285,0.8996848,0.99917126,0.764128,0.8913517,0.9016365,0.99999166,0.90655756,0.90580606,0.45175853,0.45222777,0.4512559,0.4536243,0.45442584,0.23753867,0.79051906,0.80317795,0.80317795,0.797149,0.80317795,0.2307527,0.226843,0.5249867,0.6863322,0.5249867,0.6397849,0.5249867,0.62819695,0.797009,0.82645845,0.9042082,0.55868065,0.7000568,0.75559926,0.16599172,0.581094,0.40083307,0.2706221,0.35451233,0.35511371,0.35511371,0.50614035,0.15792543,0.6878263,0.487478,0.4903828,0.57405585,0.7684798,0.51121974,0.7684798,0.4753787,0.6799641,0.22933412,0.22933412,0.21099395,0.23053765,0.2303868,0.22855979,0.22933412,0.2277931,0.21099395,0.2295134,0.22933412,0.18241382,0.42256346,0.22956523,0.22933412,0.21099395,0.22933412,0.23047507,0.29361883,0.22996664,0.22933412,0.22933412,0.23004031,0.16991195,0.28666756,0.283666,0.16561732,0.16399682,0.39019907,0.52540016,0.39738473,0.16335157,0.2331726,0.2752366
NK10155,0.7076209,0.7980908,0.7050987,0.70148116,0.8478173,0.74219,0.9107041,0.9281213,0.701197,0.6204028,0.70405024,0.70272297,0.7050987,0.86280906,0.69560623,0.94729555,0.8619521,0.9477687,0.96179926,0.055413127,0.086226135,0.91888785,0.17594188,0.22072455,0.90940464,0.90139586,1.0,0.9011518,0.9263513,0.5787144,0.9339806,0.9009495,0.9998956,0.69560623,0.99893373,0.9999924,0.99987805,0.9007358,0.9296932,0.9986603,0.9999912,0.9020779,0.99948233,0.99952507,0.2953419,0.29667768,0.29337525,0.29453385,0.29781768,0.080531,0.9181499,0.8915936,0.8915936,0.8371299,0.8915936,0.061416835,0.059829295,0.47103336,0.8983655,0.47103336,0.7715597,0.47103336,0.7048824,0.79093415,0.93702877,0.99923235,0.753361,0.88280857,0.8817996,0.044317454,0.7030092,0.3097784,0.08511227,0.22998226,0.2193327,0.2193327,0.64347136,0.120116204,0.8714253,0.6480759,0.63961494,0.7778051,0.92866224,0.6715467,0.92866224,0.3010115,0.76984817,0.059513032,0.059513032,0.0511688,0.061453074,0.06072125,0.060236454,0.059513032,0.060195178,0.0511688,0.05966139,0.059513032,0.032368302,0.56948745,0.060206264,0.059513032,0.0511688,0.059513032,0.060902447,0.1513133,0.0603202,0.059513032,0.059513032,0.060509413,0.06710526,0.27163887,0.26403436,0.03269428,0.03588879,0.32706064,0.6082062,0.50273436,0.045280248,0.24120364,0.096515834
NK10223,0.62774205,0.62168026,0.62698483,0.6255346,0.65769607,0.6440321,0.721417,0.7668719,0.6247125,0.61039793,0.62542117,0.6298429,0.62698483,0.67821634,0.6218214,0.79276586,0.69735587,0.78554475,0.7950988,0.1967904,0.15115607,0.7510425,0.36849445,0.35046655,0.80456257,0.9991621,0.9011518,1.0,0.7474601,0.7357426,0.76910007,0.9999752,0.90086347,0.6218214,0.89841706,0.9015429,0.8994967,0.9998311,0.7635085,0.8916174,0.90136206,0.99915236,0.9065739,0.90579355,0.44780737,0.44813493,0.44734016,0.44951665,0.45042005,0.23855042,0.7855159,0.79686236,0.79686236,0.79310775,0.79686236,0.23073679,0.22662988,0.52444816,0.6859192,0.52444816,0.6395489,0.52444816,0.6278007,0.7935924,0.8240697,0.9043125,0.55988145,0.70402235,0.75484514,0.1694488,0.58919245,0.39717668,0.2686693,0.3512764,0.35171387,0.35171387,0.5083867,0.16211826,0.6878077,0.4905773,0.49235177,0.57452774,0.7674823,0.5141171,0.7674823,0.46970546,0.6785648,0.22916728,0.22916728,0.21065062,0.2302719,0.23017591,0.22817314,0.22916728,0.2274887,0.21065062,0.22923934,0.22916728,0.18352365,0.4220362,0.22927201,0.22916728,0.21065062,0.22916728,0.23022905,0.294173,0.22969663,0.22916728,0.22916728,0.22983822,0.1740354,0.2855212,0.28300118,0.16856238,0.16767496,0.3888839,0.52619857,0.39724916,0.16673625,0.24088165,0.27279225
V350037201_L02_44,0.632138,0.8767555,0.62954086,0.62523836,0.9253136,0.68549794,0.93518096,0.8970492,0.6254178,0.5685637,0.62954676,0.625558,0.62954086,0.9256489,0.6190252,0.93202555,0.89677715,0.9538752,0.9651422,0.040735096,0.15150765,0.94835365,0.16620818,0.13590828,0.9188483,0.74969476,0.9263513,0.7474601,1.0,0.48234966,0.9696853,0.74702275,0.926623,0.6190252,0.92921335,0.92625946,0.9273317,0.7475023,0.96324205,0.93326306,0.92652154,0.75068,0.9209026,0.9216827,0.24210864,0.24491811,0.24003643,0.24125963,0.24563599,0.07566497,0.9269955,0.85273015,0.85273015,0.79158247,0.85273015,0.051986814,0.053646117,0.45090774,0.97986263,0.45090774,0.8434528,0.45090774,0.6290672,0.7257917,0.89307225,0.92222553,0.8725905,0.9334775,0.88567877,0.07738745,0.72184396,0.20753258,0.045229405,0.15167359,0.13469607,0.13469607,0.68408424,0.19409215,0.9233713,0.7051014,0.70348394,0.9126902,0.8970864,0.7177898,0.8970864,0.19768566,0.70437795,0.05002448,0.05002448,0.056316167,0.052621067,0.052349836,0.05412349,0.05002448,0.053189754,0.056316167,0.050410897,0.05002448,0.047920942,0.73304033,0.051133245,0.05002448,0.056316167,0.05002448,0.052539498,0.17521492,0.04969108,0.05002448,0.05002448,0.05214721,0.10540983,0.23815435,0.22697482,0.0617401,0.057673812,0.37663257,0.70503974,0.6221357,0.084717214,0.27686095,0.09904349
V300093475_L02_33,0.5701724,0.54622644,0.56844383,0.57007706,0.5013678,0.56600034,0.45760238,0.43435767,0.5687398,0.6501247,0.57029545,0.57497317,0.56844383,0.5151841,0.5704726,0.44097376,0.5378648,0.43145752,0.447104,0.5227187,0.50604665,0.44956148,0.5792196,0.5011672,0.634102,0.7326168,0.5787144,0.7357426,0.48234966,1.0,0.52353317,0.73631006,0.5782221,0.5704726,0.57778686,0.5791509,0.5801046,0.7371028,0.52575725,0.5756377,0.57853204,0.7320167,0.5839842,0.583761,0.47677618,0.47290656,0.4770311,0.4783881,0.4774402,0.477674,0.4116267,0.39733386,0.39733386,0.3984168,0.39733386,0.49669325,0.49034148,0.3364656,0.43561834,0.3364656,0.3760388,0.3364656,0.5696772,0.50084835,0.47482038,0.58298016,0.45031637,0.47229657,0.43619543,0.5322243,0.52675885,0.4805477,0.52085865,0.49560276,0.4989167,0.4989167,0.36366338,0.42775714,0.4151361,0.35219604,0.45333582,0.4951723,0.43514445,0.38819742,0.43514445,0.48315313,0.41306844,0.49509895,0.49509895,0.49767897,0.49290776,0.49276447,0.4897988,0.49509895,0.4907678,0.49767897,0.49345723,0.49509895,0.5047733,0.46410686,0.49348524,0.49509895,0.49767897,0.49509895,0.49279198,0.57021666,0.49485397,0.49509895,0.49509895,0.49227312,0.5846143,0.4263481,0.4127649,0.5320278,0.5105187,0.59424263,0.6549398,0.50725067,0.5277864,0.44336504,0.4999275
V350011809_L01_67,0.66057414,0.9160887,0.6571876,0.65306515,0.9523716,0.7088415,0.93216836,0.88859767,0.6532435,0.59988946,0.65742797,0.65340805,0.6571876,0.9566704,0.64648455,0.92099875,0.882974,0.9417179,0.95269686,0.058098346,0.13876793,0.92023504,0.16354313,0.16868764,0.9457505,0.77040875,0.9339806,0.76910007,0.9696853,0.52353317,1.0,0.76878893,0.9346135,0.64648455,0.936461,0.93385404,0.93536854,0.76901615,0.9982929,0.941283,0.93397295,0.77125174,0.92924994,0.92989516,0.24534541,0.24684474,0.24312913,0.24388012,0.24861899,0.079518795,0.8978064,0.8278824,0.8278824,0.7571304,0.8278824,0.049846888,0.05036089,0.40632546,0.9624465,0.40632546,0.80447775,0.40632546,0.6569611,0.73626256,0.8965777,0.93015426,0.89560986,0.9208518,0.8657354,0.08051646,0.7192066,0.24049577,0.06502858,0.1847758,0.16657096,0.16657096,0.6661669,0.17491361,0.8944404,0.6766803,0.6890264,0.9020766,0.8887538,0.7080047,0.8887538,0.2141634,0.7266201,0.04782194,0.04782194,0.05284089,0.04959312,0.049340457,0.04923153,0.04782194,0.049197286,0.05284089,0.047828406,0.04782194,0.049657494,0.71638215,0.048166305,0.04782194,0.05284089,0.04782194,0.04950133,0.151786,0.047347516,0.04782194,0.04782194,0.049114853,0.10956898,0.26035315,0.25059777,0.07046586,0.06390473,0.3676898,0.7300048,0.58896863,0.084359914,0.28081098,0.08813888
V350011809_L04_37,0.6284479,0.6221038,0.6276664,0.62623984,0.65778244,0.64472806,0.7208799,0.76671565,0.62542355,0.61103094,0.6261568,0.63057953,0.6276664,0.6784052,0.6225134,0.79218864,0.6977557,0.7848952,0.7945395,0.19743302,0.15164217,0.75087357,0.3684233,0.35051817,0.80454874,0.9990517,0.9009495,0.9999752,0.74702275,0.73631006,0.76878893,1.0,0.90064585,0.6225134,0.89820814,0.9013411,0.8993012,0.99980795,0.7632883,0.891394,0.90114605,0.9990356,0.9063429,0.90555954,0.4475458,0.4478457,0.44708273,0.44924927,0.450114,0.23894465,0.78471303,0.79584026,0.79584026,0.79265136,0.79584026,0.2306081,0.22650725,0.52460235,0.68561447,0.52460235,0.639918,0.52460235,0.6285016,0.79212856,0.82305616,0.9041181,0.5601187,0.70416266,0.75416636,0.17004493,0.590385,0.39709955,0.2688446,0.3512283,0.35173318,0.35173318,0.50864375,0.16241452,0.68770355,0.49120346,0.4929255,0.5746134,0.76732296,0.51437557,0.76732296,0.46913025,0.67785764,0.22905976,0.22905976,0.21047407,0.23011634,0.23003161,0.22802404,0.22905976,0.22733736,0.21047407,0.2291207,0.22905976,0.18384278,0.42143416,0.22914827,0.22905976,0.21047407,0.22905976,0.23008502,0.29405725,0.22957364,0.22905976,0.22905976,0.22969595,0.17496005,0.285648,0.28257066,0.16919684,0.1685107,0.3886298,0.52636164,0.39764914,0.16730964,0.24171406,0.27235964
V350037201_L02_123,0.7076828,0.79840577,0.70515025,0.7014576,0.8484137,0.7424115,0.9118566,0.92789626,0.70120704,0.6206566,0.70406675,0.70279497,0.70515025,0.8634913,0.6955724,0.9471737,0.8623558,0.9481989,0.962069,0.05531603,0.086679935,0.9191118,0.17489737,0.21977407,0.9097196,0.9009693,0.9998956,0.90086347,0.926623,0.5782221,0.9346135,0.90064585,1.0,0.6955724,0.9991406,0.99987346,0.99975884,0.9003847,0.93032265,0.99894655,0.99988157,0.9016503,0.999613,0.9996598,0.29359233,0.2949583,0.2916352,0.29273796,0.29612494,0.07990515,0.91779363,0.89095753,0.89095753,0.83630383,0.89095753,0.061405182,0.05972016,0.47052988,0.89885235,0.47052988,0.7714422,0.47052988,0.7048687,0.79217154,0.9379851,0.9993464,0.753832,0.8839309,0.88235974,0.044387132,0.7039458,0.30860004,0.084312886,0.22913605,0.21837282,0.21837282,0.6440265,0.120563924,0.87160957,0.64750344,0.6395833,0.7780156,0.92843324,0.6722763,0.92843324,0.30141968,0.7700887,0.059458286,0.059458286,0.051157385,0.061379492,0.06069711,0.060115755,0.059458286,0.06012717,0.051157385,0.0595659,0.059458286,0.0322828,0.5693046,0.06004095,0.059458286,0.051157385,0.059458286,0.060878634,0.1519683,0.060162872,0.059458286,0.059458286,0.060480654,0.0666672,0.27117926,0.26478687,0.032795966,0.035763204,0.32662538,0.6087347,0.50099224,0.045223355,0.2419641,0.09651175
V350011809_L04_131,0.99894863,0.756182,0.9992077,0.9992665,0.73009753,0.989975,0.6842785,0.7047658,0.9993188,0.90759265,0.9991418,0.9983997,0.9992077,0.75392234,1.0,0.69423246,0.6499057,0.6368126,0.6681502,0.32028502,0.27753413,0.6382697,0.44312015,0.58434415,0.6584856,0.6222819,0.69560623,0.6218214,0.6190252,0.5704726,0.64648455,0.6225134,0.6955724,1.0,0.6954707,0.6960367,0.69574547,0.6214261,0.6496787,0.7026468,0.6951589,0.6222358,0.6960248,0.69628894,0.4087134,0.4050794,0.4072137,0.4063316,0.4053784,0.30206567,0.60833585,0.6081638,0.6081638,0.5370705,0.6081638,0.26146558,0.25780964,0.31502068,0.6219145,0.31502068,0.47891867,0.31502068,0.99921775,0.55000937,0.6502816,0.69886893,0.58496517,0.60573155,0.5955625,0.32490683,0.7134746,0.65836465,0.4268462,0.5875107,0.57705104,0.57705104,0.55340517,0.22236261,0.6320777,0.52956927,0.55716825,0.58349127,0.70553243,0.58349055,0.70553243,0.4029393,0.6413508,0.26521236,0.26521236,0.2616039,0.26218745,0.26100704,0.2536221,0.26521236,0.2576613,0.2616039,0.26410472,0.26521236,0.28005654,0.4014055,0.26065558,0.26521236,0.2616039,0.26521236,0.26115805,0.26590565,0.2648691,0.26521236,0.26521236,0.2608866,0.364228,0.42655298,0.42744282,0.3181952,0.3098384,0.5008826,0.6267522,0.4331445,0.32309592,0.39969504,0.25862187
NK06292,0.7077562,0.8028451,0.70517606,0.7015785,0.8525737,0.7451222,0.9133177,0.9248682,0.7012662,0.6210261,0.70420635,0.70314085,0.70517606,0.8673665,0.6954707,0.94823384,0.8692551,0.9491435,0.9631979,0.055893093,0.08933082,0.92271435,0.1728887,0.21657416,0.91241515,0.8982806,0.99893373,0.89841706,0.92921335,0.57778686,0.936461,0.89820814,0.9991406,0.6954707,1.0,0.9989328,0.9987794,0.8979324,0.9325336,0.9987312,0.9989149,0.89893913,0.9990505,0.9990875,0.28898388,0.2904397,0.28709292,0.28819638,0.29167527,0.07883331,0.91823006,0.88849956,0.88849956,0.83127314,0.88849956,0.05918914,0.057660073,0.46564907,0.90215033,0.46564907,0.7690228,0.46564907,0.7048664,0.79049176,0.9377784,0.99887884,0.7565706,0.8899076,0.8857273,0.04652691,0.710777,0.3043153,0.08196911,0.22686678,0.21520689,0.21520689,0.64231986,0.12285569,0.87215394,0.6468973,0.639372,0.78212893,0.92537916,0.6726258,0.92537916,0.29389954,0.7656172,0.057356864,0.057356864,0.049616277,0.059081852,0.058488667,0.0579547,0.057356864,0.057916254,0.049616277,0.05740714,0.057356864,0.032317996,0.57614005,0.057887137,0.057356864,0.049616277,0.057356864,0.05866924,0.1517697,0.05785942,0.057356864,0.057356864,0.058285058,0.06923097,0.265176,0.25990102,0.034962326,0.036350787,0.3326528,0.6139151,0.5052116,0.0473938,0.24289924,0.094979286
V300073501_L01_88,0.70800614,0.79818004,0.70550406,0.70190275,0.84780604,0.7426334,0.9104476,0.92800623,0.7016116,0.6208837,0.70445615,0.7031747,0.70550406,0.862838,0.6960367,0.94727266,0.8618883,0.9475891,0.96172166,0.055389464,0.08598518,0.91888046,0.17656493,0.22117934,0.9093811,0.9018285,0.9999924,0.9015429,0.92625946,0.5791509,0.93385404,0.9013411,0.99987346,0.6960367,0.9989328,1.0,0.9998734,0.90113735,0.9295514,0.9986317,0.99998486,0.90251017,0.9994768,0.99951935,0.29577738,0.29710686,0.29381523,0.29498875,0.2982475,0.08064878,0.9182357,0.89165914,0.89165914,0.83711946,0.89165914,0.06140265,0.059804976,0.47075775,0.8980595,0.47075775,0.7711191,0.47075775,0.7052975,0.790978,0.9369478,0.9992353,0.7531742,0.8826215,0.88207376,0.044288278,0.70291615,0.31018633,0.08550367,0.23043215,0.2197982,0.2197982,0.6432262,0.119686306,0.8712716,0.6477,0.63933873,0.77758694,0.9285455,0.6713095,0.9285455,0.30109316,0.76969206,0.05951208,0.05951208,0.051144272,0.06144291,0.060717344,0.060231954,0.05951208,0.06017831,0.051144272,0.059662223,0.05951208,0.03237629,0.5693176,0.0602265,0.05951208,0.051144272,0.05951208,0.06089878,0.15141457,0.060333192,0.05951208,0.05951208,0.060503602,0.067148924,0.27142102,0.26361415,0.03275779,0.035805196,0.32769635,0.60824364,0.5026198,0.045235187,0.24084073,0.09666878
V350011903_L04_117,0.7079095,0.8010332,0.70526725,0.7016737,0.85000217,0.7426448,0.9111488,0.92664963,0.7013777,0.6214558,0.7043194,0.7028883,0.70526725,0.86486727,0.69574547,0.9470263,0.8644872,0.9474133,0.96166945,0.055461407,0.08800125,0.9194077,0.17610765,0.22042161,0.91183907,0.8996848,0.99987805,0.8994967,0.9273317,0.5801046,0.93536854,0.8993012,0.99975884,0.69574547,0.9987794,0.9998734,1.0,0.89910114,0.9312328,0.99874604,0.9998564,0.90037906,0.9992163,0.9992857,0.2923038,0.2935247,0.29031026,0.29146248,0.29474062,0.07924089,0.91730475,0.88962704,0.88962704,0.8338179,0.88962704,0.06095773,0.059250206,0.466713,0.89976966,0.466713,0.7699765,0.466713,0.7050887,0.78951895,0.93638325,0.9989089,0.75558394,0.8843696,0.88146377,0.045413703,0.7048266,0.30951393,0.0846369,0.23002112,0.21902621,0.21902621,0.64184374,0.12124765,0.8709027,0.6470611,0.6406634,0.7810041,0.92721736,0.67065966,0.92721736,0.2964397,0.76790327,0.058830857,0.058830857,0.05099681,0.060846657,0.060082465,0.059624225,0.058830857,0.059568286,0.05099681,0.058965683,0.058830857,0.032318085,0.574373,0.059566766,0.058830857,0.05099681,0.058830857,0.060264975,0.15283233,0.059657097,0.058830857,0.058830857,0.05986336,0.06912407,0.27095777,0.2638522,0.033142567,0.03556359,0.33056527,0.6132226,0.5062279,0.046425104,0.24141416,0.09559953
NK08152,0.62728155,0.62144566,0.62655365,0.6251413,0.65731347,0.6435275,0.7190954,0.7661887,0.6243133,0.6109935,0.6249993,0.6295227,0.62655365,0.6779437,0.6214261,0.7929044,0.69792545,0.7854271,0.79488933,0.19709912,0.15071273,0.7498642,0.37109846,0.35167158,0.80438685,0.99917126,0.9007358,0.9998311,0.7475023,0.7371028,0.76901615,0.99980795,0.9003847,0.6214261,0.8979324,0.90113735,0.89910114,1.0,0.76340884,0.8910153,0.90095663,0.9991523,0.9061224,0.90534127,0.448062,0.44844314,0.44760972,0.44985065,0.45067105,0.23814732,0.7857829,0.79719245,0.79719245,0.7932619,0.79719245,0.23151365,0.22744209,0.5232684,0.6856468,0.5232684,0.6382464,0.5232684,0.62742925,0.7951112,0.8246473,0.9037932,0.55927324,0.70280087,0.7541636,0.16957599,0.5857122,0.39804178,0.26984197,0.35252315,0.3529767,0.3529767,0.5059768,0.16255957,0.6866937,0.48876873,0.4911676,0.5743727,0.766783,0.5115933,0.766783,0.46899328,0.67812526,0.22994876,0.22994876,0.2116228,0.23106709,0.23096222,0.22900915,0.22994876,0.22825459,0.2116228,0.23004323,0.22994876,0.18425918,0.42303407,0.23008505,0.22994876,0.2116228,0.22994876,0.23102659,0.29529208,0.23044363,0.22994876,0.22994876,0.23062164,0.17465454,0.2843057,0.2813064,0.16891557,0.167409,0.3899722,0.52624106,0.3975768,0.16688669,0.23795968,0.27417946
NK08256,0.66388476,0.922124,0.6600877,0.6561687,0.9555502,0.7116058,0.9301522,0.8847147,0.65626717,0.60059386,0.66060925,0.65623075,0.6600877,0.9607744,0.6496787,0.9165833,0.88439226,0.9353894,0.9472153,0.06541622,0.14569369,0.917839,0.15992156,0.17130172,0.94676423,0.764128,0.9296932,0.7635085,0.96324205,0.52575725,0.9982929,0.7632883,0.93032265,0.6496787,0.9325336,0.9295514,0.9312328,0.76340884,1.0,0.93758386,0.92961717,0.76495993,0.9249946,0.92561275,0.24653012,0.24781418,0.24429971,0.2449083,0.24976453,0.085252166,0.888405,0.81674373,0.81674373,0.74430114,0.81674373,0.050082684,0.050428033,0.3971542,0.9607426,0.3971542,0.7942759,0.3971542,0.65986836,0.72575366,0.8887677,0.926203,0.90165126,0.922848,0.86187077,0.08801037,0.727001,0.24362206,0.06769547,0.18743196,0.16874963,0.16874963,0.66789836,0.17968613,0.89191824,0.68017834,0.6945213,0.9043119,0.8849097,0.71100074,0.8849097,0.20717546,0.7231456,0.047925115,0.047925115,0.05379486,0.049655557,0.049333215,0.04919249,0.047925115,0.049206764,0.05379486,0.047842234,0.047925115,0.052790225,0.72187054,0.048452944,0.047925115,0.05379486,0.047925115,0.0494754,0.15145391,0.047576338,0.047925115,0.047925115,0.049141377,0.11859131,0.26413906,0.25613657,0.07640031,0.070201725,0.36856127,0.73595196,0.5917481,0.09169203,0.29224765,0.08453843
NK08348,0.71490693,0.8126236,0.7122071,0.7084294,0.86177534,0.7512779,0.92086047,0.928264,0.7082325,0.6260736,0.71131206,0.70963544,0.7122071,0.8760877,0.7026468,0.9492633,0.8711344,0.95006114,0.96436024,0.05176854,0.09028226,0.92566645,0.16928843,0.2145797,0.91853833,0.8913517,0.9986603,0.8916174,0.93326306,0.5756377,0.941283,0.891394,0.99894655,0.7026468,0.9987312,0.9986317,0.99874604,0.8910153,0.93758386,1.0,0.9986287,0.89206964,0.9981611,0.998282,0.28552333,0.28678566,0.28349805,0.2844891,0.2881477,0.076873034,0.91640127,0.8841622,0.8841622,0.8256588,0.8841622,0.053662717,0.051893532,0.4587791,0.9088643,0.4587791,0.77191556,0.4587791,0.71182436,0.78601295,0.93662405,0.99818194,0.7677126,0.8942694,0.88515955,0.046062022,0.7190123,0.3039282,0.07885641,0.22495964,0.21260378,0.21260378,0.65031815,0.1211611,0.8786086,0.6538223,0.6486083,0.79253334,0.92882437,0.6809831,0.92882437,0.2868039,0.76692927,0.051635772,0.051635772,0.045033574,0.05353394,0.05285251,0.052212834,0.051635772,0.052355558,0.045033574,0.051639527,0.051635772,0.028409839,0.58280146,0.052094102,0.051635772,0.045033574,0.051635772,0.05302766,0.14810011,0.052262515,0.051635772,0.051635772,0.052646518,0.06915566,0.2684093,0.2645455,0.033157647,0.03513211,0.3326818,0.62522835,0.50942105,0.047222555,0.24925172,0.08765596
NK08041,0.7071383,0.7977743,0.7046485,0.70102954,0.8475431,0.7417173,0.91081923,0.92808205,0.7007425,0.62001365,0.7035792,0.7022425,0.7046485,0.86250055,0.6951589,0.94749796,0.86169064,0.94804025,0.96194714,0.055170894,0.08589411,0.9188305,0.1762928,0.22058374,0.909441,0.9016365,0.9999912,0.90136206,0.92652154,0.57853204,0.93397295,0.90114605,0.99988157,0.6951589,0.9989149,0.99998486,0.9998564,0.90095663,0.92961717,0.9986287,1.0,0.90232193,0.99948484,0.9995262,0.2955112,0.29688016,0.29354975,0.2947131,0.2979882,0.08042157,0.91848606,0.8920864,0.8920864,0.8376985,0.8920864,0.061605066,0.060029835,0.47147396,0.8983136,0.47147396,0.771752,0.47147396,0.7044336,0.79170936,0.9374274,0.9992109,0.75308096,0.8824517,0.8818393,0.044197053,0.70224816,0.30961013,0.08510855,0.22989106,0.21923512,0.21923512,0.6432338,0.120052695,0.8714111,0.64774567,0.6390145,0.77758974,0.9286257,0.6712273,0.9286257,0.30124617,0.7699666,0.059723556,0.059723556,0.051315665,0.06166923,0.060931742,0.060457468,0.059723556,0.060408205,0.051315665,0.059877902,0.059723556,0.03240484,0.5693934,0.06039232,0.059723556,0.051315665,0.059723556,0.06111431,0.15130213,0.06051621,0.059723556,0.059723556,0.060719967,0.06682432,0.27115205,0.2636125,0.032558322,0.035684913,0.32725707,0.6079297,0.50231165,0.04516685,0.24051178,0.09695375
NK08059,0.6277252,0.62166077,0.6273285,0.62580955,0.6591441,0.6442624,0.72195935,0.7689792,0.6249677,0.61224675,0.6255213,0.6301844,0.6273285,0.6792252,0.6222358,0.7956741,0.69468594,0.7888669,0.7986226,0.19239718,0.14635298,0.7513696,0.37365866,0.3525886,0.8028365,0.99999166,0.9020779,0.99915236,0.75068,0.7320167,0.77125174,0.9990356,0.9016503,0.6222358,0.89893913,0.90251017,0.90037906,0.9991523,0.76495993,0.89206964,0.90232193,1.0,0.90720797,0.906462,0.45151082,0.45199525,0.45099568,0.45335424,0.45417482,0.23689544,0.79145086,0.8039739,0.8039739,0.7979461,0.8039739,0.22977582,0.22585979,0.525396,0.68746096,0.525396,0.64079094,0.525396,0.6281499,0.79734844,0.8271878,0.9048729,0.5596971,0.7010882,0.75668424,0.16511962,0.5816856,0.39996836,0.26944557,0.3534077,0.35396802,0.35396802,0.50728476,0.15743807,0.6890745,0.48853523,0.49147892,0.57497406,0.76956373,0.5123941,0.76956373,0.47476518,0.6806872,0.22833219,0.22833219,0.21003386,0.22956437,0.22941059,0.22761357,0.22833219,0.22683468,0.21003386,0.2285161,0.22833219,0.18139452,0.4231639,0.22858265,0.22833219,0.21003386,0.22833219,0.22949809,0.29276463,0.22898233,0.22833219,0.22833219,0.22906366,0.16899002,0.28669918,0.28390372,0.1646558,0.16318399,0.38940334,0.52564883,0.3979438,0.16250023,0.23356578,0.27413523
7-50,0.7078826,0.7906084,0.705435,0.70182693,0.8413481,0.74164927,0.9061759,0.92440367,0.7015103,0.6207944,0.7042161,0.70324767,0.705435,0.8571317,0.6960248,0.94502306,0.8593295,0.9454928,0.95899546,0.059385598,0.08695465,0.9154409,0.17921281,0.22562087,0.90554786,0.90655756,0.99948233,0.9065739,0.9209026,0.5839842,0.92924994,0.9063429,0.999613,0.6960248,0.9990505,0.9994768,0.9992163,0.9061224,0.9249946,0.9981611,0.99948484,0.90720797,1.0,0.99999034,0.2978851,0.2992538,0.29601508,0.29721487,0.3005185,0.08276379,0.9157237,0.89139414,0.89139414,0.83691144,0.89139414,0.06640306,0.064504296,0.47186074,0.8915441,0.47186074,0.7645148,0.47186074,0.7051395,0.79530334,0.93796587,0.999549,0.74331945,0.8787304,0.88074356,0.046227276,0.69971526,0.31382787,0.08939576,0.23464134,0.22430187,0.22430187,0.63656104,0.12070325,0.86414135,0.63917613,0.6312342,0.7683874,0.92495763,0.6641389,0.92495763,0.30678552,0.7684876,0.06449404,0.06449404,0.055801243,0.066396534,0.06571117,0.064983815,0.06449404,0.06502673,0.055801243,0.06458911,0.06449404,0.0355646,0.5618326,0.06506628,0.06449404,0.055801243,0.06449404,0.065891236,0.15604156,0.065216124,0.06449404,0.06449404,0.06549588,0.068196386,0.26933357,0.2635476,0.034722686,0.03737098,0.3275098,0.60308355,0.4949538,0.046833068,0.23886073,0.10207504
8-4,0.7081661,0.79166555,0.7057121,0.702085,0.84243786,0.74207145,0.9069005,0.9246167,0.70177364,0.62139004,0.7045047,0.7035376,0.7057121,0.8581103,0.69628894,0.94523346,0.8600856,0.9458052,0.959381,0.058810115,0.08722049,0.9159647,0.1788823,0.2249121,0.9060625,0.90580606,0.99952507,0.90579355,0.9216827,0.583761,0.92989516,0.90555954,0.9996598,0.69628894,0.9990875,0.99951935,0.9992857,0.90534127,0.92561275,0.998282,0.9995262,0.906462,0.99999034,1.0,0.29702306,0.29838917,0.29513666,0.2963394,0.29965773,0.082083344,0.9159335,0.8911618,0.8911618,0.83629036,0.8911618,0.06593579,0.064032465,0.4707107,0.89242524,0.4707107,0.7646847,0.4707107,0.7054122,0.7947767,0.9379069,0.99955297,0.74432826,0.87938374,0.8810471,0.04600233,0.7004343,0.3131657,0.088730365,0.23396158,0.22355783,0.22355783,0.6369107,0.12081295,0.86478484,0.63968897,0.63211566,0.76980793,0.925169,0.66461164,0.925169,0.3059209,0.76837355,0.06399357,0.06399357,0.055426806,0.06591725,0.06523037,0.06450558,0.06399357,0.06455326,0.055426806,0.06408355,0.06399357,0.035179883,0.5632197,0.06458235,0.06399357,0.055426806,0.06399357,0.06541392,0.15632379,0.064736664,0.06399357,0.06399357,0.065010995,0.068182886,0.26939327,0.2634691,0.034469664,0.037012994,0.32763463,0.6042321,0.4961169,0.04664579,0.23881972,0.10158044
NK04161,0.3958636,0.23607582,0.39754227,0.40023682,0.25816193,0.36028033,0.27317727,0.3585443,0.400158,0.41009364,0.39645594,0.3978752,0.39754227,0.25521365,0.4087134,0.33291554,0.22062239,0.3016442,0.2876851,0.71209705,0.58176917,0.30328918,0.6844252,0.6934986,0.25915542,0.45175853,0.2953419,0.44780737,0.24210864,0.47677618,0.24534541,0.4475458,0.29359233,0.4087134,0.28898388,0.29577738,0.2923038,0.448062,0.24653012,0.28552333,0.2955112,0.45151082,0.2978851,0.29702306,1.0,0.9997334,0.9999683,0.9998135,0.9996208,0.870852,0.3435217,0.40206167,0.40206167,0.4716773,0.40206167,0.6859514,0.6843621,0.645155,0.24341181,0.645155,0.36291355,0.645155,0.39836586,0.4851775,0.34409273,0.298383,0.2939794,0.29327506,0.3934977,0.65340716,0.35739768,0.65467393,0.7501781,0.6789612,0.6918816,0.6918816,0.47032762,0.5607487,0.32718092,0.45044637,0.41721192,0.23938692,0.35848153,0.4288985,0.35848153,0.7514075,0.47722292,0.68664575,0.68664575,0.6894276,0.6885767,0.6882469,0.68798935,0.68664575,0.6872339,0.6894276,0.68795455,0.68664575,0.67238134,0.2861285,0.6886892,0.68664575,0.6894276,0.68664575,0.6876931,0.57219625,0.6904943,0.68664575,0.68664575,0.6884601,0.6089686,0.6663557,0.67476374,0.66182905,0.7043421,0.46007454,0.2948584,0.41752014,0.65106905,0.64854157,0.66497076
V300073501_L04_115,0.392209,0.23499098,0.39397365,0.39655417,0.25859374,0.35719702,0.27554256,0.3604277,0.39651152,0.40640503,0.39279687,0.39427468,0.39397365,0.25514787,0.4050794,0.3353533,0.22105956,0.30544662,0.29057753,0.7095275,0.5806539,0.30531114,0.68190384,0.68864167,0.25931215,0.45222777,0.29667768,0.44813493,0.24491811,0.47290656,0.24684474,0.4478457,0.2949583,0.4050794,0.2904397,0.29710686,0.2935247,0.44844314,0.24781418,0.28678566,0.29688016,0.45199525,0.2992538,0.29838917,0.9997334,1.0,0.99974,0.99956834,0.99941176,0.86934435,0.34737778,0.40608802,0.40608802,0.4761754,0.40608802,0.685101,0.6835229,0.64929795,0.2459912,0.64929795,0.36656675,0.64929795,0.39476418,0.48922753,0.34745935,0.29962796,0.29432476,0.29494524,0.39627528,0.65042466,0.3550824,0.6498302,0.7465063,0.6741546,0.68718886,0.68718886,0.47109732,0.5617633,0.32943863,0.452664,0.41716924,0.24054825,0.36037093,0.42903334,0.36037093,0.75254005,0.47877952,0.68578035,0.68578035,0.68857515,0.6878114,0.6874677,0.6874035,0.68578035,0.6865861,0.68857515,0.68711257,0.68578035,0.6706314,0.287768,0.6878129,0.68578035,0.68857515,0.68578035,0.6869251,0.5714839,0.68963814,0.68578035,0.68578035,0.6876805,0.6053071,0.66619945,0.6737725,0.65919846,0.70221597,0.45532042,0.2921852,0.41813582,0.6481923,0.6467015,0.6649627
V350011797_L02_128,0.3942988,0.2339747,0.39602363,0.39875102,0.25569674,0.35863805,0.27040207,0.35598,0.39866528,0.40907562,0.39492297,0.39642882,0.39602363,0.25277317,0.4072137,0.3307741,0.21911734,0.29967797,0.28553602,0.71435523,0.5833827,0.30097073,0.686692,0.69518894,0.25729436,0.4512559,0.29337525,0.44734016,0.24003643,0.4770311,0.24312913,0.44708273,0.2916352,0.4072137,0.28709292,0.29381523,0.29031026,0.44760972,0.24429971,0.28349805,0.29354975,0.45099568,0.29601508,0.29513666,0.9999683,0.99974,1.0,0.9998605,0.99962366,0.87227446,0.34178305,0.40065074,0.40065074,0.4708526,0.40065074,0.6886044,0.6870191,0.6460345,0.24092966,0.6460345,0.36151716,0.6460345,0.3968555,0.4847106,0.34250164,0.29647195,0.2914897,0.29107374,0.3915037,0.65564084,0.35529265,0.6556933,0.7524673,0.68060064,0.69364744,0.69364744,0.467998,0.5624576,0.32444775,0.44814256,0.41481614,0.23703897,0.35591894,0.42634666,0.35591894,0.7522826,0.47501504,0.689334,0.689334,0.691994,0.69124186,0.6909189,0.6906655,0.689334,0.68989176,0.691994,0.6906445,0.689334,0.6750008,0.28522474,0.6913681,0.689334,0.691994,0.689334,0.6903626,0.5745249,0.6931549,0.689334,0.689334,0.6911336,0.611011,0.6655571,0.67400724,0.6641624,0.70641243,0.4617436,0.293917,0.41617382,0.6532659,0.6482413,0.6679655
V350011903_L01_36,0.39332235,0.23364368,0.39508682,0.39786106,0.25562003,0.3577547,0.26915723,0.35571504,0.39773417,0.40888792,0.39396742,0.39560515,0.39508682,0.25265723,0.4063316,0.331473,0.22006083,0.30041093,0.2864095,0.7131375,0.5821197,0.30115485,0.6888576,0.6961082,0.257844,0.4536243,0.29453385,0.44951665,0.24125963,0.4783881,0.24388012,0.44924927,0.29273796,0.4063316,0.28819638,0.29498875,0.29146248,0.44985065,0.2449083,0.2844891,0.2947131,0.45335424,0.29721487,0.2963394,0.9998135,0.99956834,0.9998605,1.0,0.99968743,0.8709551,0.3433813,0.40231347,0.40231347,0.47189078,0.40231347,0.68914807,0.68759423,0.64516675,0.24096343,0.64516675,0.3606062,0.64516675,0.3959669,0.4857177,0.34333515,0.2976168,0.29018962,0.29049748,0.39226463,0.65435314,0.35213917,0.6564443,0.7529063,0.68158793,0.69457716,0.69457716,0.46517587,0.5614466,0.32353723,0.44481683,0.4122214,0.23648158,0.3556354,0.42325205,0.3556354,0.75194275,0.4723364,0.68984866,0.68984866,0.6924709,0.6918491,0.6915072,0.6912433,0.68984866,0.6904462,0.6924709,0.6911832,0.68984866,0.67480636,0.28663832,0.6919664,0.68984866,0.6924709,0.68984866,0.6909546,0.57606137,0.69369864,0.68984866,0.68984866,0.6917156,0.6099222,0.6619085,0.6709529,0.6630677,0.70464396,0.46381924,0.29433697,0.41619498,0.65209043,0.6441884,0.6696913
V350037201_L04_39,0.39257917,0.23682538,0.39420736,0.39681333,0.2603311,0.35746595,0.27457905,0.3592703,0.3967315,0.40773243,0.39305264,0.3945616,0.39420736,0.25695902,0.4053784,0.33501315,0.22297132,0.30457893,0.29037297,0.70977163,0.5805655,0.30539054,0.6827369,0.6914336,0.26183915,0.45442584,0.29781768,0.45042005,0.24563599,0.4774402,0.24861899,0.450114,0.29612494,0.4053784,0.29167527,0.2982475,0.29474062,0.45067105,0.24976453,0.2881477,0.2979882,0.45417482,0.3005185,0.29965773,0.9996208,0.99941176,0.99962366,0.99968743,1.0,0.8691516,0.3458466,0.40384555,0.40384555,0.472991,0.40384555,0.684347,0.68274426,0.6447599,0.24671897,0.6447599,0.36356106,0.6447599,0.39497274,0.48851758,0.3471458,0.30093408,0.2951296,0.29720795,0.39618507,0.6510669,0.35588604,0.6524338,0.7479798,0.6771157,0.68976736,0.68976736,0.4690729,0.5603242,0.32831377,0.44922793,0.41648585,0.24146333,0.35918272,0.42760366,0.35918272,0.7491861,0.47586402,0.68489003,0.68489003,0.68822205,0.6869831,0.68664473,0.6864517,0.68489003,0.68566614,0.68822205,0.6862105,0.68489003,0.6701777,0.28928688,0.6870858,0.68489003,0.68822205,0.68489003,0.68607527,0.5726419,0.68880445,0.68489003,0.68489003,0.6868472,0.60615796,0.6627725,0.6728728,0.6592765,0.7015313,0.45990935,0.29709122,0.418482,0.64892805,0.64642763,0.66423845
NK06094,0.29013124,0.15452585,0.2914016,0.29555705,0.1313073,0.25102353,0.110441744,0.13843268,0.29555494,0.33919317,0.2923942,0.2929684,0.2914016,0.11970878,0.30206567,0.086889595,0.11401859,0.08248919,0.06628409,0.92169,0.8538686,0.12645066,0.78142786,0.7599229,0.11821067,0.23753867,0.080531,0.23855042,0.07566497,0.477674,0.079518795,0.23894465,0.07990515,0.30206567,0.07883331,0.08064878,0.07924089,0.23814732,0.085252166,0.076873034,0.08042157,0.23689544,0.08276379,0.082083344,0.870852,0.86934435,0.87227446,0.8709551,0.8691516,1.0,0.10551968,0.14921734,0.14921734,0.23867542,0.14921734,0.876335,0.8762526,0.62921286,0.1013436,0.62921286,0.27563614,0.62921286,0.29160717,0.25477892,0.10454187,0.08370155,0.23873672,0.15823454,0.18299818,0.89471114,0.34324503,0.67908907,0.888041,0.7450161,0.7594893,0.7594893,0.4327472,0.8093973,0.17373163,0.41672754,0.3924719,0.17901191,0.13817126,0.39235774,0.13817126,0.74854314,0.28106993,0.87783563,0.87783563,0.88290215,0.8763006,0.8769914,0.8787644,0.87783563,0.8778671,0.88290215,0.87814325,0.87783563,0.9028468,0.31991264,0.8791392,0.87783563,0.88290215,0.87783563,0.8764419,0.7535489,0.87974596,0.87783563,0.87783563,0.87739277,0.85292333,0.7647011,0.7698231,0.9086299,0.93735087,0.57991064,0.3322876,0.4705724,0.89020747,0.8113793,0.8322804
V350037201_L02_59,0.61801434,0.75073075,0.61747617,0.6134789,0.82334876,0.6570765,0.89040506,0.90458703,0.61353,0.5513092,0.61472726,0.614209,0.61747617,0.8284104,0.60833585,0.9564224,0.81045747,0.96897733,0.9700488,0.05117911,0.09776014,0.9234389,0.20599347,0.22302783,0.827587,0.79051906,0.9181499,0.7855159,0.9269955,0.4116267,0.8978064,0.78471303,0.91779363,0.60833585,0.91823006,0.9182357,0.91730475,0.7857829,0.888405,0.91640127,0.91848606,0.79145086,0.9157237,0.9159335,0.3435217,0.34737778,0.34178305,0.3433813,0.3458466,0.10551968,1.0,0.9734359,0.9734359,0.9041074,0.9734359,0.099287,0.100806564,0.5640083,0.90324545,0.5640083,0.821236,0.5640083,0.61740375,0.80312353,0.92256767,0.91518396,0.74283344,0.85905814,0.89734936,0.048796356,0.6311178,0.3051166,0.112136126,0.2370454,0.22495729,0.22495729,0.6354171,0.16195703,0.86803925,0.6616367,0.62584597,0.77388453,0.90440774,0.6521379,0.90440774,0.323354,0.76758003,0.098636925,0.098636925,0.09490496,0.10148105,0.10120827,0.102128506,0.098636925,0.100928485,0.09490496,0.099898696,0.098636925,0.056550086,0.6127174,0.09938273,0.098636925,0.09490496,0.098636925,0.101466954,0.17541769,0.097923815,0.098636925,0.098636925,0.10107988,0.05587244,0.26714435,0.2679701,0.037219226,0.045404077,0.30685225,0.55336624,0.55637145,0.054755688,0.23107105,0.14671233
NK04021,0.6155381,0.65423346,0.61617583,0.61257386,0.7337338,0.63855267,0.8343248,0.8839896,0.6126061,0.53568023,0.6119758,0.61264044,0.61617583,0.74245524,0.6081638,0.92869395,0.7271979,0.9360547,0.9336622,0.096906185,0.09314802,0.86281335,0.24458003,0.30251998,0.7508819,0.80317795,0.8915936,0.79686236,0.85273015,0.39733386,0.8278824,0.79584026,0.89095753,0.6081638,0.88849956,0.89165914,0.88962704,0.79719245,0.81674373,0.8841622,0.8920864,0.8039739,0.89139414,0.8911618,0.40206167,0.40608802,0.40065074,0.40231347,0.40384555,0.14921734,0.9734359,1.0,1.0,0.9385583,1.0,0.15635985,0.15714353,0.62856925,0.82432896,0.62856925,0.7866807,0.62856925,0.6161875,0.828953,0.9127102,0.8892937,0.64730215,0.77472776,0.8619255,0.06852186,0.56779695,0.38818842,0.18143308,0.31267682,0.30597016,0.30597016,0.6085261,0.16290495,0.81095433,0.61875,0.5702588,0.6591627,0.88386655,0.6116285,0.88386655,0.41477963,0.79992986,0.15685639,0.15685639,0.14670435,0.15922484,0.15878978,0.15908018,0.15685639,0.15809503,0.14670435,0.15836683,0.15685639,0.09687519,0.50745374,0.15655231,0.15685639,0.14670435,0.15685639,0.15907454,0.18274888,0.1558016,0.15685639,0.15685639,0.15873402,0.0629133,0.31412074,0.3236244,0.058899224,0.07415599,0.2816081,0.4543902,0.48344386,0.07231361,0.23143983,0.19790459
NK04006,0.6155381,0.65423346,0.61617583,0.61257386,0.7337338,0.63855267,0.8343248,0.8839896,0.6126061,0.53568023,0.6119758,0.61264044,0.61617583,0.74245524,0.6081638,0.92869395,0.7271979,0.9360547,0.9336622,0.096906185,0.09314802,0.86281335,0.24458003,0.30251998,0.7508819,0.80317795,0.8915936,0.79686236,0.85273015,0.39733386,0.8278824,0.79584026,0.89095753,0.6081638,0.88849956,0.89165914,0.88962704,0.79719245,0.81674373,0.8841622,0.8920864,0.8039739,0.89139414,0.8911618,0.40206167,0.40608802,0.40065074,0.40231347,0.40384555,0.14921734,0.9734359,1.0,1.0,0.9385583,1.0,0.15635985,0.15714353,0.62856925,0.82432896,0.62856925,0.7866807,0.62856925,0.6161875,0.828953,0.9127102,0.8892937,0.64730215,0.77472776,0.8619255,0.06852186,0.56779695,0.38818842,0.18143308,0.31267682,0.30597016,0.30597016,0.6085261,0.16290495,0.81095433,0.61875,0.5702588,0.6591627,0.88386655,0.6116285,0.88386655,0.41477963,0.79992986,0.15685639,0.15685639,0.14670435,0.15922484,0.15878978,0.15908018,0.15685639,0.15809503,0.14670435,0.15836683,0.15685639,0.09687519,0.50745374,0.15655231,0.15685639,0.14670435,0.15685639,0.15907454,0.18274888,0.1558016,0.15685639,0.15685639,0.15873402,0.0629133,0.31412074,0.3236244,0.058899224,0.07415599,0.2816081,0.4543902,0.48344386,0.07231361,0.23143983,0.19790459
V300093475_L03_15,0.5406098,0.56775594,0.54290575,0.5390836,0.6481839,0.5558242,0.7647556,0.86135453,0.5399193,0.45356894,0.53893936,0.53804946,0.54290575,0.6577455,0.5370705,0.8572915,0.63603437,0.8696325,0.8599274,0.16222069,0.118998826,0.8111409,0.26015803,0.3098737,0.6750043,0.797149,0.8371299,0.79310775,0.79158247,0.3984168,0.7571304,0.79265136,0.83630383,0.5370705,0.83127314,0.83711946,0.8338179,0.7932619,0.74430114,0.8256588,0.8376985,0.7979461,0.83691144,0.83629036,0.4716773,0.4761754,0.4708526,0.47189078,0.472991,0.23867542,0.9041074,0.9385583,0.9385583,1.0,0.9385583,0.20886564,0.21073383,0.79745424,0.7624949,0.79745424,0.8633008,0.79745424,0.542442,0.7984792,0.8529996,0.83595,0.6039101,0.72097325,0.80416596,0.11955616,0.52569336,0.3812313,0.22658956,0.31311566,0.31499165,0.31499165,0.65311736,0.19603285,0.79491293,0.6494482,0.57401687,0.5896083,0.86098355,0.63653797,0.86098355,0.48317495,0.7848951,0.21028244,0.21028244,0.19243059,0.2118198,0.21250468,0.21349266,0.21028244,0.21166229,0.19243059,0.21194178,0.21028244,0.15547314,0.39926794,0.20951158,0.21028244,0.19243059,0.21028244,0.21250537,0.19718933,0.20919216,0.21028244,0.21028244,0.21248925,0.09642169,0.36448044,0.36376238,0.11910531,0.16180855,0.23533577,0.37021446,0.42968345,0.12118763,0.3166191,0.24037728
V350011797_L04_45,0.6155381,0.65423346,0.61617583,0.61257386,0.7337338,0.63855267,0.8343248,0.8839896,0.6126061,0.53568023,0.6119758,0.61264044,0.61617583,0.74245524,0.6081638,0.92869395,0.7271979,0.9360547,0.9336622,0.096906185,0.09314802,0.86281335,0.24458003,0.30251998,0.7508819,0.80317795,0.8915936,0.79686236,0.85273015,0.39733386,0.8278824,0.79584026,0.89095753,0.6081638,0.88849956,0.89165914,0.88962704,0.79719245,0.81674373,0.8841622,0.8920864,0.8039739,0.89139414,0.8911618,0.40206167,0.40608802,0.40065074,0.40231347,0.40384555,0.14921734,0.9734359,1.0,1.0,0.9385583,1.0,0.15635985,0.15714353,0.62856925,0.82432896,0.62856925,0.7866807,0.62856925,0.6161875,0.828953,0.9127102,0.8892937,0.64730215,0.77472776,0.8619255,0.06852186,0.56779695,0.38818842,0.18143308,0.31267682,0.30597016,0.30597016,0.6085261,0.16290495,0.81095433,0.61875,0.5702588,0.6591627,0.88386655,0.6116285,0.88386655,0.41477963,0.79992986,0.15685639,0.15685639,0.14670435,0.15922484,0.15878978,0.15908018,0.15685639,0.15809503,0.14670435,0.15836683,0.15685639,0.09687519,0.50745374,0.15655231,0.15685639,0.14670435,0.15685639,0.15907454,0.18274888,0.1558016,0.15685639,0.15685639,0.15873402,0.0629133,0.31412074,0.3236244,0.058899224,0.07415599,0.2816081,0.4543902,0.48344386,0.07231361,0.23143983,0.19790459
V350037201_L03_47,0.24946132,0.114444524,0.2526367,0.25609764,0.069457024,0.20852455,0.049836487,0.058816552,0.25587797,0.35691887,0.25218308,0.25758794,0.2526367,0.06275794,0.26146558,0.06107378,0.13415837,0.060910344,0.04527083,0.93589616,0.87603295,0.049770236,0.86330295,0.8005202,0.09075418,0.2307527,0.061416835,0.23073679,0.051986814,0.49669325,0.049846888,0.2306081,0.061405182,0.26146558,0.05918914,0.06140265,0.06095773,0.23151365,0.050082684,0.053662717,0.061605066,0.22977582,0.06640306,0.06593579,0.6859514,0.685101,0.6886044,0.68914807,0.684347,0.876335,0.099287,0.15635985,0.15635985,0.20886564,0.15635985,1.0,0.99958247,0.52912337,0.04632768,0.52912337,0.16940415,0.52912337,0.2533673,0.30704808,0.123045355,0.062258303,0.12122604,0.0653401,0.112415016,0.9176316,0.19633228,0.7071233,0.9237447,0.78655034,0.80453837,0.80453837,0.23811942,0.8637202,0.05270222,0.22682598,0.23103291,0.12331647,0.058605373,0.2024953,0.058605373,0.7722618,0.22891381,0.99961025,0.99961025,0.99459827,0.99981415,0.9998558,0.99946356,0.99961025,0.9997095,0.99459827,0.9996027,0.99961025,0.9822263,0.3910628,0.9995116,0.99961025,0.99459827,0.99961025,0.9998488,0.924021,0.99956036,0.99961025,0.99961025,0.999844,0.89552164,0.6792589,0.6848417,0.93945754,0.9192751,0.67027974,0.31071347,0.39383736,0.9140339,0.6275196,0.9835069
V350037201_L03_13,0.24579951,0.11464754,0.24909264,0.25261915,0.069393575,0.20555994,0.04963094,0.059428275,0.2523731,0.3529968,0.24866962,0.25399008,0.24909264,0.062696636,0.25780964,0.06160444,0.13499513,0.06196013,0.04620889,0.93560684,0.87583447,0.05076042,0.86353296,0.79907846,0.08896503,0.226843,0.059829295,0.22662988,0.053646117,0.49034148,0.05036089,0.22650725,0.05972016,0.25780964,0.057660073,0.059804976,0.059250206,0.22744209,0.050428033,0.051893532,0.060029835,0.22585979,0.064504296,0.064032465,0.6843621,0.6835229,0.6870191,0.68759423,0.68274426,0.8762526,0.100806564,0.15714353,0.15714353,0.21073383,0.15714353,0.99958247,1.0,0.5327397,0.048150092,0.5327397,0.17382169,0.5327397,0.24982202,0.3053851,0.12248847,0.060495615,0.1239143,0.06558904,0.112597555,0.9181204,0.19418406,0.70514035,0.92300195,0.78558373,0.80316997,0.80316997,0.24138749,0.86585927,0.05518365,0.23041385,0.23176646,0.12533352,0.059158236,0.20568305,0.059158236,0.7711376,0.22752613,0.99960774,0.99960774,0.99419963,0.9996098,0.9996902,0.99936336,0.99960774,0.99955434,0.99419963,0.9996686,0.99960774,0.983088,0.393211,0.99947155,0.99960774,0.99419963,0.99960774,0.9996874,0.9214804,0.9993814,0.99960774,0.99960774,0.99970084,0.89504534,0.67798907,0.68306005,0.9401617,0.91995263,0.6719686,0.30845302,0.3958717,0.91476446,0.6264811,0.9841386
NK01117,0.31155416,0.2724226,0.31504574,0.31373912,0.3332305,0.29975182,0.45508036,0.553616,0.31501985,0.24784982,0.31191796,0.309161,0.31504574,0.32835823,0.31502068,0.48065943,0.3029487,0.5171243,0.48982015,0.51849467,0.47015777,0.51316655,0.4443907,0.4752312,0.34341902,0.5249867,0.47103336,0.52444816,0.45090774,0.3364656,0.40632546,0.52460235,0.47052988,0.31502068,0.46564907,0.47075775,0.466713,0.5232684,0.3971542,0.4587791,0.47147396,0.525396,0.47186074,0.4707107,0.645155,0.64929795,0.6460345,0.64516675,0.6447599,0.62921286,0.5640083,0.62856925,0.62856925,0.79745424,0.62856925,0.52912337,0.5327397,1.0,0.45668754,1.0,0.77175987,1.0,0.31363297,0.525079,0.4869067,0.47198465,0.41899967,0.44843158,0.5124507,0.46821994,0.4218074,0.48084226,0.517681,0.46753818,0.48199704,0.48199704,0.6533202,0.5188249,0.5496774,0.64089453,0.5228703,0.34572837,0.5527828,0.60185564,0.5527828,0.6549356,0.5700377,0.53241366,0.53241366,0.5153013,0.53140235,0.5334297,0.53806096,0.53241366,0.5349956,0.5153013,0.53417575,0.53241366,0.51053214,0.2593641,0.5322056,0.53241366,0.5153013,0.53241366,0.53298026,0.40985864,0.5318206,0.53241366,0.53241366,0.5338893,0.40686437,0.60171336,0.60448205,0.4802794,0.5557424,0.2784797,0.23195875,0.43248576,0.4654782,0.6383076,0.51573116
V300063714_L03_93,0.6362443,0.8882034,0.6319106,0.62723947,0.93944645,0.6873654,0.9499465,0.8947486,0.6277836,0.55533093,0.6324963,0.6260131,0.6319106,0.9368225,0.6219145,0.9209253,0.88094175,0.9440514,0.95149875,0.057437807,0.19147879,0.9526168,0.12857836,0.13584471,0.90907633,0.6863322,0.8983655,0.6859192,0.97986263,0.43561834,0.9624465,0.68561447,0.89885235,0.6219145,0.90215033,0.8980595,0.89976966,0.6856468,0.9607426,0.9088643,0.8983136,0.68746096,0.8915441,0.89242524,0.24341181,0.2459912,0.24092966,0.24096343,0.24671897,0.1013436,0.90324545,0.82432896,0.82432896,0.7624949,0.82432896,0.04632768,0.048150092,0.45668754,1.0,0.45668754,0.8505256,0.45668754,0.6309004,0.6833728,0.8654252,0.89373493,0.9061613,0.9509265,0.87806964,0.09284386,0.7631618,0.2138747,0.046099454,0.15229169,0.13302231,0.13302231,0.72640485,0.23566473,0.93422943,0.7623297,0.74853396,0.93278974,0.8948016,0.7634181,0.8948016,0.17467493,0.71134406,0.043647707,0.043647707,0.055146933,0.04638195,0.046078563,0.048466593,0.043647707,0.047764033,0.055146933,0.043946594,0.043647707,0.05101037,0.75205564,0.04520023,0.043647707,0.055146933,0.043647707,0.04618144,0.15446746,0.04387793,0.043647707,0.043647707,0.04601893,0.11855587,0.29394963,0.28281096,0.07476342,0.08205277,0.33231187,0.7182027,0.6591584,0.100518614,0.34657586,0.0736191
V350011809_L01_25,0.31155416,0.2724226,0.31504574,0.31373912,0.3332305,0.29975182,0.45508036,0.553616,0.31501985,0.24784982,0.31191796,0.309161,0.31504574,0.32835823,0.31502068,0.48065943,0.3029487,0.5171243,0.48982015,0.51849467,0.47015777,0.51316655,0.4443907,0.4752312,0.34341902,0.5249867,0.47103336,0.52444816,0.45090774,0.3364656,0.40632546,0.52460235,0.47052988,0.31502068,0.46564907,0.47075775,0.466713,0.5232684,0.3971542,0.4587791,0.47147396,0.525396,0.47186074,0.4707107,0.645155,0.64929795,0.6460345,0.64516675,0.6447599,0.62921286,0.5640083,0.62856925,0.62856925,0.79745424,0.62856925,0.52912337,0.5327397,1.0,0.45668754,1.0,0.77175987,1.0,0.31363297,0.525079,0.4869067,0.47198465,0.41899967,0.44843158,0.5124507,0.46821994,0.4218074,0.48084226,0.517681,0.46753818,0.48199704,0.48199704,0.6533202,0.5188249,0.5496774,0.64089453,0.5228703,0.34572837,0.5527828,0.60185564,0.5527828,0.6549356,0.5700377,0.53241366,0.53241366,0.5153013,0.53140235,0.5334297,0.53806096,0.53241366,0.5349956,0.5153013,0.53417575,0.53241366,0.51053214,0.2593641,0.5322056,0.53241366,0.5153013,0.53241366,0.53298026,0.40985864,0.5318206,0.53241366,0.53241366,0.5338893,0.40686437,0.60171336,0.60448205,0.4802794,0.5557424,0.2784797,0.23195875,0.43248576,0.4654782,0.6383076,0.51573116
NK01018,0.48846233,0.6921866,0.48837116,0.48413694,0.75107133,0.52319807,0.8149754,0.8323369,0.48565748,0.41185072,0.48811108,0.4809577,0.48837116,0.7449402,0.47891867,0.7734654,0.66400236,0.83041763,0.8205259,0.18106604,0.25905237,0.82976615,0.1833187,0.17973411,0.7332694,0.6397849,0.7715597,0.6395489,0.8434528,0.3760388,0.80447775,0.639918,0.7714422,0.47891867,0.7690228,0.7711191,0.7699765,0.6382464,0.7942759,0.77191556,0.771752,0.64079094,0.7645148,0.7646847,0.36291355,0.36656675,0.36151716,0.3606062,0.36356106,0.27563614,0.821236,0.7866807,0.7866807,0.8633008,0.7866807,0.16940415,0.17382169,0.77175987,0.8505256,0.77175987,1.0,0.77175987,0.48704758,0.6014862,0.7322299,0.76783574,0.79539776,0.7946099,0.7555637,0.18896109,0.66693217,0.23356074,0.15641692,0.18375823,0.18157688,0.18157688,0.793286,0.3081127,0.87854075,0.8102119,0.7375944,0.764409,0.8316052,0.79310584,0.8316052,0.3532411,0.6971261,0.17129892,0.17129892,0.16518962,0.1705887,0.17226312,0.17639658,0.17129892,0.1742687,0.16518962,0.17220962,0.17129892,0.17955151,0.52910805,0.17117822,0.17129892,0.16518962,0.17129892,0.17208683,0.17818218,0.17051727,0.17129892,0.17129892,0.17244262,0.17848676,0.42306387,0.3864515,0.1912775,0.24926645,0.2395598,0.5226022,0.5946239,0.19136721,0.48961654,0.17845446
NK12042,0.31155416,0.2724226,0.31504574,0.31373912,0.3332305,0.29975182,0.45508036,0.553616,0.31501985,0.24784982,0.31191796,0.309161,0.31504574,0.32835823,0.31502068,0.48065943,0.3029487,0.5171243,0.48982015,0.51849467,0.47015777,0.51316655,0.4443907,0.4752312,0.34341902,0.5249867,0.47103336,0.52444816,0.45090774,0.3364656,0.40632546,0.52460235,0.47052988,0.31502068,0.46564907,0.47075775,0.466713,0.5232684,0.3971542,0.4587791,0.47147396,0.525396,0.47186074,0.4707107,0.645155,0.64929795,0.6460345,0.64516675,0.6447599,0.62921286,0.5640083,0.62856925,0.62856925,0.79745424,0.62856925,0.52912337,0.5327397,1.0,0.45668754,1.0,0.77175987,1.0,0.31363297,0.525079,0.4869067,0.47198465,0.41899967,0.44843158,0.5124507,0.46821994,0.4218074,0.48084226,0.517681,0.46753818,0.48199704,0.48199704,0.6533202,0.5188249,0.5496774,0.64089453,0.5228703,0.34572837,0.5527828,0.60185564,0.5527828,0.6549356,0.5700377,0.53241366,0.53241366,0.5153013,0.53140235,0.5334297,0.53806096,0.53241366,0.5349956,0.5153013,0.53417575,0.53241366,0.51053214,0.2593641,0.5322056,0.53241366,0.5153013,0.53241366,0.53298026,0.40985864,0.5318206,0.53241366,0.53241366,0.5338893,0.40686437,0.60171336,0.60448205,0.4802794,0.5557424,0.2784797,0.23195875,0.43248576,0.4654782,0.6383076,0.51573116
V350011809_L04_30,0.99968326,0.7640157,0.99990237,0.99989915,0.7383523,0.992285,0.69116616,0.7104792,0.99993694,0.90830904,0.99986744,0.9992009,0.99990237,0.762153,0.99921775,0.7015988,0.6601795,0.64692676,0.6778018,0.31242383,0.27174753,0.6459147,0.43692675,0.5751517,0.6678078,0.62819695,0.7048824,0.6278007,0.6290672,0.5696772,0.6569611,0.6285016,0.7048687,0.99921775,0.7048664,0.7052975,0.7050887,0.62742925,0.65986836,0.71182436,0.7044336,0.6281499,0.7051395,0.7054122,0.39836586,0.39476418,0.3968555,0.3959669,0.39497274,0.29160717,0.61740375,0.6161875,0.6161875,0.542442,0.6161875,0.2533673,0.24982202,0.31363297,0.6309004,0.31363297,0.48704758,0.31363297,1.0,0.55416554,0.6580522,0.7079838,0.59157234,0.6136788,0.60268426,0.31731248,0.7153022,0.6497648,0.4167931,0.578707,0.5680741,0.5680741,0.55243933,0.21876675,0.63838017,0.53091717,0.5592618,0.5915707,0.7111927,0.58368194,0.7111927,0.39715156,0.64440894,0.25716737,0.25716737,0.2533008,0.25396454,0.25287145,0.24565384,0.25716737,0.24959192,0.2533008,0.25603968,0.25716737,0.2721945,0.4070649,0.2525926,0.25716737,0.2533008,0.25716737,0.25304925,0.26098248,0.25666565,0.25716737,0.25716737,0.25275594,0.35702953,0.41948637,0.41851765,0.31073183,0.30166283,0.49960393,0.6309085,0.43696472,0.31553543,0.39316636,0.25165632
V300063692_L02_32,0.55395746,0.56926996,0.554277,0.5513042,0.62733966,0.5677267,0.69019145,0.7288878,0.5513333,0.5360463,0.55003005,0.5511156,0.554277,0.6392929,0.55000937,0.8132633,0.6562592,0.79524267,0.7898015,0.22709882,0.15415129,0.7052124,0.37391168,0.40277958,0.7119195,0.797009,0.79093415,0.7935924,0.7257917,0.50084835,0.73626256,0.79212856,0.79217154,0.55000937,0.79049176,0.790978,0.78951895,0.7951112,0.72575366,0.78601295,0.79170936,0.79734844,0.79530334,0.7947767,0.4851775,0.48922753,0.4847106,0.4857177,0.48851758,0.25477892,0.80312353,0.828953,0.828953,0.7984792,0.828953,0.30704808,0.3053851,0.525079,0.6833728,0.525079,0.6014862,0.525079,0.55416554,1.0,0.9315958,0.78824985,0.52300745,0.6673467,0.7654827,0.18874112,0.4731111,0.44188917,0.31408215,0.41599417,0.40815985,0.40815985,0.47362956,0.21846867,0.63558304,0.42970768,0.41941455,0.5328543,0.72938514,0.47911707,0.72938514,0.5245572,0.78069305,0.30564743,0.30564743,0.29773098,0.30863068,0.30817425,0.30360806,0.30564743,0.30409396,0.29773098,0.30635542,0.30564743,0.23816425,0.48732972,0.30207515,0.30564743,0.29773098,0.30564743,0.30835998,0.31072247,0.30245134,0.30564743,0.30564743,0.307846,0.18218505,0.3243694,0.36798406,0.19433361,0.16798761,0.41344205,0.43702132,0.34045267,0.18984917,0.20379013,0.36327243
V350037201_L03_57,0.6598644,0.73882407,0.65871215,0.6545818,0.80098695,0.6910684,0.8686451,0.8928851,0.65465117,0.5808556,0.65575606,0.6540679,0.65871215,0.8143147,0.6502816,0.9494703,0.8194213,0.941263,0.9458713,0.083393574,0.076251626,0.87678266,0.2072896,0.27065074,0.84741193,0.82645845,0.93702877,0.8240697,0.89307225,0.47482038,0.8965777,0.82305616,0.9379851,0.6502816,0.9377784,0.9369478,0.93638325,0.8246473,0.8887677,0.93662405,0.9374274,0.8271878,0.93796587,0.9379069,0.34409273,0.34745935,0.34250164,0.34333515,0.3471458,0.10454187,0.92256767,0.9127102,0.9127102,0.8529996,0.9127102,0.123045355,0.12248847,0.4869067,0.8654252,0.4869067,0.7322299,0.4869067,0.6580522,0.9315958,1.0,0.9348943,0.69545376,0.8386989,0.8834161,0.06046301,0.6160094,0.34963995,0.13468069,0.28572795,0.27234802,0.27234802,0.6005001,0.13965899,0.81740993,0.5810999,0.5646094,0.7143246,0.8933233,0.6242301,0.8933233,0.36459962,0.8238696,0.121777445,0.121777445,0.115445316,0.124455065,0.12379971,0.12108046,0.121777445,0.12159744,0.115445316,0.12228623,0.121777445,0.075906605,0.5690516,0.12002894,0.121777445,0.115445316,0.121777445,0.124037415,0.17343953,0.12004769,0.121777445,0.121777445,0.12357053,0.07201335,0.27912396,0.30071247,0.05557266,0.042265207,0.34900543,0.53284466,0.43473205,0.062470734,0.20233405,0.17186469
V350011900_L04_36,0.7107073,0.79376626,0.708373,0.704777,0.84435594,0.74499375,0.90919447,0.92746806,0.7044524,0.6217171,0.7072278,0.70612144,0.708373,0.8602405,0.69886893,0.9450461,0.8616344,0.9458945,0.9596739,0.059679,0.08681017,0.91916287,0.17427942,0.22185719,0.90640116,0.9042082,0.99923235,0.9043125,0.92222553,0.58298016,0.93015426,0.9041181,0.9993464,0.69886893,0.99887884,0.9992353,0.9989089,0.9037932,0.926203,0.99818194,0.9992109,0.9048729,0.999549,0.99955297,0.298383,0.29962796,0.29647195,0.2976168,0.30093408,0.08370155,0.91518396,0.8892937,0.8892937,0.83595,0.8892937,0.062258303,0.060495615,0.47198465,0.89373493,0.47198465,0.76783574,0.47198465,0.7079838,0.78824985,0.9348943,1.0,0.74826455,0.88212764,0.88358873,0.04691863,0.7059396,0.31053597,0.08646074,0.23039025,0.22024983,0.22024983,0.6438135,0.11872867,0.8694007,0.6459913,0.63824666,0.772245,0.9279647,0.67190045,0.9279647,0.30408418,0.77011585,0.06059289,0.06059289,0.0517838,0.06231454,0.061707854,0.06106794,0.06059289,0.061059833,0.0517838,0.06067729,0.06059289,0.033949375,0.5615193,0.061341137,0.06059289,0.0517838,0.06059289,0.061874688,0.15214002,0.06138432,0.06059289,0.06059289,0.061504632,0.06924656,0.27142972,0.2649106,0.03560826,0.03940931,0.32582554,0.6044653,0.4978564,0.04744008,0.24545646,0.09665465
V350037201_L03_15,0.5967437,0.9091213,0.5921874,0.5893558,0.92287874,0.64144504,0.86993027,0.80745745,0.58995414,0.52889496,0.5951974,0.58588064,0.5921874,0.9143105,0.58496517,0.7685511,0.7757647,0.7901311,0.8068743,0.1784186,0.30313498,0.8338531,0.19359574,0.17702058,0.85302675,0.55868065,0.753361,0.55988145,0.8725905,0.45031637,0.89560986,0.5601187,0.753832,0.58496517,0.7565706,0.7531742,0.75558394,0.55927324,0.90165126,0.7677126,0.75308096,0.5596971,0.74331945,0.74432826,0.2939794,0.29432476,0.2914897,0.29018962,0.2951296,0.23873672,0.74283344,0.64730215,0.64730215,0.6039101,0.64730215,0.12122604,0.1239143,0.41899967,0.9061613,0.41899967,0.79539776,0.41899967,0.59157234,0.52300745,0.69545376,0.74826455,1.0,0.8656995,0.75508225,0.23570204,0.7659458,0.22728476,0.14218464,0.19067377,0.17271942,0.17271942,0.8122309,0.3113445,0.8965297,0.82048714,0.8204146,0.9323929,0.8072085,0.84531367,0.8072085,0.20398617,0.652139,0.12029743,0.12029743,0.1347346,0.12064904,0.12110552,0.12342444,0.12029743,0.1227164,0.1347346,0.12008941,0.12029743,0.17084435,0.76132244,0.12191534,0.12029743,0.1347346,0.12029743,0.1209912,0.19301575,0.12051913,0.12029743,0.12029743,0.12116572,0.2584449,0.39597094,0.37331128,0.22295079,0.23505008,0.39571443,0.7553959,0.67310673,0.23963842,0.49469566,0.12397355
V350011903_L01_32,0.6204188,0.8531111,0.6147528,0.61102057,0.90084267,0.67208374,0.9176359,0.8514294,0.61108243,0.5256071,0.61653537,0.6123335,0.6147528,0.9004651,0.60573155,0.9018239,0.9058484,0.9014073,0.9090254,0.11966169,0.23901716,0.9615917,0.119407356,0.12731758,0.8893417,0.7000568,0.88280857,0.70402235,0.9334775,0.47229657,0.9208518,0.70416266,0.8839309,0.60573155,0.8899076,0.8826215,0.8843696,0.70280087,0.922848,0.8942694,0.8824517,0.7010882,0.8787304,0.87938374,0.29327506,0.29494524,0.29107374,0.29049748,0.29720795,0.15823454,0.85905814,0.77472776,0.77472776,0.72097325,0.77472776,0.0653401,0.06558904,0.44843158,0.9509265,0.44843158,0.7946099,0.44843158,0.6136788,0.6673467,0.8386989,0.88212764,0.8656995,1.0,0.91057974,0.1379635,0.808981,0.19302991,0.057379633,0.14255333,0.124521434,0.124521434,0.7125149,0.27968413,0.8992549,0.7499156,0.72292614,0.90051204,0.8516109,0.75196165,0.8516109,0.16076222,0.66809416,0.06143692,0.06143692,0.069236755,0.063191146,0.06380555,0.065414876,0.06143692,0.06468281,0.069236755,0.061237574,0.06143692,0.07475853,0.729112,0.06339362,0.06143692,0.069236755,0.06143692,0.06368771,0.18622911,0.061392546,0.06143692,0.06143692,0.063728094,0.16084546,0.28385705,0.2779703,0.11424863,0.12644902,0.35713142,0.6883912,0.6682786,0.14401844,0.41269046,0.08127558
V350011904_L04_66,0.60624015,0.7358952,0.6038625,0.6007896,0.80567205,0.6469165,0.8821186,0.86672586,0.6005987,0.5046286,0.60320383,0.60149324,0.6038625,0.813411,0.5955625,0.9184905,0.8208158,0.9049245,0.90965134,0.12508196,0.18819681,0.93785524,0.15498221,0.18613222,0.8147091,0.75559926,0.8817996,0.75484514,0.88567877,0.43619543,0.8657354,0.75416636,0.88235974,0.5955625,0.8857273,0.88207376,0.88146377,0.7541636,0.86187077,0.88515955,0.8818393,0.75668424,0.88074356,0.8810471,0.3934977,0.39627528,0.3915037,0.39226463,0.39618507,0.18299818,0.89734936,0.8619255,0.8619255,0.80416596,0.8619255,0.112415016,0.112597555,0.5124507,0.87806964,0.5124507,0.7555637,0.5124507,0.60268426,0.7654827,0.8834161,0.88358873,0.75508225,0.91057974,1.0,0.10177359,0.7100642,0.25533438,0.10614094,0.19713396,0.18549511,0.18549511,0.69934064,0.23695779,0.8639177,0.7016419,0.6607108,0.77082723,0.86648846,0.71919894,0.86648846,0.28917915,0.7392536,0.10995501,0.10995501,0.10550147,0.112268865,0.11339578,0.113788664,0.10995501,0.11235136,0.10550147,0.110657394,0.10995501,0.08535308,0.6365777,0.112587154,0.10995501,0.10550147,0.10995501,0.11336619,0.18225014,0.11083412,0.10995501,0.10995501,0.11330855,0.10791141,0.32103753,0.32019222,0.0907169,0.10409036,0.3215778,0.53830814,0.5808842,0.10460591,0.36039376,0.14189437
V350011809_L03_57,0.31494612,0.22166687,0.3166065,0.3213176,0.15223393,0.2819615,0.08441275,0.058461636,0.320773,0.4081171,0.31899226,0.3210889,0.3166065,0.14131469,0.32490683,0.050424993,0.20787454,0.042675078,0.03494048,0.9660147,0.9142844,0.08042565,0.81723315,0.7633821,0.14513624,0.16599172,0.044317454,0.1694488,0.07738745,0.5322243,0.08051646,0.17004493,0.044387132,0.32490683,0.04652691,0.044288278,0.045413703,0.16957599,0.08801037,0.046062022,0.044197053,0.16511962,0.046227276,0.04600233,0.65340716,0.65042466,0.65564084,0.65435314,0.6510669,0.89471114,0.048796356,0.06852186,0.06852186,0.11955616,0.06852186,0.9176316,0.9181204,0.46821994,0.09284386,0.46821994,0.18896109,0.46821994,0.31731248,0.18874112,0.06046301,0.04691863,0.23570204,0.1379635,0.10177359,1.0,0.3209611,0.6709591,0.8951944,0.7546345,0.76391184,0.76391184,0.31462795,0.8602262,0.11396772,0.3091967,0.355052,0.23588872,0.0584583,0.29815376,0.0584583,0.6495643,0.1922889,0.9192116,0.9192116,0.92626095,0.91612864,0.91642326,0.91674846,0.9192116,0.9169464,0.92626095,0.9184662,0.9192116,0.9664135,0.41686067,0.91811967,0.9192116,0.92626095,0.9192116,0.916223,0.8539653,0.9181962,0.9192116,0.9192116,0.9166457,0.98069584,0.67575365,0.6975111,0.9847708,0.9717933,0.7577665,0.45384172,0.49522346,0.99832803,0.74786437,0.87978363
V300073501_L01_80,0.72225475,0.7698819,0.71660984,0.7156863,0.7822348,0.7524257,0.7727535,0.70004475,0.71570617,0.6332756,0.72046155,0.71476734,0.71660984,0.7815742,0.7134746,0.6877005,0.7124604,0.6729221,0.6952663,0.29772788,0.40300804,0.7826329,0.25386384,0.319197,0.7416595,0.581094,0.7030092,0.58919245,0.72184396,0.52675885,0.7192066,0.590385,0.7039458,0.7134746,0.710777,0.70291615,0.7048266,0.5857122,0.727001,0.7190123,0.70224816,0.5816856,0.69971526,0.7004343,0.35739768,0.3550824,0.35529265,0.35213917,0.35588604,0.34324503,0.6311178,0.56779695,0.56779695,0.52569336,0.56779695,0.19633228,0.19418406,0.4218074,0.7631618,0.4218074,0.66693217,0.4218074,0.7153022,0.4731111,0.6160094,0.7059396,0.7659458,0.808981,0.7100642,0.3209611,1.0,0.3747906,0.26475513,0.32771462,0.31286427,0.31286427,0.7278386,0.35546818,0.7696645,0.73355424,0.72584486,0.7550748,0.70095235,0.764348,0.70095235,0.2585774,0.6112981,0.19610205,0.19610205,0.20526621,0.19278657,0.19350716,0.1927402,0.19610205,0.19369632,0.20526621,0.19442078,0.19610205,0.2405375,0.5853994,0.19439119,0.19610205,0.20526621,0.19610205,0.19324774,0.25249353,0.19611245,0.19610205,0.19610205,0.19364366,0.35771203,0.4469178,0.4423014,0.30858624,0.33147115,0.40798745,0.7023159,0.6494167,0.32125235,0.6105463,0.16671622
NK04082,0.6455697,0.31126076,0.6481947,0.6519275,0.28468502,0.59535104,0.25601974,0.33337915,0.65159714,0.63369066,0.64627147,0.64927113,0.6481947,0.29602987,0.65836465,0.32228535,0.23351774,0.26984993,0.2826624,0.7023144,0.5623805,0.23138174,0.7972883,0.980832,0.24382102,0.40083307,0.3097784,0.39717668,0.20753258,0.4805477,0.24049577,0.39709955,0.30860004,0.65836465,0.3043153,0.31018633,0.30951393,0.39804178,0.24362206,0.3039282,0.30961013,0.39996836,0.31382787,0.3131657,0.65467393,0.6498302,0.6556933,0.6564443,0.6524338,0.67908907,0.3051166,0.38818842,0.38818842,0.3812313,0.38818842,0.7071233,0.70514035,0.48084226,0.2138747,0.48084226,0.23356074,0.48084226,0.6497648,0.44188917,0.34963995,0.31053597,0.22728476,0.19302991,0.25533438,0.6709591,0.3747906,1.0,0.8820877,0.98160434,0.9798931,0.9798931,0.3510248,0.51795626,0.24358845,0.3032863,0.3228418,0.18565014,0.33388153,0.33344644,0.33388153,0.7144745,0.46737885,0.7103561,0.7103561,0.70751274,0.70904505,0.7076938,0.7022558,0.7103561,0.7044037,0.70751274,0.71067554,0.7103561,0.6963196,0.25001687,0.7082127,0.7103561,0.70751274,0.7103561,0.7076278,0.5879955,0.71116745,0.7103561,0.7103561,0.707839,0.6598869,0.62964547,0.6794374,0.6762048,0.6603807,0.6289202,0.39487556,0.3122462,0.6666296,0.5267993,0.692788
V300073501_L01_85,0.41185293,0.1698958,0.41521645,0.42010978,0.12146264,0.3618195,0.059476703,0.09923527,0.41981098,0.49370003,0.41473538,0.4201281,0.41521645,0.12015051,0.4268462,0.09289265,0.105498284,0.06595093,0.062372744,0.91127115,0.7923229,0.055581927,0.92222184,0.94756,0.104901135,0.2706221,0.08511227,0.2686693,0.045229405,0.52085865,0.06502858,0.2688446,0.084312886,0.4268462,0.08196911,0.08550367,0.0846369,0.26984197,0.06769547,0.07885641,0.08510855,0.26944557,0.08939576,0.088730365,0.7501781,0.7465063,0.7524673,0.7529063,0.7479798,0.888041,0.112136126,0.18143308,0.18143308,0.22658956,0.18143308,0.9237447,0.92300195,0.517681,0.046099454,0.517681,0.15641692,0.517681,0.4167931,0.31408215,0.13468069,0.08646074,0.14218464,0.057379633,0.10614094,0.8951944,0.26475513,0.8820877,1.0,0.9396386,0.9492111,0.9492111,0.27090383,0.7442762,0.07827088,0.23594338,0.25979352,0.107147664,0.09916523,0.23759982,0.09916523,0.7853611,0.28288847,0.9265353,0.9265353,0.92716944,0.9242264,0.9242703,0.92129326,0.9265353,0.92199296,0.92716944,0.9266132,0.9265353,0.9278459,0.2883536,0.9248603,0.9265353,0.92716944,0.9265353,0.9241067,0.80903494,0.92602223,0.9265353,0.9265353,0.92437744,0.87060773,0.6867144,0.71543384,0.91062635,0.8942387,0.70195436,0.3637085,0.3651836,0.8913115,0.64169407,0.9048773
V300073501_L01_52,0.573857,0.27180535,0.5768032,0.58133644,0.23413736,0.52583814,0.1753462,0.23582461,0.5808985,0.5990436,0.57550675,0.58007836,0.5768032,0.24162054,0.5875107,0.24430376,0.19988737,0.19810179,0.20591265,0.7782378,0.6373795,0.16185299,0.8667861,0.9975685,0.19952217,0.35451233,0.22998226,0.3512764,0.15167359,0.49560276,0.1847758,0.3512283,0.22913605,0.5875107,0.22686678,0.23043215,0.23002112,0.35252315,0.18743196,0.22495964,0.22989106,0.3534077,0.23464134,0.23396158,0.6789612,0.6741546,0.68060064,0.68158793,0.6771157,0.7450161,0.2370454,0.31267682,0.31267682,0.31311566,0.31267682,0.78655034,0.78558373,0.46753818,0.15229169,0.46753818,0.18375823,0.46753818,0.578707,0.41599417,0.28572795,0.23039025,0.19067377,0.14255333,0.19713396,0.7546345,0.32771462,0.98160434,0.9396386,1.0,0.99773645,0.99773645,0.29213965,0.59408116,0.16749775,0.24298698,0.2725439,0.15353978,0.2361747,0.2723539,0.2361747,0.73043716,0.38845488,0.7897693,0.7897693,0.7907798,0.78785545,0.78698754,0.78139555,0.7897693,0.78332305,0.7907798,0.7899833,0.7897693,0.7825842,0.2731083,0.7869439,0.7897693,0.7907798,0.7897693,0.7868929,0.6686488,0.78923047,0.7897693,0.7897693,0.78710306,0.7395021,0.6212436,0.6729114,0.7633734,0.7359013,0.69461787,0.40354842,0.32155433,0.75089544,0.53826165,0.7794865
V350011900_L04_67,0.5629387,0.25097895,0.56622434,0.57077736,0.21290377,0.5124475,0.15955326,0.2282551,0.5703555,0.5909531,0.5647704,0.5699198,0.56622434,0.22094783,0.57705104,0.22872198,0.18237707,0.18439168,0.19127077,0.7924379,0.6459016,0.14664012,0.87339926,0.99953985,0.1823974,0.35511371,0.2193327,0.35171387,0.13469607,0.4989167,0.16657096,0.35173318,0.21837282,0.57705104,0.21520689,0.2197982,0.21902621,0.3529767,0.16874963,0.21260378,0.21923512,0.35396802,0.22430187,0.22355783,0.6918816,0.68718886,0.69364744,0.69457716,0.68976736,0.7594893,0.22495729,0.30597016,0.30597016,0.31499165,0.30597016,0.80453837,0.80316997,0.48199704,0.13302231,0.48199704,0.18157688,0.48199704,0.5680741,0.40815985,0.27234802,0.22024983,0.17271942,0.124521434,0.18549511,0.76391184,0.31286427,0.9798931,0.9492111,0.99773645,1.0,0.9999998,0.28900313,0.6027625,0.15483552,0.24025229,0.26569656,0.13425612,0.22855824,0.26563582,0.22855824,0.74976885,0.38642186,0.8078178,0.8078178,0.80657023,0.80591524,0.80510926,0.79961264,0.8078178,0.8014651,0.80657023,0.80806655,0.8078178,0.79792166,0.25470343,0.8054111,0.8078178,0.80657023,0.8078178,0.80500865,0.6833139,0.8077259,0.8078178,0.8078178,0.8052023,0.74800205,0.6340481,0.67768985,0.77549493,0.75094384,0.68446475,0.3804739,0.3105868,0.75926703,0.54323155,0.7959591
NK06054,0.5629387,0.25097895,0.56622434,0.57077736,0.21290377,0.5124475,0.15955326,0.2282551,0.5703555,0.5909531,0.5647704,0.5699198,0.56622434,0.22094783,0.57705104,0.22872198,0.18237707,0.18439168,0.19127077,0.7924379,0.6459016,0.14664012,0.87339926,0.99953985,0.1823974,0.35511371,0.2193327,0.35171387,0.13469607,0.4989167,0.16657096,0.35173318,0.21837282,0.57705104,0.21520689,0.2197982,0.21902621,0.3529767,0.16874963,0.21260378,0.21923512,0.35396802,0.22430187,0.22355783,0.6918816,0.68718886,0.69364744,0.69457716,0.68976736,0.7594893,0.22495729,0.30597016,0.30597016,0.31499165,0.30597016,0.80453837,0.80316997,0.48199704,0.13302231,0.48199704,0.18157688,0.48199704,0.5680741,0.40815985,0.27234802,0.22024983,0.17271942,0.124521434,0.18549511,0.76391184,0.31286427,0.9798931,0.9492111,0.99773645,0.9999998,1.0,0.28900313,0.6027625,0.15483552,0.24025229,0.26569656,0.13425612,0.22855824,0.26563582,0.22855824,0.74976885,0.38642186,0.8078178,0.8078178,0.80657023,0.80591524,0.80510926,0.79961264,0.8078178,0.8014651,0.80657023,0.80806655,0.8078178,0.79792166,0.25470343,0.8054111,0.8078178,0.80657023,0.8078178,0.80500865,0.6833139,0.8077259,0.8078178,0.8078178,0.8052023,0.74800205,0.6340481,0.67768985,0.77549493,0.75094384,0.68446475,0.3804739,0.3105868,0.75926703,0.54323155,0.7959591
NK04142,0.5562386,0.627125,0.55484766,0.55281246,0.6624614,0.5730776,0.7630939,0.8199591,0.5539856,0.42262325,0.55626225,0.5456839,0.55484766,0.6614811,0.55340517,0.6543052,0.546384,0.66118455,0.6765235,0.30685458,0.36285415,0.7273775,0.20665294,0.29268548,0.6178376,0.50614035,0.64347136,0.5083867,0.68408424,0.36366338,0.6661669,0.50864375,0.6440265,0.55340517,0.64231986,0.6432262,0.64184374,0.5059768,0.66789836,0.65031815,0.6432338,0.50728476,0.63656104,0.6369107,0.47032762,0.47109732,0.467998,0.46517587,0.4690729,0.4327472,0.6354171,0.6085261,0.6085261,0.65311736,0.6085261,0.23811942,0.24138749,0.6533202,0.72640485,0.6533202,0.793286,0.6533202,0.55243933,0.47362956,0.6005001,0.6438135,0.8122309,0.7125149,0.69934064,0.31462795,0.7278386,0.3510248,0.27090383,0.29213965,0.28900313,0.28900313,1.0,0.35944694,0.8776231,0.9456942,0.8767536,0.68493843,0.8193145,0.9882262,0.8193145,0.43057916,0.71932817,0.24109668,0.24109668,0.23705316,0.23911512,0.24080807,0.24303454,0.24109668,0.24234083,0.23705316,0.24118757,0.24109668,0.27875453,0.4691772,0.24222803,0.24109668,0.23705316,0.24109668,0.24047318,0.19222665,0.24210268,0.24109668,0.24109668,0.2411949,0.29387105,0.6240001,0.6124494,0.31724167,0.37668467,0.2780653,0.4589964,0.5478041,0.30964887,0.69503164,0.20089725
V350011809_L04_114,0.2208431,0.25308084,0.21933198,0.22086686,0.21723968,0.20437187,0.19501764,0.12281489,0.2211473,0.2916432,0.22110638,0.22232369,0.21933198,0.201462,0.22236261,0.14153457,0.28108525,0.16864398,0.1404261,0.8608775,0.96207744,0.21633223,0.6883552,0.6003566,0.19351056,0.15792543,0.120116204,0.16211826,0.19409215,0.42775714,0.17491361,0.16241452,0.120563924,0.22236261,0.12285569,0.119686306,0.12124765,0.16255957,0.17968613,0.1211611,0.120052695,0.15743807,0.12070325,0.12081295,0.5607487,0.5617633,0.5624576,0.5614466,0.5603242,0.8093973,0.16195703,0.16290495,0.16290495,0.19603285,0.16290495,0.8637202,0.86585927,0.5188249,0.23566473,0.5188249,0.3081127,0.5188249,0.21876675,0.21846867,0.13965899,0.11872867,0.3113445,0.27968413,0.23695779,0.8602262,0.35546818,0.51795626,0.7442762,0.59408116,0.6027625,0.6027625,0.35944694,1.0,0.19733244,0.4212795,0.38098305,0.34724632,0.12241623,0.34171522,0.12241623,0.55693835,0.17495167,0.8611551,0.8611551,0.870571,0.86124235,0.8620588,0.86606973,0.8611551,0.86520416,0.870571,0.8609557,0.8611551,0.8744166,0.5637388,0.8631363,0.8611551,0.870571,0.8611551,0.8620612,0.84140635,0.86152494,0.8611551,0.8611551,0.86228764,0.84313554,0.67903936,0.6295708,0.86721414,0.86298984,0.58135784,0.4257922,0.6349877,0.86235213,0.71503294,0.8369748
NK01111,0.6420859,0.81322765,0.6396616,0.6358565,0.86846024,0.6844471,0.93063784,0.948194,0.6366361,0.53145075,0.6406132,0.63346916,0.6396616,0.86731184,0.6320777,0.88595825,0.7904074,0.8953681,0.9122211,0.08842301,0.17223114,0.9214998,0.11631015,0.15790403,0.8294068,0.6878263,0.8714253,0.6878077,0.9233713,0.4151361,0.8944404,0.68770355,0.87160957,0.6320777,0.87215394,0.8712716,0.8709027,0.6866937,0.89191824,0.8786086,0.8714111,0.6890745,0.86414135,0.86478484,0.32718092,0.32943863,0.32444775,0.32353723,0.32831377,0.17373163,0.86803925,0.81095433,0.81095433,0.79491293,0.81095433,0.05270222,0.05518365,0.5496774,0.93422943,0.5496774,0.87854075,0.5496774,0.63838017,0.63558304,0.81740993,0.8694007,0.8965297,0.8992549,0.8639177,0.11396772,0.7696645,0.24358845,0.07827088,0.16749775,0.15483552,0.15483552,0.8776231,0.19733244,1.0,0.873147,0.8391762,0.86329985,0.94800514,0.89150876,0.94800514,0.27629125,0.77830994,0.05330369,0.05330369,0.053846806,0.053709686,0.054318488,0.057023346,0.05330369,0.05572331,0.053846806,0.05352345,0.05330369,0.06943753,0.6137337,0.05456513,0.05330369,0.053846806,0.05330369,0.05427295,0.110316545,0.05380243,0.05330369,0.05330369,0.05439207,0.119369626,0.39548925,0.38183865,0.10163039,0.13712883,0.28228796,0.6083919,0.59937245,0.11706996,0.4548183,0.059376985
V350011903_L01_128,0.5355381,0.65096414,0.5325103,0.53017664,0.6914941,0.5578053,0.78107345,0.8070836,0.5314127,0.42521778,0.5349736,0.5252566,0.5325103,0.68366647,0.52956927,0.6737372,0.5919092,0.6882882,0.6930356,0.2953512,0.40455258,0.7573499,0.18203199,0.24423295,0.635378,0.487478,0.6480759,0.4905773,0.7051014,0.35219604,0.6766803,0.49120346,0.64750344,0.52956927,0.6468973,0.6477,0.6470611,0.48876873,0.68017834,0.6538223,0.64774567,0.48853523,0.63917613,0.63968897,0.45044637,0.452664,0.44814256,0.44481683,0.44922793,0.41672754,0.6616367,0.61875,0.61875,0.6494482,0.61875,0.22682598,0.23041385,0.64089453,0.7623297,0.64089453,0.8102119,0.64089453,0.53091717,0.42970768,0.5810999,0.6459913,0.82048714,0.7499156,0.7016419,0.3091967,0.73355424,0.3032863,0.23594338,0.24298698,0.24025229,0.24025229,0.9456942,0.4212795,0.873147,1.0,0.88297224,0.7557686,0.80660254,0.9405106,0.80660254,0.36020002,0.68176246,0.2279217,0.2279217,0.23007923,0.22758844,0.22833315,0.23357645,0.2279217,0.2321049,0.23007923,0.22838536,0.2279217,0.26357752,0.5468331,0.23104,0.2279217,0.23007923,0.2279217,0.22817019,0.2215063,0.23086691,0.2279217,0.2279217,0.2287646,0.2995781,0.6206281,0.56592983,0.30123928,0.3719244,0.23225963,0.48741,0.6549616,0.3101939,0.6759757,0.18569708
V350011903_L02_117,0.5645084,0.68120176,0.5611216,0.5585064,0.71384233,0.58514696,0.7556594,0.7700582,0.5596532,0.50406694,0.5633531,0.55476546,0.5611216,0.7043469,0.55716825,0.6442259,0.610144,0.66115195,0.6766442,0.31264198,0.4264018,0.7145173,0.22411767,0.2714376,0.65896547,0.4903828,0.63961494,0.49235177,0.70348394,0.45333582,0.6890264,0.4929255,0.6395833,0.55716825,0.639372,0.63933873,0.6406634,0.4911676,0.6945213,0.6486083,0.6390145,0.49147892,0.6312342,0.63211566,0.41721192,0.41716924,0.41481614,0.4122214,0.41648585,0.3924719,0.62584597,0.5702588,0.5702588,0.57401687,0.5702588,0.23103291,0.23176646,0.5228703,0.74853396,0.5228703,0.7375944,0.5228703,0.5592618,0.41941455,0.5646094,0.63824666,0.8204146,0.72292614,0.6607108,0.355052,0.72584486,0.3228418,0.25979352,0.2725439,0.26569656,0.26569656,0.8767536,0.38098305,0.8391762,0.88297224,1.0,0.7660408,0.76970124,0.8891406,0.76970124,0.34710342,0.65553707,0.23067325,0.23067325,0.24903935,0.23028395,0.23086539,0.23607537,0.23067325,0.23429102,0.24903935,0.23030126,0.23067325,0.28157872,0.5785299,0.23444021,0.23067325,0.24903935,0.23067325,0.23083845,0.2607989,0.23391202,0.23067325,0.23067325,0.23108053,0.36018342,0.5919391,0.6019816,0.33211473,0.37913918,0.31731993,0.63155407,0.7237947,0.35455716,0.65070975,0.18981066
V350037201_L02_88,0.59687054,0.91823506,0.5916872,0.58822244,0.9320241,0.6477313,0.8755101,0.7746484,0.58859724,0.583357,0.5946015,0.58853173,0.5916872,0.9231601,0.58349127,0.8000346,0.87358195,0.8220142,0.8334251,0.15883592,0.33157396,0.86644804,0.20975927,0.13868117,0.8746182,0.57405585,0.7778051,0.57452774,0.9126902,0.4951723,0.9020766,0.5746134,0.7780156,0.58349127,0.78212893,0.77758694,0.7810041,0.5743727,0.9043119,0.79253334,0.77758974,0.57497406,0.7683874,0.76980793,0.23938692,0.24054825,0.23703897,0.23648158,0.24146333,0.17901191,0.77388453,0.6591627,0.6591627,0.5896083,0.6591627,0.12331647,0.12533352,0.34572837,0.93278974,0.34572837,0.764409,0.34572837,0.5915707,0.5328543,0.7143246,0.772245,0.9323929,0.90051204,0.77082723,0.23588872,0.7550748,0.18565014,0.107147664,0.15353978,0.13425612,0.13425612,0.68493843,0.34724632,0.86329985,0.7557686,0.7660408,1.0,0.774708,0.7270987,0.774708,0.13458568,0.58322763,0.11995411,0.11995411,0.13882867,0.12242517,0.12193471,0.12512338,0.11995411,0.12446508,0.13882867,0.119767815,0.11995411,0.15783969,0.8412744,0.12221447,0.11995411,0.13882867,0.11995411,0.12216449,0.28068578,0.12083721,0.11995411,0.11995411,0.121801466,0.27497244,0.32751495,0.28948957,0.20410222,0.203448,0.4418975,0.8129219,0.7575817,0.24692759,0.40707606,0.14294335
NK06177,0.7133867,0.77242637,0.712314,0.708275,0.82983387,0.74018174,0.92494905,0.99997497,0.70893836,0.5844552,0.7112457,0.7055517,0.712314,0.84243906,0.70553243,0.9321705,0.7840587,0.9283829,0.9436222,0.06984362,0.088481516,0.9033973,0.12807086,0.23137319,0.82405925,0.7684798,0.92866224,0.7674823,0.8970864,0.43514445,0.8887538,0.76732296,0.92843324,0.70553243,0.92537916,0.9285455,0.92721736,0.766783,0.8849097,0.92882437,0.9286257,0.76956373,0.92495763,0.925169,0.35848153,0.36037093,0.35591894,0.3556354,0.35918272,0.13817126,0.90440774,0.88386655,0.88386655,0.86098355,0.88386655,0.058605373,0.059158236,0.5527828,0.8948016,0.5527828,0.8316052,0.5527828,0.7111927,0.72938514,0.8933233,0.9279647,0.8072085,0.8516109,0.86648846,0.0584583,0.70095235,0.33388153,0.09916523,0.2361747,0.22855824,0.22855824,0.8193145,0.12241623,0.94800514,0.80660254,0.76970124,0.774708,1.0,0.8312887,0.99999964,0.34546727,0.8468758,0.059376657,0.059376657,0.05109018,0.06077403,0.060385257,0.06032285,0.059376657,0.060383677,0.05109018,0.059842885,0.059376657,0.044549644,0.5157854,0.06004888,0.059376657,0.05109018,0.059376657,0.060453534,0.09453052,0.06065938,0.059376657,0.059376657,0.060370386,0.06775382,0.3946287,0.3823648,0.050723076,0.08259198,0.24519587,0.5198675,0.4935088,0.058125645,0.35459918,0.06831461
NK06053,0.5882173,0.68412703,0.58611006,0.5841622,0.7108244,0.61237323,0.8026814,0.83180827,0.58506525,0.45331183,0.58818465,0.57710546,0.58611006,0.710525,0.58349055,0.68104815,0.59325415,0.6860338,0.7049378,0.2834473,0.35237223,0.75430954,0.17753977,0.26958483,0.66990364,0.51121974,0.6715467,0.5141171,0.7177898,0.38819742,0.7080047,0.51437557,0.6722763,0.58349055,0.6726258,0.6713095,0.67065966,0.5115933,0.71100074,0.6809831,0.6712273,0.5123941,0.6641389,0.66461164,0.4288985,0.42903334,0.42634666,0.42325205,0.42760366,0.39235774,0.6521379,0.6116285,0.6116285,0.63653797,0.6116285,0.2024953,0.20568305,0.60185564,0.7634181,0.60185564,0.79310584,0.60185564,0.58368194,0.47911707,0.6242301,0.67190045,0.84531367,0.75196165,0.71919894,0.29815376,0.764348,0.33344644,0.23759982,0.2723539,0.26563582,0.26563582,0.9882262,0.34171522,0.89150876,0.9405106,0.8891406,0.7270987,0.8312887,1.0,0.8312887,0.38330436,0.72708035,0.20531148,0.20531148,0.20333964,0.20278218,0.20438322,0.20625275,0.20531148,0.20598322,0.20333964,0.20506814,0.20531148,0.24999303,0.5079768,0.20600235,0.20531148,0.20333964,0.20531148,0.204068,0.1697405,0.20576036,0.20531148,0.20531148,0.2047371,0.2890131,0.5985387,0.5893701,0.29905966,0.35094324,0.29240814,0.50980765,0.5733134,0.29195368,0.6824399,0.16329488
NK08181,0.7133867,0.77242637,0.712314,0.708275,0.82983387,0.74018174,0.92494905,0.99997497,0.70893836,0.5844552,0.7112457,0.7055517,0.712314,0.84243906,0.70553243,0.9321705,0.7840587,0.9283829,0.9436222,0.06984362,0.088481516,0.9033973,0.12807086,0.23137319,0.82405925,0.7684798,0.92866224,0.7674823,0.8970864,0.43514445,0.8887538,0.76732296,0.92843324,0.70553243,0.92537916,0.9285455,0.92721736,0.766783,0.8849097,0.92882437,0.9286257,0.76956373,0.92495763,0.925169,0.35848153,0.36037093,0.35591894,0.3556354,0.35918272,0.13817126,0.90440774,0.88386655,0.88386655,0.86098355,0.88386655,0.058605373,0.059158236,0.5527828,0.8948016,0.5527828,0.8316052,0.5527828,0.7111927,0.72938514,0.8933233,0.9279647,0.8072085,0.8516109,0.86648846,0.0584583,0.70095235,0.33388153,0.09916523,0.2361747,0.22855824,0.22855824,0.8193145,0.12241623,0.94800514,0.80660254,0.76970124,0.774708,0.99999964,0.8312887,1.0,0.34546727,0.8468758,0.059376657,0.059376657,0.05109018,0.06077403,0.060385257,0.06032285,0.059376657,0.060383677,0.05109018,0.059842885,0.059376657,0.044549644,0.5157854,0.06004888,0.059376657,0.05109018,0.059376657,0.060453534,0.09453052,0.06065938,0.059376657,0.059376657,0.060370386,0.06775382,0.3946287,0.3823648,0.050723076,0.08259198,0.24519587,0.5198675,0.4935088,0.058125645,0.35459918,0.06831461
NK10104,0.39200258,0.17009631,0.39816278,0.39791697,0.1756694,0.35330477,0.24750033,0.346274,0.39874408,0.4442091,0.39279976,0.39713225,0.39816278,0.18059582,0.4029393,0.26704124,0.16549954,0.2730415,0.26419654,0.72022533,0.5730906,0.19872677,0.72603714,0.7446438,0.19870993,0.4753787,0.3010115,0.46970546,0.19768566,0.48315313,0.2141634,0.46913025,0.30141968,0.4029393,0.29389954,0.30109316,0.2964397,0.46899328,0.20717546,0.2868039,0.30124617,0.47476518,0.30678552,0.3059209,0.7514075,0.75254005,0.7522826,0.75194275,0.7491861,0.74854314,0.323354,0.41477963,0.41477963,0.48317495,0.41477963,0.7722618,0.7711376,0.6549356,0.17467493,0.6549356,0.3532411,0.6549356,0.39715156,0.5245572,0.36459962,0.30408418,0.20398617,0.16076222,0.28917915,0.6495643,0.2585774,0.7144745,0.7853611,0.73043716,0.74976885,0.74976885,0.43057916,0.55693835,0.27629125,0.36020002,0.34710342,0.13458568,0.34546727,0.38330436,0.34546727,1.0,0.57203674,0.77683014,0.77683014,0.7580083,0.774348,0.77537435,0.77379286,0.77683014,0.77456915,0.7580083,0.7769699,0.77683014,0.7331898,0.19401562,0.7748083,0.77683014,0.7580083,0.77683014,0.77546775,0.65030265,0.775772,0.77683014,0.77683014,0.77541816,0.5938066,0.7814474,0.78285146,0.69232064,0.70590734,0.4496534,0.21027389,0.26283246,0.6402469,0.5646858,0.76102567
V300093475_L03_86,0.6459731,0.61719245,0.6461512,0.6423931,0.67175484,0.65331036,0.7776369,0.84699047,0.6431669,0.5681971,0.6428211,0.63840556,0.6461512,0.6779167,0.6413508,0.79289716,0.6087802,0.7760606,0.7872754,0.2368339,0.15652636,0.71031725,0.22222847,0.38508156,0.6729139,0.6799641,0.76984817,0.6785648,0.70437795,0.41306844,0.7266201,0.67785764,0.7700887,0.6413508,0.7656172,0.76969206,0.76790327,0.67812526,0.7231456,0.76692927,0.7699666,0.6806872,0.7684876,0.76837355,0.47722292,0.47877952,0.47501504,0.4723364,0.47586402,0.28106993,0.76758003,0.79992986,0.79992986,0.7848951,0.79992986,0.22891381,0.22752613,0.5700377,0.71134406,0.5700377,0.6971261,0.5700377,0.64440894,0.78069305,0.8238696,0.77011585,0.652139,0.66809416,0.7392536,0.1922889,0.6112981,0.46737885,0.28288847,0.38845488,0.38642186,0.38642186,0.71932817,0.17495167,0.77830994,0.68176246,0.65553707,0.58322763,0.8468758,0.72708035,0.8468758,0.57203674,1.0,0.23113754,0.23113754,0.22168067,0.23056161,0.2304112,0.22885829,0.23113754,0.2295391,0.22168067,0.23114231,0.23113754,0.20669764,0.3992393,0.23000014,0.23113754,0.22168067,0.23113754,0.23039839,0.17603013,0.2308507,0.23113754,0.23113754,0.23039752,0.19355026,0.58135134,0.58788526,0.2023837,0.22925037,0.25213253,0.40611753,0.37116027,0.18757242,0.41804674,0.21445721
19101412,0.25301647,0.11379957,0.25646824,0.26000464,0.06774819,0.21194395,0.04820329,0.059627682,0.2597705,0.35924584,0.25591958,0.26137024,0.25646824,0.061492115,0.26521236,0.060135186,0.13235891,0.05968693,0.04424879,0.9377554,0.87390375,0.04754573,0.8652513,0.8037191,0.08755419,0.22933412,0.059513032,0.22916728,0.05002448,0.49509895,0.04782194,0.22905976,0.059458286,0.26521236,0.057356864,0.05951208,0.058830857,0.22994876,0.047925115,0.051635772,0.059723556,0.22833219,0.06449404,0.06399357,0.68664575,0.68578035,0.689334,0.68984866,0.68489003,0.87783563,0.098636925,0.15685639,0.15685639,0.21028244,0.15685639,0.99961025,0.99960774,0.53241366,0.043647707,0.53241366,0.17129892,0.53241366,0.25716737,0.30564743,0.121777445,0.06059289,0.12029743,0.06143692,0.10995501,0.9192116,0.19610205,0.7103561,0.9265353,0.7897693,0.8078178,0.8078178,0.24109668,0.8611551,0.05330369,0.2279217,0.23067325,0.11995411,0.059376657,0.20531148,0.059376657,0.77683014,0.23113754,1.0,1.0,0.994228,0.9996308,0.99974835,0.9992887,1.0,0.9995571,0.994228,0.9999734,1.0,0.98363876,0.3841074,0.9995773,1.0,0.994228,1.0,0.99975455,0.9197229,0.99957335,1.0,1.0,0.9997628,0.89629006,0.6803157,0.68580544,0.9418465,0.9219866,0.671528,0.30695784,0.3894145,0.91543937,0.6290468,0.983377
19102703,0.25301647,0.11379957,0.25646824,0.26000464,0.06774819,0.21194395,0.04820329,0.059627682,0.2597705,0.35924584,0.25591958,0.26137024,0.25646824,0.061492115,0.26521236,0.060135186,0.13235891,0.05968693,0.04424879,0.9377554,0.87390375,0.04754573,0.8652513,0.8037191,0.08755419,0.22933412,0.059513032,0.22916728,0.05002448,0.49509895,0.04782194,0.22905976,0.059458286,0.26521236,0.057356864,0.05951208,0.058830857,0.22994876,0.047925115,0.051635772,0.059723556,0.22833219,0.06449404,0.06399357,0.68664575,0.68578035,0.689334,0.68984866,0.68489003,0.87783563,0.098636925,0.15685639,0.15685639,0.21028244,0.15685639,0.99961025,0.99960774,0.53241366,0.043647707,0.53241366,0.17129892,0.53241366,0.25716737,0.30564743,0.121777445,0.06059289,0.12029743,0.06143692,0.10995501,0.9192116,0.19610205,0.7103561,0.9265353,0.7897693,0.8078178,0.8078178,0.24109668,0.8611551,0.05330369,0.2279217,0.23067325,0.11995411,0.059376657,0.20531148,0.059376657,0.77683014,0.23113754,1.0,1.0,0.994228,0.9996308,0.99974835,0.9992887,1.0,0.9995571,0.994228,0.9999734,1.0,0.98363876,0.3841074,0.9995773,1.0,0.994228,1.0,0.99975455,0.9197229,0.99957335,1.0,1.0,0.9997628,0.89629006,0.6803157,0.68580544,0.9418465,0.9219866,0.671528,0.30695784,0.3894145,0.91543937,0.6290468,0.983377
IM_19110207_result,0.24998462,0.12314767,0.25271398,0.2560018,0.082877874,0.20979565,0.04887864,0.05125594,0.25585365,0.35990772,0.25224203,0.25740677,0.25271398,0.07294375,0.2616039,0.056893587,0.13530442,0.059275866,0.042928487,0.93934834,0.8886683,0.04856214,0.8651142,0.80338186,0.09052873,0.21099395,0.0511688,0.21065062,0.056316167,0.49767897,0.05284089,0.21047407,0.051157385,0.2616039,0.049616277,0.051144272,0.05099681,0.2116228,0.05379486,0.045033574,0.051315665,0.21003386,0.055801243,0.055426806,0.6894276,0.68857515,0.691994,0.6924709,0.68822205,0.88290215,0.09490496,0.14670435,0.14670435,0.19243059,0.14670435,0.99459827,0.99419963,0.5153013,0.055146933,0.5153013,0.16518962,0.5153013,0.2533008,0.29773098,0.115445316,0.0517838,0.1347346,0.069236755,0.10550147,0.92626095,0.20526621,0.70751274,0.92716944,0.7907798,0.80657023,0.80657023,0.23705316,0.870571,0.053846806,0.23007923,0.24903935,0.13882867,0.05109018,0.20333964,0.05109018,0.7580083,0.22168067,0.994228,0.994228,1.0,0.9944073,0.9942656,0.99445826,0.994228,0.9946088,0.99999994,0.9941765,0.994228,0.98271716,0.41121206,0.99436164,0.994228,0.99999994,0.994228,0.99425614,0.9222351,0.9943372,0.994228,0.994228,0.9942771,0.9060712,0.68286973,0.6927705,0.9452903,0.9245223,0.6718668,0.34186035,0.42034146,0.92383343,0.6392488,0.9769629
IM_20010403_result,0.249908,0.11310792,0.25326532,0.25672626,0.06889346,0.20867872,0.05050683,0.060996085,0.25648707,0.35640278,0.2526751,0.25795913,0.25326532,0.062142253,0.26218745,0.06268135,0.1326164,0.062398463,0.04662198,0.9342935,0.87290514,0.0499278,0.8644698,0.8019233,0.089571506,0.23053765,0.061453074,0.2302719,0.052621067,0.49290776,0.04959312,0.23011634,0.061379492,0.26218745,0.059081852,0.06144291,0.060846657,0.23106709,0.049655557,0.05353394,0.06166923,0.22956437,0.066396534,0.06591725,0.6885767,0.6878114,0.69124186,0.6918491,0.6869831,0.8763006,0.10148105,0.15922484,0.15922484,0.2118198,0.15922484,0.99981415,0.9996098,0.53140235,0.04638195,0.53140235,0.1705887,0.53140235,0.25396454,0.30863068,0.124455065,0.06231454,0.12064904,0.063191146,0.112268865,0.91612864,0.19278657,0.70904505,0.9242264,0.78785545,0.80591524,0.80591524,0.23911512,0.86124235,0.053709686,0.22758844,0.23028395,0.12242517,0.06077403,0.20278218,0.06077403,0.774348,0.23056161,0.9996308,0.9996308,0.9944073,1.0,0.99992514,0.99954516,0.9996308,0.99979854,0.9944073,0.99969447,0.9996308,0.9817861,0.38953638,0.9996153,0.9996308,0.9944073,0.9996308,0.9999231,0.9219944,0.9997151,0.9996308,0.9996308,0.9999256,0.8936142,0.67815024,0.6840217,0.9379494,0.91796863,0.67017746,0.3082198,0.39087445,0.9126601,0.62455183,0.98446846
20010715,0.2488113,0.1127885,0.25218624,0.25562978,0.06856614,0.20789042,0.049924016,0.060643077,0.2554211,0.35553107,0.25161207,0.25701007,0.25218624,0.06193003,0.26100704,0.061796874,0.13216147,0.061950028,0.04610765,0.9349468,0.8735448,0.050217062,0.86405706,0.80104774,0.088656664,0.2303868,0.06072125,0.23017591,0.052349836,0.49276447,0.049340457,0.23003161,0.06069711,0.26100704,0.058488667,0.060717344,0.060082465,0.23096222,0.049333215,0.05285251,0.060931742,0.22941059,0.06571117,0.06523037,0.6882469,0.6874677,0.6909189,0.6915072,0.68664473,0.8769914,0.10120827,0.15878978,0.15878978,0.21250468,0.15878978,0.9998558,0.9996902,0.5334297,0.046078563,0.5334297,0.17226312,0.5334297,0.25287145,0.30817425,0.12379971,0.061707854,0.12110552,0.06380555,0.11339578,0.91642326,0.19350716,0.7076938,0.9242703,0.78698754,0.80510926,0.80510926,0.24080807,0.8620588,0.054318488,0.22833315,0.23086539,0.12193471,0.060385257,0.20438322,0.060385257,0.77537435,0.2304112,0.99974835,0.99974835,0.9942656,0.99992514,1.0,0.99959505,0.99974835,0.99981517,0.9942656,0.9997875,0.99974835,0.9821843,0.38821858,0.99966955,0.99974835,0.9942656,0.99974835,0.9999935,0.92194223,0.9996962,0.99974835,0.99974835,0.99999684,0.8933781,0.6788425,0.68430066,0.9388888,0.919008,0.6694303,0.30692723,0.39096498,0.91284347,0.6264179,0.98446
19120508,0.24166188,0.11068115,0.24501824,0.24838102,0.06792721,0.20137918,0.05075553,0.060587496,0.24818793,0.3490406,0.24440011,0.24968958,0.24501824,0.06029734,0.2536221,0.060759664,0.1322464,0.062746346,0.046327293,0.9348401,0.8773689,0.051665187,0.86161,0.79545236,0.08758515,0.22855979,0.060236454,0.22817314,0.05412349,0.4897988,0.04923153,0.22802404,0.060115755,0.2536221,0.0579547,0.060231954,0.059624225,0.22900915,0.04919249,0.052212834,0.060457468,0.22761357,0.064983815,0.06450558,0.68798935,0.6874035,0.6906655,0.6912433,0.6864517,0.8787644,0.102128506,0.15908018,0.15908018,0.21349266,0.15908018,0.99946356,0.99936336,0.53806096,0.048466593,0.53806096,0.17639658,0.53806096,0.24565384,0.30360806,0.12108046,0.06106794,0.12342444,0.065414876,0.113788664,0.91674846,0.1927402,0.7022558,0.92129326,0.78139555,0.79961264,0.79961264,0.24303454,0.86606973,0.057023346,0.23357645,0.23607537,0.12512338,0.06032285,0.20625275,0.06032285,0.77379286,0.22885829,0.9992887,0.9992887,0.99445826,0.99954516,0.99959505,1.0,0.9992887,0.99986047,0.99445826,0.99937546,0.9992887,0.9821857,0.3939335,0.999546,0.9992887,0.99445826,0.9992887,0.9995948,0.9232398,0.99940825,0.9992887,0.9992887,0.99960893,0.8931741,0.68151873,0.6868198,0.93899125,0.92023736,0.66528535,0.30869868,0.3974222,0.913363,0.63022363,0.98351085
IM_20030103_result,0.25301647,0.11379957,0.25646824,0.26000464,0.06774819,0.21194395,0.04820329,0.059627682,0.2597705,0.35924584,0.25591958,0.26137024,0.25646824,0.061492115,0.26521236,0.060135186,0.13235891,0.05968693,0.04424879,0.9377554,0.87390375,0.04754573,0.8652513,0.8037191,0.08755419,0.22933412,0.059513032,0.22916728,0.05002448,0.49509895,0.04782194,0.22905976,0.059458286,0.26521236,0.057356864,0.05951208,0.058830857,0.22994876,0.047925115,0.051635772,0.059723556,0.22833219,0.06449404,0.06399357,0.68664575,0.68578035,0.689334,0.68984866,0.68489003,0.87783563,0.098636925,0.15685639,0.15685639,0.21028244,0.15685639,0.99961025,0.99960774,0.53241366,0.043647707,0.53241366,0.17129892,0.53241366,0.25716737,0.30564743,0.121777445,0.06059289,0.12029743,0.06143692,0.10995501,0.9192116,0.19610205,0.7103561,0.9265353,0.7897693,0.8078178,0.8078178,0.24109668,0.8611551,0.05330369,0.2279217,0.23067325,0.11995411,0.059376657,0.20531148,0.059376657,0.77683014,0.23113754,1.0,1.0,0.994228,0.9996308,0.99974835,0.9992887,1.0,0.9995571,0.994228,0.9999734,1.0,0.98363876,0.3841074,0.9995773,1.0,0.994228,1.0,0.99975455,0.9197229,0.99957335,1.0,1.0,0.9997628,0.89629006,0.6803157,0.68580544,0.9418465,0.9219866,0.671528,0.30695784,0.3894145,0.91543937,0.6290468,0.983377
20040104_1,0.24561357,0.11214265,0.24895886,0.25231695,0.068528414,0.2049236,0.05140558,0.0606322,0.25212646,0.35184702,0.248344,0.2535777,0.24895886,0.061243534,0.2576613,0.060736597,0.1324836,0.062117428,0.04590839,0.9351456,0.87679446,0.050614983,0.8617703,0.7974268,0.087991,0.2277931,0.060195178,0.2274887,0.053189754,0.4907678,0.049197286,0.22733736,0.06012717,0.2576613,0.057916254,0.06017831,0.059568286,0.22825459,0.049206764,0.052355558,0.060408205,0.22683468,0.06502673,0.06455326,0.6872339,0.6865861,0.68989176,0.6904462,0.68566614,0.8778671,0.100928485,0.15809503,0.15809503,0.21166229,0.15809503,0.9997095,0.99955434,0.5349956,0.047764033,0.5349956,0.1742687,0.5349956,0.24959192,0.30409396,0.12159744,0.061059833,0.1227164,0.06468281,0.11235136,0.9169464,0.19369632,0.7044037,0.92199296,0.78332305,0.8014651,0.8014651,0.24234083,0.86520416,0.05572331,0.2321049,0.23429102,0.12446508,0.060383677,0.20598322,0.060383677,0.77456915,0.2295391,0.9995571,0.9995571,0.9946088,0.99979854,0.99981517,0.99986047,0.9995571,1.0,0.9946088,0.99960995,0.9995571,0.98229444,0.3920517,0.9996251,0.9995571,0.9946088,0.9995571,0.99981576,0.9228255,0.9996247,0.9995571,0.9995571,0.9998262,0.89369655,0.6820488,0.6870608,0.9391652,0.9201747,0.66638577,0.30845207,0.39501426,0.9134538,0.6296852,0.98356616
IM_20050511_result,0.24998462,0.12314767,0.25271398,0.2560018,0.082877874,0.20979565,0.04887864,0.05125594,0.25585365,0.35990772,0.25224203,0.25740677,0.25271398,0.07294375,0.2616039,0.056893587,0.13530442,0.059275866,0.042928487,0.93934834,0.8886683,0.04856214,0.8651142,0.80338186,0.09052873,0.21099395,0.0511688,0.21065062,0.056316167,0.49767897,0.05284089,0.21047407,0.051157385,0.2616039,0.049616277,0.051144272,0.05099681,0.2116228,0.05379486,0.045033574,0.051315665,0.21003386,0.055801243,0.055426806,0.6894276,0.68857515,0.691994,0.6924709,0.68822205,0.88290215,0.09490496,0.14670435,0.14670435,0.19243059,0.14670435,0.99459827,0.99419963,0.5153013,0.055146933,0.5153013,0.16518962,0.5153013,0.2533008,0.29773098,0.115445316,0.0517838,0.1347346,0.069236755,0.10550147,0.92626095,0.20526621,0.70751274,0.92716944,0.7907798,0.80657023,0.80657023,0.23705316,0.870571,0.053846806,0.23007923,0.24903935,0.13882867,0.05109018,0.20333964,0.05109018,0.7580083,0.22168067,0.994228,0.994228,0.99999994,0.9944073,0.9942656,0.99445826,0.994228,0.9946088,1.0,0.9941765,0.994228,0.98271716,0.41121206,0.99436164,0.994228,0.99999994,0.994228,0.99425614,0.9222351,0.9943372,0.994228,0.994228,0.9942771,0.9060712,0.68286973,0.6927705,0.9452903,0.9245223,0.6718668,0.34186035,0.42034146,0.92383343,0.6392488,0.9769629
V350011903_L01_115,0.2518561,0.11283332,0.25533187,0.25887465,0.06729671,0.2106973,0.04818511,0.06009966,0.2586333,0.35792643,0.2547519,0.26015842,0.25533187,0.06095311,0.26410472,0.060891837,0.13165268,0.060389847,0.044816494,0.9371315,0.87313664,0.048118442,0.8657148,0.8039441,0.08715749,0.2295134,0.05966139,0.22923934,0.050410897,0.49345723,0.047828406,0.2291207,0.0595659,0.26410472,0.05740714,0.059662223,0.058965683,0.23004323,0.047842234,0.051639527,0.059877902,0.2285161,0.06458911,0.06408355,0.68795455,0.68711257,0.6906445,0.6911832,0.6862105,0.87814325,0.099898696,0.15836683,0.15836683,0.21194178,0.15836683,0.9996027,0.9996686,0.53417575,0.043946594,0.53417575,0.17220962,0.53417575,0.25603968,0.30635542,0.12228623,0.06067729,0.12008941,0.061237574,0.110657394,0.9184662,0.19442078,0.71067554,0.9266132,0.7899833,0.80806655,0.80806655,0.24118757,0.8609557,0.05352345,0.22838536,0.23030126,0.119767815,0.059842885,0.20506814,0.059842885,0.7769699,0.23114231,0.9999734,0.9999734,0.9941765,0.99969447,0.9997875,0.99937546,0.9999734,0.99960995,0.9941765,1.0,0.9999734,0.98332846,0.38427696,0.99964064,0.9999734,0.9941765,0.9999734,0.9997895,0.9192132,0.999624,0.9999734,0.9999734,0.9998046,0.8952725,0.6800491,0.68562293,0.94098127,0.9212965,0.6714299,0.305992,0.38962597,0.9147862,0.62808514,0.9837891
20052815,0.25301647,0.11379957,0.25646824,0.26000464,0.06774819,0.21194395,0.04820329,0.059627682,0.2597705,0.35924584,0.25591958,0.26137024,0.25646824,0.061492115,0.26521236,0.060135186,0.13235891,0.05968693,0.04424879,0.9377554,0.87390375,0.04754573,0.8652513,0.8037191,0.08755419,0.22933412,0.059513032,0.22916728,0.05002448,0.49509895,0.04782194,0.22905976,0.059458286,0.26521236,0.057356864,0.05951208,0.058830857,0.22994876,0.047925115,0.051635772,0.059723556,0.22833219,0.06449404,0.06399357,0.68664575,0.68578035,0.689334,0.68984866,0.68489003,0.87783563,0.098636925,0.15685639,0.15685639,0.21028244,0.15685639,0.99961025,0.99960774,0.53241366,0.043647707,0.53241366,0.17129892,0.53241366,0.25716737,0.30564743,0.121777445,0.06059289,0.12029743,0.06143692,0.10995501,0.9192116,0.19610205,0.7103561,0.9265353,0.7897693,0.8078178,0.8078178,0.24109668,0.8611551,0.05330369,0.2279217,0.23067325,0.11995411,0.059376657,0.20531148,0.059376657,0.77683014,0.23113754,1.0,1.0,0.994228,0.9996308,0.99974835,0.9992887,1.0,0.9995571,0.994228,0.9999734,1.0,0.98363876,0.3841074,0.9995773,1.0,0.994228,1.0,0.99975455,0.9197229,0.99957335,1.0,1.0,0.9997628,0.89629006,0.6803157,0.68580544,0.9418465,0.9219866,0.671528,0.30695784,0.3894145,0.91543937,0.6290468,0.983377
V350011900_L03_100,0.26840636,0.15372837,0.2715248,0.2757141,0.09507549,0.23178425,0.045448005,0.044893444,0.27546024,0.37087497,0.27243558,0.27644563,0.2715248,0.08561906,0.28005654,0.030769527,0.14642137,0.032421827,0.020661324,0.96687245,0.90548927,0.040947348,0.85541654,0.79532397,0.09768626,0.18241382,0.032368302,0.18352365,0.047920942,0.5047733,0.049657494,0.18384278,0.0322828,0.28005654,0.032317996,0.03237629,0.032318085,0.18425918,0.052790225,0.028409839,0.03240484,0.18139452,0.0355646,0.035179883,0.67238134,0.6706314,0.6750008,0.67480636,0.6701777,0.9028468,0.056550086,0.09687519,0.09687519,0.15547314,0.09687519,0.9822263,0.983088,0.51053214,0.05101037,0.51053214,0.17955151,0.51053214,0.2721945,0.23816425,0.075906605,0.033949375,0.17084435,0.07475853,0.08535308,0.9664135,0.2405375,0.6963196,0.9278459,0.7825842,0.79792166,0.79792166,0.27875453,0.8744166,0.06943753,0.26357752,0.28157872,0.15783969,0.044549644,0.24999303,0.044549644,0.7331898,0.20669764,0.98363876,0.98363876,0.98271716,0.9817861,0.9821843,0.9821857,0.98363876,0.98229444,0.98271716,0.98332846,0.98363876,1.0,0.39556777,0.9832003,0.98363876,0.98271716,0.98363876,0.9820795,0.8990334,0.98304284,0.98363876,0.98363876,0.9823005,0.9483014,0.6922456,0.6986891,0.9837446,0.9654365,0.71225405,0.360872,0.42573673,0.9625001,0.69059014,0.956666
V300073501_L04_85,0.41190493,0.74958706,0.40640536,0.40487385,0.7528336,0.45565766,0.6617112,0.5156014,0.40447497,0.45371348,0.40941948,0.4061755,0.40640536,0.7336745,0.4014055,0.6114972,0.7495861,0.63051015,0.6347686,0.3470006,0.5375259,0.67754734,0.39169955,0.25674176,0.71611905,0.42256346,0.56948745,0.4220362,0.73304033,0.46410686,0.71638215,0.42143416,0.5693046,0.4014055,0.57614005,0.5693176,0.574373,0.42303407,0.72187054,0.58280146,0.5693934,0.4231639,0.5618326,0.5632197,0.2861285,0.287768,0.28522474,0.28663832,0.28928688,0.31991264,0.6127174,0.50745374,0.50745374,0.39926794,0.50745374,0.3910628,0.393211,0.2593641,0.75205564,0.2593641,0.52910805,0.2593641,0.4070649,0.48732972,0.5690516,0.5615193,0.76132244,0.729112,0.6365777,0.41686067,0.5853994,0.25001687,0.2883536,0.2731083,0.25470343,0.25470343,0.4691772,0.5637388,0.6137337,0.5468331,0.5785299,0.8412744,0.5157854,0.5079768,0.5157854,0.19401562,0.3992393,0.3841074,0.3841074,0.41121206,0.38953638,0.38821858,0.3939335,0.3841074,0.3920517,0.41121206,0.38427696,0.3841074,0.39556777,1.0,0.38890946,0.3841074,0.41121206,0.3841074,0.3885145,0.5494842,0.38555178,0.3841074,0.3841074,0.38805643,0.45982528,0.32471412,0.324029,0.4013196,0.35801354,0.5743422,0.7784338,0.73437434,0.4292022,0.39680213,0.41842112
V350037201_L03_14,0.24856749,0.11226982,0.25195497,0.25547373,0.06788495,0.20783693,0.048548907,0.060323536,0.25519732,0.3549869,0.25137696,0.25682724,0.25195497,0.061119795,0.26065558,0.059495687,0.13262534,0.060273945,0.044889092,0.9370946,0.87592375,0.049893767,0.86383307,0.8014531,0.087578505,0.22956523,0.060206264,0.22927201,0.051133245,0.49348524,0.048166305,0.22914827,0.06004095,0.26065558,0.057887137,0.0602265,0.059566766,0.23008505,0.048452944,0.052094102,0.06039232,0.22858265,0.06506628,0.06458235,0.6886892,0.6878129,0.6913681,0.6919664,0.6870858,0.8791392,0.09938273,0.15655231,0.15655231,0.20951158,0.15655231,0.9995116,0.99947155,0.5322056,0.04520023,0.5322056,0.17117822,0.5322056,0.2525926,0.30207515,0.12002894,0.061341137,0.12191534,0.06339362,0.112587154,0.91811967,0.19439119,0.7082127,0.9248603,0.7869439,0.8054111,0.8054111,0.24222803,0.8631363,0.05456513,0.23104,0.23444021,0.12221447,0.06004888,0.20600235,0.06004888,0.7748083,0.23000014,0.9995773,0.9995773,0.99436164,0.9996153,0.99966955,0.999546,0.9995773,0.9996251,0.99436164,0.99964064,0.9995773,0.9832003,0.38890946,1.0,0.9995773,0.99436164,0.9995773,0.9996648,0.9220295,0.9997997,0.9995773,0.9995773,0.99968207,0.8954773,0.68202335,0.6857173,0.9407554,0.9211951,0.6692889,0.3074698,0.3943857,0.9143578,0.6298021,0.9834608
NK10183,0.25301647,0.11379957,0.25646824,0.26000464,0.06774819,0.21194395,0.04820329,0.059627682,0.2597705,0.35924584,0.25591958,0.26137024,0.25646824,0.061492115,0.26521236,0.060135186,0.13235891,0.05968693,0.04424879,0.9377554,0.87390375,0.04754573,0.8652513,0.8037191,0.08755419,0.22933412,0.059513032,0.22916728,0.05002448,0.49509895,0.04782194,0.22905976,0.059458286,0.26521236,0.057356864,0.05951208,0.058830857,0.22994876,0.047925115,0.051635772,0.059723556,0.22833219,0.06449404,0.06399357,0.68664575,0.68578035,0.689334,0.68984866,0.68489003,0.87783563,0.098636925,0.15685639,0.15685639,0.21028244,0.15685639,0.99961025,0.99960774,0.53241366,0.043647707,0.53241366,0.17129892,0.53241366,0.25716737,0.30564743,0.121777445,0.06059289,0.12029743,0.06143692,0.10995501,0.9192116,0.19610205,0.7103561,0.9265353,0.7897693,0.8078178,0.8078178,0.24109668,0.8611551,0.05330369,0.2279217,0.23067325,0.11995411,0.059376657,0.20531148,0.059376657,0.77683014,0.23113754,1.0,1.0,0.994228,0.9996308,0.99974835,0.9992887,1.0,0.9995571,0.994228,0.9999734,1.0,0.98363876,0.3841074,0.9995773,1.0,0.994228,1.0,0.99975455,0.9197229,0.99957335,1.0,1.0,0.9997628,0.89629006,0.6803157,0.68580544,0.9418465,0.9219866,0.671528,0.30695784,0.3894145,0.91543937,0.6290468,0.983377
NK10262,0.24998462,0.12314767,0.25271398,0.2560018,0.082877874,0.20979565,0.04887864,0.05125594,0.25585365,0.35990772,0.25224203,0.25740677,0.25271398,0.07294375,0.2616039,0.056893587,0.13530442,0.059275866,0.042928487,0.93934834,0.8886683,0.04856214,0.8651142,0.80338186,0.09052873,0.21099395,0.0511688,0.21065062,0.056316167,0.49767897,0.05284089,0.21047407,0.051157385,0.2616039,0.049616277,0.051144272,0.05099681,0.2116228,0.05379486,0.045033574,0.051315665,0.21003386,0.055801243,0.055426806,0.6894276,0.68857515,0.691994,0.6924709,0.68822205,0.88290215,0.09490496,0.14670435,0.14670435,0.19243059,0.14670435,0.99459827,0.99419963,0.5153013,0.055146933,0.5153013,0.16518962,0.5153013,0.2533008,0.29773098,0.115445316,0.0517838,0.1347346,0.069236755,0.10550147,0.92626095,0.20526621,0.70751274,0.92716944,0.7907798,0.80657023,0.80657023,0.23705316,0.870571,0.053846806,0.23007923,0.24903935,0.13882867,0.05109018,0.20333964,0.05109018,0.7580083,0.22168067,0.994228,0.994228,0.99999994,0.9944073,0.9942656,0.99445826,0.994228,0.9946088,0.99999994,0.9941765,0.994228,0.98271716,0.41121206,0.99436164,0.994228,1.0,0.994228,0.99425614,0.9222351,0.9943372,0.994228,0.994228,0.9942771,0.9060712,0.68286973,0.6927705,0.9452903,0.9245223,0.6718668,0.34186035,0.42034146,0.92383343,0.6392488,0.9769629
NK10095,0.25301647,0.11379957,0.25646824,0.26000464,0.06774819,0.21194395,0.04820329,0.059627682,0.2597705,0.35924584,0.25591958,0.26137024,0.25646824,0.061492115,0.26521236,0.060135186,0.13235891,0.05968693,0.04424879,0.9377554,0.87390375,0.04754573,0.8652513,0.8037191,0.08755419,0.22933412,0.059513032,0.22916728,0.05002448,0.49509895,0.04782194,0.22905976,0.059458286,0.26521236,0.057356864,0.05951208,0.058830857,0.22994876,0.047925115,0.051635772,0.059723556,0.22833219,0.06449404,0.06399357,0.68664575,0.68578035,0.689334,0.68984866,0.68489003,0.87783563,0.098636925,0.15685639,0.15685639,0.21028244,0.15685639,0.99961025,0.99960774,0.53241366,0.043647707,0.53241366,0.17129892,0.53241366,0.25716737,0.30564743,0.121777445,0.06059289,0.12029743,0.06143692,0.10995501,0.9192116,0.19610205,0.7103561,0.9265353,0.7897693,0.8078178,0.8078178,0.24109668,0.8611551,0.05330369,0.2279217,0.23067325,0.11995411,0.059376657,0.20531148,0.059376657,0.77683014,0.23113754,1.0,1.0,0.994228,0.9996308,0.99974835,0.9992887,1.0,0.9995571,0.994228,0.9999734,1.0,0.98363876,0.3841074,0.9995773,1.0,0.994228,1.0,0.99975455,0.9197229,0.99957335,1.0,1.0,0.9997628,0.89629006,0.6803157,0.68580544,0.9418465,0.9219866,0.671528,0.30695784,0.3894145,0.91543937,0.6290468,0.983377
V350037201_L02_126,0.24897635,0.11289397,0.25236464,0.2558002,0.068644345,0.2080858,0.04999104,0.060712636,0.25559178,0.35595238,0.25177988,0.25720477,0.25236464,0.062051177,0.26115805,0.061996996,0.13259673,0.062209338,0.046357602,0.93469167,0.873469,0.050255716,0.8642967,0.80094016,0.0887436,0.23047507,0.060902447,0.23022905,0.052539498,0.49279198,0.04950133,0.23008502,0.060878634,0.26115805,0.05866924,0.06089878,0.060264975,0.23102659,0.0494754,0.05302766,0.06111431,0.22949809,0.065891236,0.06541392,0.6876931,0.6869251,0.6903626,0.6909546,0.68607527,0.8764419,0.101466954,0.15907454,0.15907454,0.21250537,0.15907454,0.9998488,0.9996874,0.53298026,0.04618144,0.53298026,0.17208683,0.53298026,0.25304925,0.30835998,0.124037415,0.061874688,0.1209912,0.06368771,0.11336619,0.916223,0.19324774,0.7076278,0.9241067,0.7868929,0.80500865,0.80500865,0.24047318,0.8620612,0.05427295,0.22817019,0.23083845,0.12216449,0.060453534,0.204068,0.060453534,0.77546775,0.23039839,0.99975455,0.99975455,0.99425614,0.9999231,0.9999935,0.9995948,0.99975455,0.99981576,0.99425614,0.9997895,0.99975455,0.9820795,0.3885145,0.9996648,0.99975455,0.99425614,0.99975455,1.0,0.9223088,0.99968356,0.99975455,0.99975455,0.99999183,0.89321077,0.67871886,0.6840769,0.9386989,0.91869414,0.6693828,0.30692202,0.39105818,0.9126382,0.62573254,0.98452586
V350037201_L02_63,0.25890774,0.22292507,0.26018363,0.2620792,0.17826566,0.237499,0.13108498,0.09465653,0.26174432,0.41507304,0.2602411,0.26887447,0.26018363,0.1700311,0.26590565,0.13329703,0.30531758,0.14263687,0.1316424,0.8378929,0.8590198,0.15283802,0.83662796,0.6804078,0.20851302,0.29361883,0.1513133,0.294173,0.17521492,0.57021666,0.151786,0.29405725,0.1519683,0.26590565,0.1517697,0.15141457,0.15283233,0.29529208,0.15145391,0.14810011,0.15130213,0.29276463,0.15604156,0.15632379,0.57219625,0.5714839,0.5745249,0.57606137,0.5726419,0.7535489,0.17541769,0.18274888,0.18274888,0.19718933,0.18274888,0.924021,0.9214804,0.40985864,0.15446746,0.40985864,0.17818218,0.40985864,0.26098248,0.31072247,0.17343953,0.15214002,0.19301575,0.18622911,0.18225014,0.8539653,0.25249353,0.5879955,0.80903494,0.6686488,0.6833139,0.6833139,0.19222665,0.84140635,0.110316545,0.2215063,0.2607989,0.28068578,0.09453052,0.1697405,0.09453052,0.65030265,0.17603013,0.9197229,0.9197229,0.9222351,0.9219944,0.92194223,0.9232398,0.9197229,0.9228255,0.9222351,0.9192132,0.9197229,0.8990334,0.5494842,0.9220295,0.9197229,0.9222351,0.9197229,0.9223088,1.0,0.92018414,0.9197229,0.9197229,0.92161536,0.8556451,0.5635248,0.5586214,0.8645179,0.82268196,0.7069397,0.44443175,0.4911742,0.85522556,0.5284062,0.9271029
NK04252,0.25258064,0.11246163,0.2559952,0.2594997,0.06801665,0.2111566,0.049126595,0.060882866,0.25925288,0.35779813,0.25543958,0.2607788,0.2559952,0.061208814,0.2648691,0.059139073,0.13005203,0.059498906,0.04404667,0.93727565,0.87528,0.048667848,0.8639674,0.8039281,0.087335646,0.22996664,0.0603202,0.22969663,0.04969108,0.49485397,0.047347516,0.22957364,0.060162872,0.2648691,0.05785942,0.060333192,0.059657097,0.23044363,0.047576338,0.052262515,0.06051621,0.22898233,0.065216124,0.064736664,0.6904943,0.68963814,0.6931549,0.69369864,0.68880445,0.87974596,0.097923815,0.1558016,0.1558016,0.20919216,0.1558016,0.99956036,0.9993814,0.5318206,0.04387793,0.5318206,0.17051727,0.5318206,0.25666565,0.30245134,0.12004769,0.06138432,0.12051913,0.061392546,0.11083412,0.9181962,0.19611245,0.71116745,0.92602223,0.78923047,0.8077259,0.8077259,0.24210268,0.86152494,0.05380243,0.23086691,0.23391202,0.12083721,0.06065938,0.20576036,0.06065938,0.775772,0.2308507,0.99957335,0.99957335,0.9943372,0.9997151,0.9996962,0.99940825,0.99957335,0.9996247,0.9943372,0.999624,0.99957335,0.98304284,0.38555178,0.9997997,0.99957335,0.9943372,0.99957335,0.99968356,0.92018414,1.0,0.99957335,0.99957335,0.9997034,0.89594126,0.6837738,0.6868491,0.94043237,0.92153984,0.66841906,0.30775866,0.39247036,0.9144813,0.6298822,0.9831494
NK06250,0.25301647,0.11379957,0.25646824,0.26000464,0.06774819,0.21194395,0.04820329,0.059627682,0.2597705,0.35924584,0.25591958,0.26137024,0.25646824,0.061492115,0.26521236,0.060135186,0.13235891,0.05968693,0.04424879,0.9377554,0.87390375,0.04754573,0.8652513,0.8037191,0.08755419,0.22933412,0.059513032,0.22916728,0.05002448,0.49509895,0.04782194,0.22905976,0.059458286,0.26521236,0.057356864,0.05951208,0.058830857,0.22994876,0.047925115,0.051635772,0.059723556,0.22833219,0.06449404,0.06399357,0.68664575,0.68578035,0.689334,0.68984866,0.68489003,0.87783563,0.098636925,0.15685639,0.15685639,0.21028244,0.15685639,0.99961025,0.99960774,0.53241366,0.043647707,0.53241366,0.17129892,0.53241366,0.25716737,0.30564743,0.121777445,0.06059289,0.12029743,0.06143692,0.10995501,0.9192116,0.19610205,0.7103561,0.9265353,0.7897693,0.8078178,0.8078178,0.24109668,0.8611551,0.05330369,0.2279217,0.23067325,0.11995411,0.059376657,0.20531148,0.059376657,0.77683014,0.23113754,1.0,1.0,0.994228,0.9996308,0.99974835,0.9992887,1.0,0.9995571,0.994228,0.9999734,1.0,0.98363876,0.3841074,0.9995773,1.0,0.994228,1.0,0.99975455,0.9197229,0.99957335,1.0,1.0,0.9997628,0.89629006,0.6803157,0.68580544,0.9418465,0.9219866,0.671528,0.30695784,0.3894145,0.91543937,0.6290468,0.983377
NK06310,0.25301647,0.11379957,0.25646824,0.26000464,0.06774819,0.21194395,0.04820329,0.059627682,0.2597705,0.35924584,0.25591958,0.26137024,0.25646824,0.061492115,0.26521236,0.060135186,0.13235891,0.05968693,0.04424879,0.9377554,0.87390375,0.04754573,0.8652513,0.8037191,0.08755419,0.22933412,0.059513032,0.22916728,0.05002448,0.49509895,0.04782194,0.22905976,0.059458286,0.26521236,0.057356864,0.05951208,0.058830857,0.22994876,0.047925115,0.051635772,0.059723556,0.22833219,0.06449404,0.06399357,0.68664575,0.68578035,0.689334,0.68984866,0.68489003,0.87783563,0.098636925,0.15685639,0.15685639,0.21028244,0.15685639,0.99961025,0.99960774,0.53241366,0.043647707,0.53241366,0.17129892,0.53241366,0.25716737,0.30564743,0.121777445,0.06059289,0.12029743,0.06143692,0.10995501,0.9192116,0.19610205,0.7103561,0.9265353,0.7897693,0.8078178,0.8078178,0.24109668,0.8611551,0.05330369,0.2279217,0.23067325,0.11995411,0.059376657,0.20531148,0.059376657,0.77683014,0.23113754,1.0,1.0,0.994228,0.9996308,0.99974835,0.9992887,1.0,0.9995571,0.994228,0.9999734,1.0,0.98363876,0.3841074,0.9995773,1.0,0.994228,1.0,0.99975455,0.9197229,0.99957335,1.0,1.0,0.9997628,0.89629006,0.6803157,0.68580544,0.9418465,0.9219866,0.671528,0.30695784,0.3894145,0.91543937,0.6290468,0.983377
7-20,0.24870124,0.112529874,0.2520736,0.25552496,0.06835678,0.20775092,0.049880207,0.060628206,0.25531426,0.35511857,0.2514982,0.2568613,0.2520736,0.0617207,0.2608866,0.06168601,0.13201708,0.061850667,0.04597807,0.9351696,0.8737308,0.05022168,0.8639464,0.8011468,0.08839354,0.23004031,0.060509413,0.22983822,0.05214721,0.49227312,0.049114853,0.22969595,0.060480654,0.2608866,0.058285058,0.060503602,0.05986336,0.23062164,0.049141377,0.052646518,0.060719967,0.22906366,0.06549588,0.065010995,0.6884601,0.6876805,0.6911336,0.6917156,0.6868472,0.87739277,0.10107988,0.15873402,0.15873402,0.21248925,0.15873402,0.999844,0.99970084,0.5338893,0.04601893,0.5338893,0.17244262,0.5338893,0.25275594,0.307846,0.12357053,0.061504632,0.12116572,0.063728094,0.11330855,0.9166457,0.19364366,0.707839,0.92437744,0.78710306,0.8052023,0.8052023,0.2411949,0.86228764,0.05439207,0.2287646,0.23108053,0.121801466,0.060370386,0.2047371,0.060370386,0.77541816,0.23039752,0.9997628,0.9997628,0.9942771,0.9999256,0.99999684,0.99960893,0.9997628,0.9998262,0.9942771,0.9998046,0.9997628,0.9823005,0.38805643,0.99968207,0.9997628,0.9942771,0.9997628,0.99999183,0.92161536,0.9997034,0.9997628,0.9997628,1.0,0.89347714,0.67912734,0.6846721,0.93904537,0.91928107,0.66934496,0.30671445,0.39102727,0.91306674,0.6269403,0.9843589
V350037201_L02_65,0.35518563,0.27367955,0.35582238,0.36094934,0.19465137,0.32553208,0.10398394,0.067640364,0.36007896,0.45406282,0.35929865,0.36110887,0.35582238,0.18430477,0.364228,0.067108065,0.25297403,0.053222716,0.05272135,0.94742894,0.9086385,0.09739703,0.79833907,0.7484698,0.18768674,0.16991195,0.06710526,0.1740354,0.10540983,0.5846143,0.10956898,0.17496005,0.0666672,0.364228,0.06923097,0.067148924,0.06912407,0.17465454,0.11859131,0.06915566,0.06682432,0.16899002,0.068196386,0.068182886,0.6089686,0.6053071,0.611011,0.6099222,0.60615796,0.85292333,0.05587244,0.0629133,0.0629133,0.09642169,0.0629133,0.89552164,0.89504534,0.40686437,0.11855587,0.40686437,0.17848676,0.40686437,0.35702953,0.18218505,0.07201335,0.06924656,0.2584449,0.16084546,0.10791141,0.98069584,0.35771203,0.6598869,0.87060773,0.7395021,0.74800205,0.74800205,0.29387105,0.84313554,0.119369626,0.2995781,0.36018342,0.27497244,0.06775382,0.2890131,0.06775382,0.5938066,0.19355026,0.89629006,0.89629006,0.9060712,0.8936142,0.8933781,0.8931741,0.89629006,0.89369655,0.9060712,0.8952725,0.89629006,0.9483014,0.45982528,0.8954773,0.89629006,0.9060712,0.89629006,0.89321077,0.8556451,0.89594126,0.89629006,0.89629006,0.89347714,1.0,0.64577067,0.65965486,0.97023964,0.9490989,0.7734103,0.50000244,0.51963365,0.9790052,0.7229388,0.8576622
NK04150,0.42133355,0.2898811,0.4215815,0.42063415,0.28576237,0.3882093,0.356698,0.3949828,0.42239353,0.4202916,0.420653,0.41701418,0.4215815,0.27987346,0.42655298,0.26072383,0.21683466,0.27358937,0.26692966,0.72628516,0.7107007,0.2778077,0.532745,0.63570744,0.23431721,0.28666756,0.27163887,0.2855212,0.23815435,0.4263481,0.26035315,0.285648,0.27117926,0.42655298,0.265176,0.27142102,0.27095777,0.2843057,0.26413906,0.2684093,0.27115205,0.28669918,0.26933357,0.26939327,0.6663557,0.66619945,0.6655571,0.6619085,0.6627725,0.7647011,0.26714435,0.31412074,0.31412074,0.36448044,0.31412074,0.6792589,0.67798907,0.60171336,0.29394963,0.60171336,0.42306387,0.60171336,0.41948637,0.3243694,0.27912396,0.27142972,0.39597094,0.28385705,0.32103753,0.67575365,0.4469178,0.62964547,0.6867144,0.6212436,0.6340481,0.6340481,0.6240001,0.67903936,0.39548925,0.6206281,0.5919391,0.32751495,0.3946287,0.5985387,0.3946287,0.7814474,0.58135134,0.6803157,0.6803157,0.68286973,0.67815024,0.6788425,0.68151873,0.6803157,0.6820488,0.68286973,0.6800491,0.6803157,0.6922456,0.32471412,0.68202335,0.6803157,0.68286973,0.6803157,0.67871886,0.5635248,0.6837738,0.6803157,0.6803157,0.67912734,0.64577067,1.0,0.92637765,0.70004135,0.74609435,0.353976,0.3321218,0.5323237,0.6693779,0.7839682,0.60847306
NK04047,0.42091286,0.26175907,0.42085195,0.42034048,0.2710507,0.3821676,0.34877372,0.38251024,0.4216973,0.4141556,0.41893408,0.4140157,0.42085195,0.2615826,0.42744282,0.27181548,0.20834228,0.2646891,0.26450327,0.7317223,0.68914247,0.2728561,0.5441008,0.6791471,0.23351824,0.283666,0.26403436,0.28300118,0.22697482,0.4127649,0.25059777,0.28257066,0.26478687,0.42744282,0.25990102,0.26361415,0.2638522,0.2813064,0.25613657,0.2645455,0.2636125,0.28390372,0.2635476,0.2634691,0.67476374,0.6737725,0.67400724,0.6709529,0.6728728,0.7698231,0.2679701,0.3236244,0.3236244,0.36376238,0.3236244,0.6848417,0.68306005,0.60448205,0.28281096,0.60448205,0.3864515,0.60448205,0.41851765,0.36798406,0.30071247,0.2649106,0.37331128,0.2779703,0.32019222,0.6975111,0.4423014,0.6794374,0.71543384,0.6729114,0.67768985,0.67768985,0.6124494,0.6295708,0.38183865,0.56592983,0.6019816,0.28948957,0.3823648,0.5893701,0.3823648,0.78285146,0.58788526,0.68580544,0.68580544,0.6927705,0.6840217,0.68430066,0.6868198,0.68580544,0.6870608,0.6927705,0.68562293,0.68580544,0.6986891,0.324029,0.6857173,0.68580544,0.6927705,0.68580544,0.6840769,0.5586214,0.6868491,0.68580544,0.68580544,0.6846721,0.65965486,0.92637765,1.0,0.703936,0.74239415,0.4178266,0.37203637,0.46574894,0.6915542,0.79532146,0.61278415
V350011809_L01_61,0.30774686,0.20986137,0.31033912,0.31471407,0.1388739,0.2766114,0.06748673,0.051095635,0.31448066,0.40173948,0.312399,0.315407,0.31033912,0.12879005,0.3181952,0.027696073,0.17877817,0.02947098,0.01936388,0.9749602,0.9176219,0.058626026,0.8283169,0.7743699,0.12684616,0.16561732,0.03269428,0.16856238,0.0617401,0.5320278,0.07046586,0.16919684,0.032795966,0.3181952,0.034962326,0.03275779,0.033142567,0.16891557,0.07640031,0.033157647,0.032558322,0.1646558,0.034722686,0.034469664,0.66182905,0.65919846,0.6641624,0.6630677,0.6592765,0.9086299,0.037219226,0.058899224,0.058899224,0.11910531,0.058899224,0.93945754,0.9401617,0.4802794,0.07476342,0.4802794,0.1912775,0.4802794,0.31073183,0.19433361,0.05557266,0.03560826,0.22295079,0.11424863,0.0907169,0.9847708,0.30858624,0.6762048,0.91062635,0.7633734,0.77549493,0.77549493,0.31724167,0.86721414,0.10163039,0.30123928,0.33211473,0.20410222,0.050723076,0.29905966,0.050723076,0.69232064,0.2023837,0.9418465,0.9418465,0.9452903,0.9379494,0.9388888,0.93899125,0.9418465,0.9391652,0.9452903,0.94098127,0.9418465,0.9837446,0.4013196,0.9407554,0.9418465,0.9452903,0.9418465,0.9386989,0.8645179,0.94043237,0.9418465,0.9418465,0.93904537,0.97023964,0.70004135,0.703936,1.0,0.98458344,0.7269062,0.4185941,0.4654184,0.98041546,0.7501905,0.90350115
V350037201_L02_60,0.29905808,0.19079512,0.30154416,0.30559164,0.13339558,0.26311356,0.08387858,0.0829705,0.30568522,0.3720628,0.30369502,0.30494377,0.30154416,0.121198624,0.3098384,0.03314984,0.15101078,0.037908614,0.023210049,0.9752265,0.9140115,0.07598418,0.78239036,0.7505534,0.11084771,0.16399682,0.03588879,0.16767496,0.057673812,0.5105187,0.06390473,0.1685107,0.035763204,0.3098384,0.036350787,0.035805196,0.03556359,0.167409,0.070201725,0.03513211,0.035684913,0.16318399,0.03737098,0.037012994,0.7043421,0.70221597,0.70641243,0.70464396,0.7015313,0.93735087,0.045404077,0.07415599,0.07415599,0.16180855,0.07415599,0.9192751,0.91995263,0.5557424,0.08205277,0.5557424,0.24926645,0.5557424,0.30166283,0.16798761,0.042265207,0.03940931,0.23505008,0.12644902,0.10409036,0.9717933,0.33147115,0.6603807,0.8942387,0.7359013,0.75094384,0.75094384,0.37668467,0.86298984,0.13712883,0.3719244,0.37913918,0.203448,0.08259198,0.35094324,0.08259198,0.70590734,0.22925037,0.9219866,0.9219866,0.9245223,0.91796863,0.919008,0.92023736,0.9219866,0.9201747,0.9245223,0.9212965,0.9219866,0.9654365,0.35801354,0.9211951,0.9219866,0.9245223,0.9219866,0.91869414,0.82268196,0.92153984,0.9219866,0.9219866,0.91928107,0.9490989,0.74609435,0.74239415,0.98458344,1.0,0.64855707,0.3832001,0.48207194,0.96725607,0.81732285,0.8666636
V350011904_L04_30,0.4955439,0.48436528,0.49702853,0.502184,0.40970588,0.4949936,0.2974922,0.24486041,0.5000637,0.55834126,0.49895114,0.5011816,0.49702853,0.41035593,0.5008826,0.33290958,0.51404476,0.2882957,0.31342718,0.6858408,0.62615216,0.3236841,0.7780181,0.6828724,0.44290242,0.39019907,0.32706064,0.3888839,0.37663257,0.59424263,0.3676898,0.3886298,0.32662538,0.5008826,0.3326528,0.32769635,0.33056527,0.3899722,0.36856127,0.3326818,0.32725707,0.38940334,0.3275098,0.32763463,0.46007454,0.45532042,0.4617436,0.46381924,0.45990935,0.57991064,0.30685225,0.2816081,0.2816081,0.23533577,0.2816081,0.67027974,0.6719686,0.2784797,0.33231187,0.2784797,0.2395598,0.2784797,0.49960393,0.41344205,0.34900543,0.32582554,0.39571443,0.35713142,0.3215778,0.7577665,0.40798745,0.6289202,0.70195436,0.69461787,0.68446475,0.68446475,0.2780653,0.58135784,0.28228796,0.23225963,0.31731993,0.4418975,0.24519587,0.29240814,0.24519587,0.4496534,0.25213253,0.671528,0.671528,0.6718668,0.67017746,0.6694303,0.66528535,0.671528,0.66638577,0.6718668,0.6714299,0.671528,0.71225405,0.5743422,0.6692889,0.671528,0.6718668,0.671528,0.6693828,0.7069397,0.66841906,0.671528,0.671528,0.66934496,0.7734103,0.353976,0.4178266,0.7269062,0.64855707,1.0,0.62702453,0.4537386,0.7604141,0.4491231,0.7085277
V350011900_L02_90,0.63534224,0.8278723,0.63027483,0.62945485,0.804573,0.6636802,0.65713537,0.51890653,0.6292295,0.6902926,0.6331061,0.6300057,0.63027483,0.79090744,0.6267522,0.58130217,0.71160203,0.5962235,0.61130726,0.35410583,0.4904275,0.6338869,0.45662436,0.38603124,0.76205146,0.52540016,0.6082062,0.52619857,0.70503974,0.6549398,0.7300048,0.52636164,0.6087347,0.6267522,0.6139151,0.60824364,0.6132226,0.52624106,0.73595196,0.62522835,0.6079297,0.52564883,0.60308355,0.6042321,0.2948584,0.2921852,0.293917,0.29433697,0.29709122,0.3322876,0.55336624,0.4543902,0.4543902,0.37021446,0.4543902,0.31071347,0.30845302,0.23195875,0.7182027,0.23195875,0.5226022,0.23195875,0.6309085,0.43702132,0.53284466,0.6044653,0.7553959,0.6883912,0.53830814,0.45384172,0.7023159,0.39487556,0.3637085,0.40354842,0.3804739,0.3804739,0.4589964,0.4257922,0.6083919,0.48741,0.63155407,0.8129219,0.5198675,0.50980765,0.5198675,0.21027389,0.40611753,0.30695784,0.30695784,0.34186035,0.3082198,0.30692723,0.30869868,0.30695784,0.30845207,0.34186035,0.305992,0.30695784,0.360872,0.7784338,0.3074698,0.30695784,0.34186035,0.30695784,0.30692202,0.44443175,0.30775866,0.30695784,0.30695784,0.30671445,0.50000244,0.3321218,0.37203637,0.4185941,0.3832001,0.62702453,1.0,0.7273016,0.46360666,0.4402412,0.3324799
V350011900_L03_16,0.44171736,0.6343547,0.43672672,0.43614626,0.639296,0.46641007,0.5940359,0.49361306,0.43605256,0.48048192,0.440353,0.4373533,0.43672672,0.61930156,0.4331445,0.5266781,0.6145161,0.56200105,0.5529767,0.4450577,0.6457228,0.63236463,0.3979871,0.31386304,0.58119386,0.39738473,0.50273436,0.39724916,0.6221357,0.50725067,0.58896863,0.39764914,0.50099224,0.4331445,0.5052116,0.5026198,0.5062279,0.3975768,0.5917481,0.50942105,0.50231165,0.3979438,0.4949538,0.4961169,0.41752014,0.41813582,0.41617382,0.41619498,0.418482,0.4705724,0.55637145,0.48344386,0.48344386,0.42968345,0.48344386,0.39383736,0.3958717,0.43248576,0.6591584,0.43248576,0.5946239,0.43248576,0.43696472,0.34045267,0.43473205,0.4978564,0.67310673,0.6682786,0.5808842,0.49522346,0.6494167,0.3122462,0.3651836,0.32155433,0.3105868,0.3105868,0.5478041,0.6349877,0.59937245,0.6549616,0.7237947,0.7575817,0.4935088,0.5733134,0.4935088,0.26283246,0.37116027,0.3894145,0.3894145,0.42034146,0.39087445,0.39096498,0.3974222,0.3894145,0.39501426,0.42034146,0.38962597,0.3894145,0.42573673,0.73437434,0.3943857,0.3894145,0.42034146,0.3894145,0.39105818,0.4911742,0.39247036,0.3894145,0.3894145,0.39102727,0.51963365,0.5323237,0.46574894,0.4654184,0.48207194,0.4537386,0.7273016,1.0,0.5065009,0.5843641,0.38381574
V350037201_L02_87,0.3132208,0.22656211,0.3146968,0.31933844,0.1590521,0.28055578,0.087424755,0.058131814,0.31882775,0.40923965,0.3171522,0.31916553,0.3146968,0.14678851,0.32309592,0.056261837,0.21444044,0.04787284,0.03935218,0.96010804,0.9146527,0.086657286,0.8169289,0.7589024,0.14798197,0.16335157,0.045280248,0.16673625,0.084717214,0.5277864,0.084359914,0.16730964,0.045223355,0.32309592,0.0473938,0.045235187,0.046425104,0.16688669,0.09169203,0.047222555,0.04516685,0.16250023,0.046833068,0.04664579,0.65106905,0.6481923,0.6532659,0.65209043,0.64892805,0.89020747,0.054755688,0.07231361,0.07231361,0.12118763,0.07231361,0.9140339,0.91476446,0.4654782,0.100518614,0.4654782,0.19136721,0.4654782,0.31553543,0.18984917,0.062470734,0.04744008,0.23963842,0.14401844,0.10460591,0.99832803,0.32125235,0.6666296,0.8913115,0.75089544,0.75926703,0.75926703,0.30964887,0.86235213,0.11706996,0.3101939,0.35455716,0.24692759,0.058125645,0.29195368,0.058125645,0.6402469,0.18757242,0.91543937,0.91543937,0.92383343,0.9126601,0.91284347,0.913363,0.91543937,0.9134538,0.92383343,0.9147862,0.91543937,0.9625001,0.4292022,0.9143578,0.91543937,0.92383343,0.91543937,0.9126382,0.85522556,0.9144813,0.91543937,0.91543937,0.91306674,0.9790052,0.6693779,0.6915542,0.98041546,0.96725607,0.7604141,0.46360666,0.5065009,1.0,0.7408377,0.87767386
V350011900_L03_70,0.3975551,0.35821867,0.3953159,0.39676648,0.34720266,0.37824386,0.36286297,0.35476822,0.397507,0.33735973,0.39807054,0.3897866,0.3953159,0.33358407,0.39969504,0.24671072,0.27771384,0.24423161,0.24267057,0.7697574,0.7715416,0.35507983,0.47135484,0.54642594,0.28800672,0.2331726,0.24120364,0.24088165,0.27686095,0.44336504,0.28081098,0.24171406,0.2419641,0.39969504,0.24289924,0.24084073,0.24141416,0.23795968,0.29224765,0.24925172,0.24051178,0.23356578,0.23886073,0.23881972,0.64854157,0.6467015,0.6482413,0.6441884,0.64642763,0.8113793,0.23107105,0.23143983,0.23143983,0.3166191,0.23143983,0.6275196,0.6264811,0.6383076,0.34657586,0.6383076,0.48961654,0.6383076,0.39316636,0.20379013,0.20233405,0.24545646,0.49469566,0.41269046,0.36039376,0.74786437,0.6105463,0.5267993,0.64169407,0.53826165,0.54323155,0.54323155,0.69503164,0.71503294,0.4548183,0.6759757,0.65070975,0.40707606,0.35459918,0.6824399,0.35459918,0.5646858,0.41804674,0.6290468,0.6290468,0.6392488,0.62455183,0.6264179,0.63022363,0.6290468,0.6296852,0.6392488,0.62808514,0.6290468,0.69059014,0.39680213,0.6298021,0.6290468,0.6392488,0.6290468,0.62573254,0.5284062,0.6298822,0.6290468,0.6290468,0.6269403,0.7229388,0.7839682,0.79532146,0.7501905,0.81732285,0.4491231,0.4402412,0.5843641,0.7408377,1.0,0.53768504
7-80,0.24641025,0.13632,0.25058055,0.25391647,0.09333384,0.21274942,0.06287259,0.068603605,0.25351173,0.36752963,0.24928209,0.2566448,0.25058055,0.08745229,0.25862187,0.09705272,0.16859314,0.09990117,0.08438811,0.8912889,0.8356913,0.07677871,0.8902558,0.790822,0.12029794,0.2752366,0.096515834,0.27279225,0.09904349,0.4999275,0.08813888,0.27235964,0.09651175,0.25862187,0.094979286,0.09666878,0.09559953,0.27417946,0.08453843,0.08765596,0.09695375,0.27413523,0.10207504,0.10158044,0.66497076,0.6649627,0.6679655,0.6696913,0.66423845,0.8322804,0.14671233,0.19790459,0.19790459,0.24037728,0.19790459,0.9835069,0.9841386,0.51573116,0.0736191,0.51573116,0.17845446,0.51573116,0.25165632,0.36327243,0.17186469,0.09665465,0.12397355,0.08127558,0.14189437,0.87978363,0.16671622,0.692788,0.9048773,0.7794865,0.7959591,0.7959591,0.20089725,0.8369748,0.059376985,0.18569708,0.18981066,0.14294335,0.06831461,0.16329488,0.06831461,0.76102567,0.21445721,0.983377,0.983377,0.9769629,0.98446846,0.98446,0.98351085,0.983377,0.98356616,0.9769629,0.9837891,0.983377,0.956666,0.41842112,0.9834608,0.983377,0.9769629,0.983377,0.98452586,0.9271029,0.9831494,0.983377,0.983377,0.9843589,0.8576622,0.60847306,0.61278415,0.90350115,0.8666636,0.7085277,0.3324799,0.38381574,0.87767386,0.53768504,1.0
