strain_id,NK10012,NK01065,NK04214,NK10226,V350011900_L02_44,V350011797_L04_29,V300093475_L04_114,V350011903_L02_77,NK01067,V350011809_L02_30,V350011900_L04_94,V350011900_L02_43,NK04051,NK08105,NK08202,V300093475_L04_98,V350037201_L02_35,V350037201_L04_45,V350011900_L04_133,V350011797_L02_49,V300063714_L03_29,V300073501_L01_16,V350037201_L02_38,V350037201_L03_44,NK01109,NK01144,NK10155,NK10223,V350037201_L02_44,V300093475_L02_33,V350011809_L01_67,V350011809_L04_37,V350037201_L02_123,V350011809_L04_131,NK06292,V300073501_L01_88,V350011903_L04_117,NK08152,NK08256,NK08348,NK08041,NK08059,7-50,8-4,NK04161,V300073501_L04_115,V350011797_L02_128,V350011903_L01_36,V350037201_L04_39,NK06094,V350037201_L02_59,NK04021,NK04006,V300093475_L03_15,V350011797_L04_45,V350037201_L03_47,V350037201_L03_13,NK01117,V300063714_L03_93,V350011809_L01_25,NK01018,NK12042,V350011809_L04_30,V300063692_L02_32,V350037201_L03_57,V350011900_L04_36,V350037201_L03_15,V350011903_L01_32,V350011904_L04_66,V350011809_L03_57,V300073501_L01_80,NK04082,V300073501_L01_85,V300073501_L01_52,V350011900_L04_67,NK06054,NK04142,V350011809_L04_114,NK01111,V350011903_L01_128,V350011903_L02_117,V350037201_L02_88,NK06177,NK06053,NK08181,NK10104,V300093475_L03_86,19101412,19102703,IM_19110207_result,IM_20010403_result,20010715,19120508,IM_20030103_result,20040104_1,IM_20050511_result,V350011903_L01_115,20052815,V350011900_L03_100,V300073501_L04_85,V350037201_L03_14,NK10183,NK10262,NK10095,V350037201_L02_126,V350037201_L02_63,NK04252,NK06250,NK06310,7-20,V350037201_L02_65,NK04150,NK04047,V350011809_L01_61,V350037201_L02_60,V350011904_L04_30,V350011900_L02_90,V350011900_L03_16,V350037201_L02_87,V350011900_L03_70,7-80
NK10012,1.0,0.4418578,0.9996218,0.9996643,0.5121198,0.98927873,0.33199072,0.41502988,0.9998665,0.7501072,0.9978318,0.99420255,0.9996219,0.53954655,0.9897004,0.3451416,0.4190488,0.32638147,0.321761,0.5869688,0.35361844,0.2827212,0.6994436,0.8779932,0.3329022,0.47593218,0.4480508,0.47907776,0.23561448,0.30487692,0.28652117,0.47946334,0.44607368,0.9897003,0.44974068,0.4505331,0.45084321,0.47913787,0.2867877,0.4380371,0.4478652,0.47348976,0.4471756,0.44225174,0.6697259,0.6638369,0.6651571,0.6665107,0.6677297,0.6028323,0.30095828,0.49219027,0.49219048,0.44269338,0.49219045,0.59383386,0.59185785,0.37530613,0.28577775,0.375306,0.23746961,0.3753066,0.9996634,0.6471709,0.6074363,0.4404641,0.25234014,0.27393043,0.48891625,0.49635562,0.51388943,0.8079008,0.85279644,0.88118595,0.8812078,0.8812079,0.5211153,0.3760817,0.40820184,0.51452565,0.42980906,0.29005295,0.41556078,0.47979927,0.41556072,0.7055378,0.67924494,0.59318745,0.59318733,0.6211104,0.59713066,0.5905052,0.5854777,0.5931873,0.58908206,0.62111056,0.5885768,0.5931872,0.5716584,0.40853956,0.60215026,0.5931873,0.6211102,0.59318763,0.5921775,0.47208962,0.5911869,0.59318745,0.59318733,0.58989894,0.50335175,0.40467417,0.58167136,0.5787808,0.5578165,0.41384578,0.5613638,0.3237164,0.49114877,0.3381393,0.57028484
NK01065,0.4418578,1.0,0.4464028,0.4430332,0.9114863,0.46598697,0.6415713,0.475692,0.44548342,0.78061724,0.46330795,0.48802674,0.44640273,0.9084656,0.463807,0.7920433,0.7384891,0.84946465,0.8861855,0.4817634,0.77000576,0.5930082,0.48125753,0.30986655,0.6414659,0.26922053,0.35527596,0.265768,0.89258885,0.6834337,0.67056406,0.2641285,0.36349773,0.46380776,0.36525142,0.3494808,0.35030693,0.26673573,0.6744106,0.37346485,0.3567004,0.2748907,0.3619821,0.37155136,0.12946215,0.13169679,0.13264194,0.13822359,0.13688865,0.12586957,0.8168769,0.44499326,0.44499296,0.41634566,0.4449932,0.21457505,0.2052471,0.3504166,0.8961626,0.35041657,0.81788653,0.35041577,0.44859064,0.19810152,0.27232903,0.37099892,0.67359775,0.48957872,0.21707445,0.566481,0.3489793,0.50122917,0.2834128,0.3126701,0.30772948,0.30772918,0.138275,0.6551121,0.37400407,0.27050492,0.6977511,0.89658284,0.4751261,0.18939161,0.47512618,0.19514468,0.20122474,0.2141357,0.21413565,0.27101073,0.21389687,0.2171576,0.21870017,0.21413565,0.2214837,0.27101082,0.2154698,0.21413574,0.30991715,0.65960187,0.21435177,0.21413547,0.27101094,0.21413511,0.21651173,0.44495052,0.2144363,0.21413532,0.2141357,0.21921498,0.6303545,0.69635236,0.44423404,0.45035386,0.4520691,0.74338067,0.7403478,0.905936,0.5874922,0.5948772,0.22799018
NK04214,0.9996218,0.4464028,1.0,0.9995132,0.516388,0.9884813,0.33349115,0.41659445,0.9997374,0.7515512,0.9979918,0.9946493,1.0,0.54444075,0.99008673,0.3497386,0.42200384,0.330508,0.32572526,0.5857401,0.35399288,0.28446293,0.6990188,0.87772757,0.3356585,0.47503302,0.44890562,0.47834033,0.23958,0.30628958,0.2895267,0.47870973,0.44705015,0.9900867,0.4504065,0.45129064,0.45153075,0.47848442,0.2900906,0.438699,0.44873637,0.4726408,0.4482724,0.44338736,0.66531646,0.6593723,0.6607361,0.66215837,0.66352284,0.5978683,0.30567273,0.49216437,0.4921646,0.44355315,0.49216455,0.5915429,0.5893436,0.3741417,0.2896091,0.3741416,0.24120855,0.3741422,0.9995371,0.6455166,0.60746694,0.44146442,0.25343636,0.27295032,0.4860447,0.49342072,0.51236147,0.8089239,0.85080934,0.88096136,0.88086367,0.88086367,0.5167842,0.37437844,0.4046451,0.50972956,0.42963588,0.2920657,0.41706574,0.47556674,0.41706568,0.7047125,0.67790496,0.59096986,0.5909697,0.61937463,0.5949384,0.5882683,0.58313197,0.5909697,0.58671516,0.6193748,0.58635336,0.5909696,0.56797403,0.40865865,0.59994966,0.59096956,0.6193745,0.5909699,0.5899499,0.47074145,0.58906627,0.5909698,0.5909697,0.5876867,0.50170606,0.40890098,0.5813774,0.5752599,0.55451244,0.41441128,0.56247795,0.32711697,0.48845017,0.33812147,0.56717855
NK10226,0.9996643,0.4430332,0.9995132,1.0,0.51351464,0.9891776,0.3295295,0.4118722,0.9997604,0.75210947,0.9974803,0.9940754,0.9995132,0.54080945,0.9895428,0.34354138,0.4203726,0.32701683,0.32194313,0.58806413,0.3570095,0.28107977,0.70218503,0.87683845,0.3302864,0.47272733,0.4436011,0.47606897,0.23620918,0.30332333,0.28263962,0.4764699,0.44161308,0.98954284,0.44517297,0.44605446,0.44649795,0.47617394,0.28338876,0.4333348,0.44344273,0.47032815,0.44255003,0.43756202,0.6678976,0.6618634,0.6632447,0.6646501,0.6658621,0.6014258,0.30162755,0.49160382,0.49160403,0.4424364,0.491604,0.5950936,0.5928977,0.37562174,0.28672016,0.37562162,0.23861533,0.3756222,0.9995141,0.6465303,0.60527104,0.43592468,0.2507576,0.27149597,0.48517755,0.50102735,0.5142628,0.80597407,0.85387987,0.8801082,0.8801706,0.8801705,0.51873475,0.37793443,0.40664223,0.5144661,0.43258986,0.29178244,0.41239762,0.47695947,0.41239756,0.7057183,0.6777977,0.5944218,0.5944216,0.62349063,0.59831595,0.5917277,0.5865145,0.5944216,0.5902201,0.6234908,0.58975476,0.5944215,0.5737087,0.41107333,0.6036125,0.5944215,0.62349045,0.59442186,0.59341645,0.4755406,0.5924159,0.59442174,0.5944216,0.5911283,0.50742656,0.4035938,0.5825219,0.5816747,0.5608349,0.41580886,0.5648483,0.325635,0.49573994,0.33671755,0.5713991
V350011900_L02_44,0.5121198,0.9114863,0.516388,0.51351464,1.0,0.54243624,0.63923246,0.49309605,0.51590306,0.7972961,0.5295709,0.5549535,0.5163878,0.99253964,0.52781,0.78633934,0.7375839,0.84365237,0.89154744,0.5058569,0.7439173,0.5904003,0.47932974,0.36760345,0.5863527,0.25184035,0.33850038,0.24838209,0.87007093,0.63777834,0.63906026,0.24742264,0.3465187,0.5278109,0.34681123,0.33396304,0.33493268,0.24807772,0.65054417,0.35308135,0.34038064,0.25747678,0.34281534,0.35265407,0.19069606,0.18990418,0.19098008,0.19364527,0.19324952,0.17257991,0.8032975,0.48633575,0.48633552,0.4368931,0.48633572,0.17407164,0.16400611,0.3520574,0.9026768,0.35205725,0.8027969,0.35205656,0.51998544,0.19169778,0.25989956,0.34977588,0.6605793,0.4742235,0.22984248,0.5870744,0.38332304,0.5189896,0.33053133,0.372004,0.36529785,0.36529762,0.16509882,0.62810117,0.38684648,0.30171454,0.7323047,0.87622166,0.49296442,0.19693938,0.49296457,0.21982509,0.22781515,0.17063767,0.17063761,0.25903624,0.17320141,0.17531317,0.17468834,0.1706377,0.17999637,0.2590364,0.17074215,0.17063767,0.27003327,0.61158144,0.1751852,0.17063743,0.2590363,0.17063707,0.17575848,0.3647491,0.16961378,0.17063737,0.1706377,0.17687291,0.618016,0.75028634,0.4501352,0.41053277,0.44233745,0.7280562,0.76257205,0.9113351,0.61291826,0.6253408,0.17325777
V350011797_L04_29,0.98927873,0.46598697,0.9884813,0.9891776,0.54243624,1.0,0.3674869,0.39998347,0.98928285,0.74516284,0.9872653,0.98505175,0.9884813,0.56574684,0.9773106,0.3643457,0.46065038,0.3544182,0.35943276,0.60617614,0.37176043,0.32268175,0.6988545,0.865235,0.32556668,0.45696467,0.43674764,0.4584652,0.26193067,0.3089779,0.29414278,0.4589276,0.4352413,0.9773107,0.44377878,0.43844563,0.43890122,0.45793518,0.29175854,0.4296762,0.437069,0.4553326,0.4352683,0.43186167,0.64374566,0.6385451,0.6395857,0.6398644,0.64005655,0.591244,0.31468233,0.4846722,0.4846724,0.4336231,0.4846724,0.5824795,0.57908714,0.3781377,0.31199718,0.3781376,0.25886157,0.37813812,0.9902186,0.60307544,0.5673697,0.43032956,0.25980306,0.31434435,0.48522812,0.5038738,0.5062903,0.8121842,0.83445024,0.8693441,0.86758745,0.8675873,0.5007557,0.40468454,0.38864115,0.49094877,0.4270007,0.3083793,0.40086895,0.46263593,0.40086892,0.6651503,0.6346798,0.58115494,0.58115476,0.5897491,0.5856506,0.58009684,0.57260996,0.58115476,0.57815397,0.5897492,0.57722193,0.58115464,0.5707716,0.41082537,0.58737564,0.5811547,0.5897489,0.58115494,0.5820174,0.45926133,0.57733417,0.5811548,0.5811548,0.57945544,0.507646,0.40202355,0.54825175,0.58301187,0.5537541,0.4542165,0.54594094,0.3484938,0.49820796,0.37611115,0.56130093
V300093475_L04_114,0.33199072,0.6415713,0.33349115,0.3295295,0.63923246,0.3674869,1.0,0.68749934,0.3311208,0.3913563,0.34243205,0.33385938,0.33349112,0.60748374,0.31876433,0.7041912,0.4788996,0.7453754,0.7496282,0.28676212,0.44476455,0.73083675,0.28221363,0.30479088,0.7973675,0.6371355,0.6899882,0.62431407,0.7152456,0.75787354,0.8410846,0.6237873,0.69189125,0.31876445,0.6903137,0.6823705,0.68737984,0.62134457,0.8344883,0.70693356,0.69093037,0.64273655,0.68269026,0.6909585,0.38595095,0.39926696,0.39498085,0.38455072,0.37468165,0.36025414,0.6995709,0.5739359,0.5739358,0.5978569,0.57393575,0.2632982,0.2601643,0.5371491,0.71201104,0.5371493,0.6861154,0.53714883,0.3379749,0.34248477,0.4097013,0.69020116,0.7781484,0.6949262,0.5609264,0.29478657,0.55002433,0.40786803,0.2606416,0.30809277,0.30314702,0.30314696,0.5002318,0.44574887,0.52404803,0.48523188,0.45828965,0.6119777,0.6891631,0.57416004,0.68916315,0.3621155,0.41377583,0.2641219,0.26412195,0.20562518,0.26382065,0.26719126,0.2634314,0.26412207,0.26431942,0.20562494,0.2671049,0.26412207,0.21370828,0.38009703,0.24913496,0.26412222,0.20562512,0.26412177,0.266994,0.26798868,0.25536263,0.264122,0.2641222,0.26646978,0.2694364,0.6684252,0.4410707,0.23552573,0.28690535,0.46354756,0.37454647,0.6021933,0.29606843,0.72962785,0.28110263
V350011903_L02_77,0.41502988,0.475692,0.41659445,0.4118722,0.49309605,0.39998347,0.68749934,1.0,0.41467112,0.39676058,0.4225422,0.42092684,0.41659445,0.4956572,0.4373526,0.6661272,0.3422474,0.57812446,0.58037287,0.20870087,0.30100015,0.5815504,0.21754706,0.41885278,0.67834324,0.7129619,0.80761087,0.7058968,0.561151,0.6534515,0.8018736,0.7057313,0.8096278,0.43735254,0.8022048,0.8096621,0.80832946,0.7088044,0.7998562,0.80405796,0.8076849,0.7145274,0.8097417,0.81159616,0.53779304,0.5417873,0.5404073,0.53407145,0.53618395,0.470293,0.5906131,0.6159382,0.61593795,0.6660664,0.6159379,0.2926296,0.30268005,0.5661937,0.5526661,0.5661938,0.5607463,0.56619364,0.41628015,0.5838916,0.6988535,0.81446767,0.7746222,0.5672298,0.5984054,0.18112445,0.5163836,0.4610509,0.29705462,0.4157409,0.41797763,0.41797748,0.7379441,0.25659972,0.79679126,0.73521537,0.53832716,0.49127325,0.9999587,0.7608392,0.9999586,0.57653314,0.64739025,0.29496974,0.2949698,0.24711806,0.29675323,0.29306638,0.2928456,0.29496974,0.28853914,0.24711797,0.29683805,0.29496986,0.17231846,0.31378183,0.28788412,0.29496992,0.24711812,0.29496998,0.29235917,0.2689262,0.2955049,0.29496998,0.29496974,0.2914523,0.18221074,0.73141146,0.5999265,0.11936554,0.2010383,0.2818402,0.33709016,0.4654907,0.18794906,0.54239434,0.30134478
NK01067,0.9998665,0.44548342,0.9997374,0.9997604,0.51590306,0.98928285,0.3311208,0.41467112,1.0,0.75304973,0.99799144,0.9948895,0.9997374,0.54355866,0.9901838,0.34780997,0.42229337,0.32876915,0.32479215,0.5878018,0.3566668,0.28372675,0.7001084,0.87665546,0.33176565,0.47293502,0.4461585,0.47625265,0.2388677,0.30490974,0.28632176,0.4766162,0.4443305,0.9901837,0.44780442,0.4486192,0.44894704,0.47638637,0.28664544,0.43611404,0.4459995,0.47057143,0.44541445,0.44051468,0.66580343,0.6598344,0.6612033,0.6626246,0.6638996,0.59927124,0.30374467,0.49219862,0.49219882,0.44300866,0.4921988,0.5918708,0.5897434,0.3752275,0.28893885,0.3752274,0.24072015,0.375228,0.99977386,0.64558226,0.6065078,0.4386473,0.25246716,0.273148,0.48574948,0.49729103,0.5129567,0.80769587,0.8511075,0.8799118,0.8798889,0.8798889,0.5176023,0.37769747,0.40688926,0.51245934,0.4326326,0.29333052,0.41517842,0.476074,0.41517836,0.7035662,0.6767723,0.5912333,0.59123313,0.6193818,0.5952259,0.5885626,0.58341336,0.59123313,0.5871319,0.61938196,0.5866041,0.591233,0.5702983,0.4106407,0.6003553,0.591233,0.6193816,0.59123343,0.5902406,0.47252285,0.5892848,0.59123325,0.59123313,0.5879742,0.50511426,0.4068366,0.58222073,0.5781922,0.5569177,0.4168841,0.5634799,0.32768488,0.49224424,0.33812055,0.56798214
V350011809_L02_30,0.7501072,0.78061724,0.7515512,0.75210947,0.7972961,0.74516284,0.3913563,0.39676058,0.75304973,1.0,0.76100785,0.78369856,0.75155115,0.81728876,0.77087915,0.5484011,0.55176437,0.60700333,0.6206395,0.5126361,0.7034265,0.31447086,0.6338514,0.56180763,0.46006972,0.25945336,0.2517333,0.26688775,0.6224233,0.52370125,0.39228898,0.2658846,0.25679502,0.77087957,0.25233755,0.25126678,0.25259423,0.26925504,0.40313208,0.25311124,0.25168324,0.26114327,0.2574507,0.25819612,0.35557017,0.34842825,0.35216078,0.3629899,0.3669228,0.28819245,0.6204246,0.46675634,0.46675628,0.40406016,0.46675646,0.35585117,0.35008943,0.30227068,0.6584828,0.30227038,0.56868094,0.30227035,0.7511218,0.43159693,0.407171,0.25657493,0.45279473,0.21243155,0.22317779,0.6419654,0.39613676,0.61511,0.606435,0.56631064,0.5658421,0.56584185,0.23510206,0.5643775,0.42798653,0.41473028,0.7599782,0.7324207,0.39576393,0.2439276,0.3957639,0.44221005,0.43722114,0.3549358,0.35493562,0.51062405,0.35592225,0.3536433,0.36082807,0.35493562,0.3598407,0.5106243,0.3521013,0.35493565,0.42257705,0.6513878,0.37111127,0.3549354,0.5106241,0.35493553,0.3535105,0.5257497,0.36067116,0.3549356,0.35493562,0.35497457,0.7003887,0.5893755,0.6425166,0.55596673,0.59192693,0.57767266,0.8667947,0.73500913,0.66693056,0.37096593,0.34890383
V350011900_L04_94,0.9978318,0.46330795,0.9979918,0.9974803,0.5295709,0.9872653,0.34243205,0.4225422,0.99799144,0.76100785,1.0,0.99682075,0.9979918,0.5582754,0.99161726,0.36487707,0.4260514,0.34565526,0.34157062,0.57544214,0.36105925,0.28977174,0.6926093,0.87088484,0.3462036,0.47152027,0.45137876,0.47427538,0.2532687,0.31563556,0.30296922,0.4745172,0.4499708,0.99161726,0.4534485,0.45420155,0.4540038,0.47464597,0.3034722,0.44224718,0.45127806,0.46934286,0.4515051,0.4469521,0.65375006,0.6480833,0.64950144,0.6516527,0.65303695,0.584659,0.31738785,0.49311137,0.49311158,0.4387587,0.49311155,0.5786386,0.5759904,0.36706355,0.30205053,0.36706346,0.25064093,0.367064,0.99788725,0.6390015,0.6074394,0.4449923,0.26340348,0.27335125,0.47853515,0.4860581,0.5075221,0.8107075,0.83886135,0.8737978,0.87334013,0.87334,0.5071283,0.37682515,0.40481997,0.50525427,0.4373831,0.30572623,0.42293233,0.46777564,0.42293224,0.69253933,0.6720071,0.57819766,0.5781975,0.60592556,0.5821011,0.5753958,0.5706901,0.5781974,0.57422096,0.6059258,0.5737307,0.57819736,0.55582666,0.41271013,0.5867817,0.57819736,0.60592544,0.5781978,0.57695645,0.46357518,0.57615197,0.5781976,0.5781975,0.5748764,0.4998982,0.4192908,0.5825202,0.56463623,0.54498273,0.41534883,0.56641626,0.34099102,0.4815242,0.33725604,0.5563816
V350011900_L02_43,0.99420255,0.48802674,0.9946493,0.9940754,0.5549535,0.98505175,0.33385938,0.42092684,0.9948895,0.78369856,0.99682075,1.0,0.99464935,0.5861179,0.9933151,0.3867421,0.45011383,0.36540392,0.36554238,0.5793002,0.38475394,0.2961421,0.69252187,0.86173135,0.34031817,0.44799706,0.43604055,0.45126256,0.27907655,0.317828,0.30177808,0.45130518,0.43565768,0.99331534,0.43922594,0.4390082,0.43857712,0.45234162,0.30314666,0.42708445,0.43596697,0.44618315,0.4376002,0.433307,0.62789905,0.6215208,0.6232819,0.6263867,0.6286727,0.55819464,0.3402795,0.49808314,0.49808332,0.44082236,0.49808332,0.5623567,0.55926377,0.36376813,0.32774374,0.36376798,0.27262023,0.36376846,0.9945097,0.62690747,0.6012912,0.43108934,0.26291695,0.26751724,0.4531241,0.49579337,0.48891878,0.81084085,0.82597655,0.8646348,0.8638623,0.86386216,0.4804363,0.39350528,0.3988191,0.49065986,0.45764872,0.33336067,0.42108232,0.441669,0.42108223,0.67106265,0.6524719,0.56168365,0.56168354,0.59630835,0.5659354,0.55916643,0.55471337,0.5616835,0.5581242,0.5963086,0.55728567,0.5616834,0.54673845,0.4316827,0.5712778,0.5616834,0.59630823,0.5616838,0.56060535,0.46842915,0.56039363,0.5616836,0.56168354,0.5587841,0.5175249,0.42973918,0.5830154,0.56316096,0.5389174,0.437094,0.58664376,0.3703368,0.49357238,0.328566,0.54142797
NK04051,0.9996219,0.44640273,1.0,0.9995132,0.5163878,0.9884813,0.33349112,0.41659445,0.9997374,0.75155115,0.9979918,0.99464935,1.0,0.54444057,0.9900869,0.34973848,0.42200375,0.33050787,0.3257252,0.5857401,0.35399282,0.28446287,0.69901884,0.87772775,0.33565837,0.475033,0.4489056,0.47834027,0.23958004,0.30628943,0.2895266,0.4787097,0.44705015,0.99008685,0.45040646,0.4512906,0.45153072,0.4784844,0.29009056,0.43869895,0.4487363,0.47264078,0.44827238,0.4433873,0.6653165,0.6593723,0.6607361,0.6621584,0.66352284,0.5978684,0.30567273,0.49216446,0.49216467,0.44355324,0.49216464,0.591543,0.5893438,0.3741418,0.28960896,0.3741417,0.2412085,0.37414226,0.99953717,0.64551675,0.6074671,0.44146445,0.25343627,0.2729503,0.4860448,0.49342063,0.51236135,0.808924,0.8508094,0.8809614,0.8808638,0.8808637,0.51678425,0.3743784,0.40464514,0.5097296,0.42963582,0.29206562,0.41706577,0.47556683,0.41706568,0.7047126,0.6779051,0.5909701,0.59096986,0.6193748,0.5949386,0.58826846,0.5831321,0.59096986,0.58671534,0.619375,0.58635354,0.5909698,0.56797415,0.4086587,0.59994984,0.5909698,0.61937463,0.59097016,0.58995,0.4707416,0.5890665,0.59097,0.59096986,0.5876869,0.50170594,0.40890092,0.58137745,0.5752599,0.5545125,0.4144112,0.5624778,0.32711676,0.48845008,0.33812132,0.56717867
NK08105,0.53954655,0.9084656,0.54444075,0.54080945,0.99253964,0.56574684,0.60748374,0.4956572,0.54355866,0.81728876,0.5582754,0.5861179,0.54444057,1.0,0.5633505,0.7818198,0.7311544,0.8269156,0.8746071,0.50512743,0.7406261,0.57407534,0.49608517,0.39475805,0.5758412,0.24405256,0.33439413,0.242859,0.860103,0.6183754,0.62540686,0.24184656,0.34273314,0.5633514,0.34251267,0.3314584,0.33054054,0.24341556,0.6379704,0.34646916,0.33587906,0.24918872,0.34123462,0.35016543,0.19210586,0.18963516,0.19130689,0.19581649,0.19777471,0.17208093,0.80240476,0.49395305,0.49395284,0.436411,0.49395302,0.1856736,0.17623287,0.34749335,0.8869648,0.34749323,0.7917613,0.34749252,0.5464457,0.22105128,0.29117948,0.34707588,0.64377624,0.44544515,0.21790135,0.572071,0.3710953,0.5422359,0.3501413,0.39826941,0.39214438,0.39214408,0.16375491,0.62523484,0.3905667,0.29946184,0.72677684,0.8677554,0.49503002,0.19064057,0.49503013,0.23333508,0.24703729,0.18242705,0.18242702,0.27284467,0.18525639,0.18680212,0.18620503,0.18242711,0.1904577,0.2728449,0.1826655,0.18242705,0.2733548,0.6160245,0.18981081,0.18242684,0.27284482,0.18242657,0.18701726,0.38075793,0.18397069,0.18242681,0.18242711,0.18857759,0.6158115,0.76157904,0.4616187,0.40570387,0.431575,0.71583176,0.7713425,0.9038379,0.5987487,0.58853817,0.18765348
NK08202,0.9897004,0.463807,0.99008673,0.9895428,0.52781,0.9773106,0.31876433,0.4373526,0.9901838,0.77087915,0.99161726,0.9933151,0.9900869,0.5633505,1.0,0.3712934,0.42393738,0.33995634,0.3378307,0.56640947,0.37514672,0.2871645,0.68776816,0.86264336,0.33776414,0.4612028,0.4468882,0.46523073,0.2666074,0.3127285,0.30043125,0.46539754,0.44621804,1.0,0.4491538,0.45096484,0.44943756,0.46685138,0.30191687,0.43615043,0.44650012,0.4588226,0.44937807,0.44448617,0.64141154,0.6341953,0.6360898,0.63930404,0.6430426,0.5717637,0.3297034,0.49822024,0.4982204,0.4482791,0.4982204,0.57644796,0.57448864,0.37468383,0.30887115,0.37468368,0.26138133,0.37468418,0.9888762,0.6508875,0.62248516,0.44248497,0.27019992,0.25882173,0.45913857,0.48183602,0.4893072,0.80307806,0.8269166,0.8648221,0.86505777,0.8650577,0.5083658,0.3813935,0.42149505,0.5145027,0.45366028,0.32023636,0.437285,0.46860227,0.43728492,0.6895231,0.6718537,0.5760196,0.5760194,0.6057042,0.5802557,0.5731911,0.56939363,0.57601935,0.5717368,0.6057043,0.5717368,0.57601935,0.5519582,0.43102938,0.58524233,0.5760193,0.605704,0.57601964,0.57433885,0.48080564,0.5757,0.5760196,0.5760194,0.5727118,0.506622,0.43018246,0.59624994,0.55627656,0.53975046,0.41442508,0.57606024,0.35118255,0.4800602,0.3142599,0.55687064
V300093475_L04_98,0.3451416,0.7920433,0.3497386,0.34354138,0.78633934,0.3643457,0.7041912,0.6661272,0.34780997,0.5484011,0.36487707,0.3867421,0.34973848,0.7818198,0.3712934,1.0,0.73499703,0.88341206,0.91295964,0.4494319,0.63238686,0.76925606,0.25874072,0.32412022,0.6178264,0.3859713,0.5514601,0.37390944,0.85096526,0.63914,0.7857297,0.37249506,0.559041,0.37129405,0.55561554,0.5493912,0.5476386,0.37558728,0.7966181,0.5668291,0.5535518,0.3914262,0.55647576,0.56697637,0.21039617,0.21508306,0.21393201,0.2126525,0.21497145,0.19745323,0.84123796,0.60998046,0.60998017,0.5928611,0.6099803,0.19541979,0.18989053,0.5152342,0.8561673,0.51523423,0.8025209,0.5152334,0.3527867,0.28369358,0.44854861,0.57460386,0.70170784,0.67625725,0.42862546,0.3891607,0.37166977,0.4814071,0.17531943,0.32155293,0.31575158,0.31575134,0.28699586,0.6059257,0.49502683,0.35185635,0.57869077,0.77206194,0.66530514,0.33084455,0.6653054,0.21545082,0.27958137,0.19663179,0.19663191,0.20902091,0.1965751,0.19857597,0.1954959,0.19663185,0.19852486,0.20902073,0.19878161,0.19663197,0.20510474,0.5148044,0.1868568,0.19663167,0.209021,0.19663131,0.19783592,0.2805366,0.19215503,0.19663167,0.19663191,0.19900566,0.4211437,0.7134613,0.42096934,0.24073863,0.24836212,0.61722964,0.50503385,0.789864,0.40412915,0.66923654,0.19086802
V350037201_L02_35,0.4190488,0.7384891,0.42200384,0.4203726,0.7375839,0.46065038,0.4788996,0.3422474,0.42229337,0.55176437,0.4260514,0.45011383,0.42200375,0.7311544,0.42393738,0.73499703,1.0,0.70332366,0.7646955,0.8050599,0.78224105,0.68529904,0.5603754,0.44837552,0.3336675,0.18360746,0.29489666,0.17933506,0.7199812,0.4221853,0.4445491,0.17909268,0.29928425,0.4239383,0.3140478,0.29294223,0.2880429,0.17882687,0.44619763,0.30326644,0.2976038,0.18650904,0.29885748,0.30685169,0.2103771,0.20811355,0.20910633,0.21176621,0.21229327,0.30825803,0.67025626,0.4936879,0.49368772,0.4138283,0.49368802,0.4324881,0.42216694,0.47600448,0.7271724,0.47600442,0.68413574,0.47600374,0.4246992,0.19390562,0.26750124,0.3087996,0.4289401,0.6606202,0.3422503,0.7138722,0.32507515,0.56339324,0.36989617,0.44735646,0.4404614,0.44046125,0.19440523,0.80430216,0.29686862,0.22621936,0.57841265,0.7184484,0.3421953,0.18974462,0.34219557,0.14811733,0.14668432,0.42902732,0.42902738,0.398636,0.43163696,0.435798,0.42822456,0.4290274,0.436512,0.3986361,0.43028578,0.42902738,0.5779346,0.6699966,0.42606518,0.429027,0.3986361,0.42902657,0.43692517,0.5388462,0.42461014,0.42902696,0.42902732,0.43778628,0.7524725,0.44042945,0.28618073,0.6329825,0.49617064,0.906173,0.5777141,0.77222955,0.7161963,0.6203728,0.40958488
V350037201_L04_45,0.32638147,0.84946465,0.330508,0.32701683,0.84365237,0.3544182,0.7453754,0.57812446,0.32876915,0.60700333,0.34565526,0.36540392,0.33050787,0.8269156,0.33995634,0.88341206,0.70332366,1.0,0.973592,0.4397114,0.6962967,0.73683363,0.3178157,0.2899484,0.6775724,0.33022463,0.4447625,0.3196985,0.8799902,0.6532217,0.7591509,0.31829676,0.45160133,0.33995688,0.4521008,0.43924117,0.44193536,0.3215605,0.76336396,0.46411294,0.44622666,0.33620805,0.44707826,0.4560845,0.18642503,0.19137496,0.19017023,0.18973333,0.1882301,0.17319614,0.8881327,0.63049334,0.63049304,0.5643748,0.63049316,0.1564677,0.14991966,0.4969673,0.9107337,0.49696732,0.85920244,0.49696657,0.33328688,0.19885674,0.3135392,0.45700005,0.74168885,0.6174715,0.3045788,0.48764294,0.38907582,0.456459,0.21859401,0.29250264,0.28531298,0.28531274,0.24852535,0.6293247,0.44828236,0.37119877,0.66914773,0.84079653,0.5780399,0.31373498,0.57804,0.17205638,0.23842472,0.1577301,0.1577301,0.22974393,0.15510523,0.15808928,0.15889955,0.15773004,0.15971178,0.22974396,0.15890184,0.15773013,0.21950704,0.5280357,0.14977804,0.15772998,0.22974408,0.15772974,0.15785354,0.2794637,0.1530563,0.15772986,0.1577301,0.159132,0.5161556,0.70075715,0.44477123,0.34745976,0.39062843,0.60976195,0.6215254,0.8625019,0.5059241,0.6511182,0.16486832
V350011900_L04_133,0.321761,0.8861855,0.32572526,0.32194313,0.89154744,0.35943276,0.7496282,0.58037287,0.32479215,0.6206395,0.34157062,0.36554238,0.3257252,0.8746071,0.3378307,0.91295964,0.7646955,0.973592,1.0,0.45384204,0.71791327,0.74763066,0.33195573,0.2701789,0.65667474,0.31144518,0.44583067,0.30158418,0.925871,0.6733298,0.768184,0.30010697,0.45393372,0.3378315,0.45571414,0.4404093,0.44184494,0.3025999,0.7725364,0.46627837,0.44802013,0.31828672,0.44890177,0.46031705,0.15399513,0.15886113,0.15796489,0.15789503,0.1561352,0.15226638,0.89006805,0.6042016,0.6042013,0.5469897,0.6042015,0.1356256,0.12811708,0.47901258,0.9475916,0.47901255,0.88519615,0.47901174,0.3302285,0.16701677,0.29404783,0.4610862,0.7436177,0.64236224,0.2988125,0.5033547,0.36511576,0.4536022,0.18378827,0.27271715,0.2654196,0.26541933,0.21368328,0.64784294,0.44411814,0.32513267,0.6791966,0.8797815,0.58033377,0.27072582,0.58033395,0.14039129,0.19806108,0.13536021,0.13536027,0.18744716,0.13511598,0.13844663,0.13670403,0.13536027,0.140183,0.18744719,0.13732445,0.13536042,0.21188766,0.55494237,0.1301037,0.13536015,0.18744731,0.1353597,0.13803506,0.29419988,0.13126582,0.13535994,0.1353603,0.13964674,0.5311209,0.716974,0.40407956,0.32207382,0.34390503,0.7001901,0.62325615,0.8992785,0.52239627,0.68880045,0.14256468
V350011797_L02_49,0.5869688,0.4817634,0.5857401,0.58806413,0.5058569,0.60617614,0.28676212,0.20870087,0.5878018,0.5126361,0.57544214,0.5793002,0.5857401,0.50512743,0.56640947,0.4494319,0.8050599,0.4397114,0.45384204,1.0,0.6914095,0.5001354,0.6856358,0.6676729,0.17096052,0.21783575,0.2287324,0.21743888,0.41953653,0.2294774,0.21452618,0.21875373,0.22619128,0.5664098,0.23914343,0.22650063,0.22503486,0.21482208,0.21333516,0.22726178,0.22969025,0.21571335,0.22714591,0.22797084,0.42628765,0.4226382,0.42205545,0.41965586,0.41926998,0.538061,0.41438055,0.42224476,0.42224485,0.34382644,0.422245,0.6702112,0.6659599,0.46418637,0.44707814,0.46418628,0.4254006,0.4641863,0.5873099,0.3523136,0.32008237,0.23091775,0.2458649,0.5589075,0.45163637,0.80533975,0.42734483,0.6586781,0.6542507,0.66736364,0.66532034,0.66532034,0.35225636,0.7885643,0.2805372,0.3417333,0.4670628,0.4758713,0.20930737,0.31859177,0.20930743,0.35483217,0.31672284,0.6672732,0.66727316,0.64624953,0.6691076,0.6706493,0.6624507,0.6672733,0.67151564,0.64624965,0.66520387,0.6672732,0.8133684,0.61516106,0.6681801,0.6672729,0.6462494,0.6672728,0.67331195,0.6292518,0.661981,0.66727304,0.6672732,0.6720187,0.7948611,0.28717864,0.3569492,0.85210556,0.7378977,0.76938784,0.5433375,0.5270884,0.7867358,0.5748726,0.6211318
V300063714_L03_29,0.35361844,0.77000576,0.35399288,0.3570095,0.7439173,0.37176043,0.44476455,0.30100015,0.3566668,0.7034265,0.36105925,0.38475394,0.35399282,0.7406261,0.37514672,0.63238686,0.78224105,0.6962967,0.71791327,0.6914095,1.0,0.5362245,0.5563263,0.32278588,0.38900393,0.11207697,0.1409719,0.1129812,0.7893898,0.5217976,0.3815894,0.1123409,0.1443578,0.37514725,0.14286992,0.13959736,0.13765866,0.11425394,0.391397,0.15166715,0.14154851,0.11443892,0.14323488,0.14746124,0.17823625,0.17346856,0.17510834,0.1827749,0.18618149,0.27271697,0.71631247,0.41634357,0.4163433,0.3459667,0.41634363,0.40202147,0.39315787,0.43606025,0.7887082,0.43606007,0.7345799,0.43605947,0.35441324,0.21569157,0.2092739,0.15160382,0.5388144,0.4737532,0.23325887,0.81100076,0.400033,0.4254698,0.37359357,0.3228986,0.320374,0.3203739,0.18934876,0.9124079,0.38023424,0.38570386,0.8089638,0.8854821,0.29969776,0.22435284,0.29969782,0.15921426,0.15404117,0.40049645,0.4004965,0.49970457,0.39804822,0.40354097,0.4095682,0.40049654,0.40939212,0.49970472,0.40011972,0.40049654,0.5662323,0.8181082,0.40635324,0.4004962,0.49970472,0.40049595,0.40354267,0.6474736,0.40358838,0.4004963,0.40049648,0.40612063,0.8577387,0.5079348,0.50376797,0.68169326,0.65768296,0.7909291,0.8015232,0.8869031,0.8296553,0.57064754,0.38583052
V300073501_L01_16,0.2827212,0.5930082,0.28446293,0.28107977,0.5904003,0.32268175,0.73083675,0.5815504,0.28372675,0.31447086,0.28977174,0.2961421,0.28446287,0.57407534,0.2871645,0.76925606,0.68529904,0.73683363,0.74763066,0.5001354,0.5362245,1.0,0.39103687,0.32949236,0.5717719,0.5217153,0.6264205,0.51021826,0.7107743,0.6184094,0.7231818,0.51010776,0.630621,0.28716496,0.63888395,0.62331647,0.621747,0.50970036,0.71442145,0.6416919,0.6278399,0.5245125,0.6289434,0.63655007,0.3228109,0.32940343,0.326781,0.32008213,0.31753063,0.42195618,0.73527807,0.62806135,0.6280612,0.64507663,0.6280613,0.29504797,0.29265296,0.7240706,0.6883639,0.7240708,0.74299693,0.7240702,0.288727,0.2853055,0.39287445,0.6353104,0.6791293,0.8902732,0.54958975,0.38183597,0.5594572,0.4359553,0.2271269,0.32805693,0.32011473,0.32011455,0.49445862,0.6120854,0.52889425,0.43955478,0.45323613,0.5929877,0.58218974,0.51023084,0.58218986,0.2567472,0.26280963,0.29604262,0.2960428,0.21802595,0.29362074,0.29844522,0.2909888,0.29604277,0.29759723,0.21802592,0.2988148,0.29604277,0.30657464,0.39908218,0.27636218,0.2960427,0.21802613,0.29604244,0.29880717,0.2769426,0.29034054,0.2960426,0.29604283,0.29874235,0.35270828,0.5404082,0.29474232,0.32195944,0.32773966,0.61417544,0.31622684,0.642991,0.3706501,0.8009672,0.32492563
V350037201_L02_38,0.6994436,0.48125753,0.6990188,0.70218503,0.47932974,0.6988545,0.28221363,0.21754706,0.7001084,0.6338514,0.6926093,0.69252187,0.69901884,0.49608517,0.68776816,0.25874072,0.5603754,0.3178157,0.33195573,0.6856358,0.5563263,0.39103687,1.0,0.7143836,0.33231008,0.41041383,0.31989205,0.42212176,0.3705163,0.39041677,0.20072085,0.42301354,0.3181481,0.6877683,0.32173425,0.32046622,0.31797567,0.42083195,0.19709677,0.31078833,0.31897506,0.4073999,0.32122403,0.3171262,0.5684633,0.5618611,0.5647378,0.5704998,0.57187283,0.6141689,0.38356555,0.4579854,0.45798552,0.4169563,0.45798564,0.6048573,0.60295653,0.47279066,0.37354273,0.47279057,0.3871436,0.47279084,0.69740295,0.47105265,0.36095345,0.31095853,0.2777953,0.41401243,0.3911144,0.72487766,0.51985043,0.6626084,0.80193615,0.71734744,0.71754354,0.7175437,0.422839,0.5487582,0.37067282,0.40836748,0.4988314,0.42977178,0.21773934,0.37881857,0.21773934,0.5621223,0.45636874,0.6025758,0.6025756,0.63577557,0.60307753,0.60258514,0.60246885,0.6025758,0.60509574,0.63577586,0.6001011,0.60257566,0.6911937,0.55414104,0.61589706,0.6025756,0.63577557,0.6025757,0.6038512,0.66338396,0.60815495,0.6025757,0.60257566,0.6041569,0.7110747,0.28051054,0.42190358,0.7579162,0.6910055,0.6663597,0.6492271,0.46356535,0.7112382,0.42336977,0.614889
V350037201_L03_44,0.8779932,0.30986655,0.87772757,0.87683845,0.36760345,0.865235,0.30479088,0.41885278,0.87665546,0.56180763,0.87088484,0.86173135,0.87772775,0.39475805,0.86264336,0.32412022,0.44837552,0.2899484,0.2701789,0.6676729,0.32278588,0.32949236,0.7143836,1.0,0.26996318,0.50365937,0.48993248,0.5036569,0.16396824,0.21899867,0.26019743,0.504541,0.48564687,0.86264324,0.4921223,0.4944353,0.49196002,0.50333774,0.25688648,0.4762652,0.48945326,0.49944323,0.48870385,0.48343214,0.72680557,0.72285265,0.7231206,0.72058004,0.72323215,0.7066357,0.2554176,0.53301215,0.53301233,0.45477247,0.53301233,0.67455924,0.6762422,0.44762596,0.20903254,0.4476259,0.18625689,0.44762647,0.8754498,0.6629876,0.6384261,0.48240936,0.2230804,0.3597758,0.56436753,0.4954912,0.5112418,0.9184353,0.92318654,0.9992826,0.99874324,0.99874324,0.6015795,0.4080999,0.433636,0.52547127,0.35005772,0.19698265,0.41934592,0.55081356,0.41934595,0.70770377,0.68869823,0.6742258,0.67422575,0.6442813,0.67879426,0.6714548,0.66267586,0.67422575,0.66560304,0.6442814,0.67076784,0.67422557,0.6513617,0.37681046,0.6804497,0.6742256,0.64428115,0.674226,0.6735205,0.50200844,0.67183745,0.6742259,0.67422575,0.67069256,0.48595613,0.3387145,0.5399635,0.6156546,0.54038405,0.41495302,0.43016142,0.24019271,0.47731134,0.35977325,0.6377417
NK01109,0.3329022,0.6414659,0.3356585,0.3302864,0.5863527,0.32556668,0.7973675,0.67834324,0.33176565,0.46006972,0.3462036,0.34031817,0.33565837,0.5758412,0.33776414,0.6178264,0.3336675,0.6775724,0.65667474,0.17096052,0.38900393,0.5717719,0.33231008,0.26996318,1.0,0.7626194,0.763117,0.7616432,0.70656455,0.87212,0.89328325,0.76016724,0.7657062,0.3377639,0.75802857,0.7575933,0.7614542,0.7624079,0.88665754,0.77419376,0.7618531,0.7664114,0.76458144,0.7669926,0.4340947,0.44264853,0.44132885,0.43948367,0.43503755,0.3620788,0.6637183,0.4701921,0.47019202,0.56950045,0.47019187,0.26323718,0.26413432,0.47736445,0.6692465,0.47736472,0.6790717,0.47736445,0.3351902,0.45253804,0.4924503,0.76246345,0.8071963,0.5308707,0.47673795,0.2635397,0.5506082,0.3257994,0.28381762,0.27029872,0.26883975,0.2688397,0.5005561,0.3272433,0.51890564,0.49862275,0.468362,0.61790735,0.67819256,0.5703454,0.6781926,0.48792017,0.501012,0.2654994,0.26549947,0.29413807,0.2616673,0.2638125,0.26935643,0.2654994,0.26214728,0.2941379,0.2684465,0.26549947,0.20043322,0.37983286,0.2602955,0.2654998,0.29413816,0.2654997,0.262165,0.31364214,0.2660319,0.26549947,0.2654994,0.2632721,0.27191025,0.6996089,0.46365106,0.23747182,0.31509125,0.36141685,0.48988122,0.5670089,0.271003,0.54360765,0.33143252
NK01144,0.47593218,0.26922053,0.47503302,0.47272733,0.25184035,0.45696467,0.6371355,0.7129619,0.47293502,0.25945336,0.47152027,0.44799706,0.475033,0.24405256,0.4612028,0.3859713,0.18360746,0.33022463,0.31144518,0.21783575,0.11207697,0.5217153,0.41041383,0.50365937,0.7626194,1.0,0.94554895,0.99796444,0.33366865,0.7172816,0.7153106,0.9979093,0.9433196,0.46120217,0.936794,0.94380504,0.9468769,0.99766034,0.7082374,0.9372867,0.9445068,0.999819,0.94271284,0.9387425,0.7389155,0.74598724,0.74340045,0.7350333,0.73164487,0.6863823,0.336966,0.48898852,0.48898864,0.6491086,0.48898834,0.4991727,0.5069501,0.6133382,0.29276338,0.6133385,0.36272404,0.61333877,0.47590482,0.6929544,0.68745786,0.9351182,0.58579373,0.5665085,0.72634375,0.1860016,0.69536054,0.4357992,0.5012593,0.5013633,0.50521463,0.5052147,0.8046546,0.16594547,0.6341739,0.65497583,0.26397368,0.2267814,0.71382165,0.7969411,0.71382153,0.7649673,0.73834217,0.5002994,0.5002994,0.4027153,0.5017749,0.4982767,0.49580002,0.5002994,0.49210262,0.4027151,0.5023344,0.5002994,0.35620204,0.19752988,0.4941166,0.50029975,0.4027152,0.5003,0.49797872,0.3431328,0.499006,0.50029963,0.50029945,0.4957185,0.13330585,0.5097396,0.47782046,0.2763986,0.32926142,0.22749618,0.23548171,0.1946941,0.16654879,0.5061951,0.54472667
NK10155,0.4480508,0.35527596,0.44890562,0.4436011,0.33850038,0.43674764,0.6899882,0.80761087,0.4461585,0.2517333,0.45137876,0.43604055,0.4489056,0.33439413,0.4468882,0.5514601,0.29489666,0.4447625,0.44583067,0.2287324,0.1409719,0.6264205,0.31989205,0.48993248,0.763117,0.94554895,1.0,0.9383654,0.42964345,0.7181504,0.81572163,0.93779254,0.99974704,0.4468879,0.99522966,0.9991796,0.9995612,0.9393015,0.80301964,0.9971646,0.9999244,0.946849,0.9985743,0.99809784,0.6395297,0.6476513,0.64462596,0.6354216,0.6335989,0.60267824,0.4265575,0.53206784,0.53206784,0.662847,0.5320676,0.40544596,0.41222662,0.623549,0.389777,0.6235493,0.4434076,0.62354934,0.45052156,0.6208854,0.7136112,0.9970021,0.6376068,0.6542551,0.70344746,0.12977868,0.6232959,0.48135945,0.37355354,0.48496923,0.48622084,0.48622078,0.7601942,0.20797819,0.63914573,0.6101683,0.27459836,0.29045627,0.80815655,0.75949305,0.8081564,0.65457374,0.6608279,0.40741363,0.40741375,0.28476524,0.40875655,0.40604973,0.40050495,0.40741363,0.39891738,0.28476506,0.41034234,0.40741363,0.2685447,0.19739318,0.3969651,0.40741393,0.2847652,0.40741408,0.4056884,0.26129344,0.4034968,0.40741387,0.40741372,0.4038211,0.095357716,0.5720756,0.42216703,0.17622659,0.19763047,0.2779631,0.19356513,0.27692488,0.10972738,0.55242294,0.449777
NK10223,0.47907776,0.265768,0.47834033,0.47606897,0.24838209,0.4584652,0.62431407,0.7058968,0.47625265,0.26688775,0.47427538,0.45126256,0.47834027,0.242859,0.46523073,0.37390944,0.17933506,0.3196985,0.30158418,0.21743888,0.1129812,0.51021826,0.42212176,0.5036569,0.7616432,0.99796444,0.9383654,1.0,0.32894444,0.71583223,0.70502216,0.9999732,0.9361805,0.4652301,0.9289925,0.93681836,0.9396579,0.99962205,0.6983268,0.9292911,0.93727803,0.9976884,0.9360023,0.93176246,0.7426625,0.7491268,0.74689114,0.73909706,0.7363334,0.6893482,0.33121115,0.48370528,0.48370543,0.64613116,0.4837051,0.5046166,0.51211536,0.6096289,0.28733692,0.6096292,0.35804963,0.6096295,0.47877577,0.7025285,0.68976104,0.9277172,0.58074385,0.5547079,0.7234873,0.19202042,0.6991099,0.4307217,0.51004815,0.50177944,0.5056307,0.5056308,0.8051811,0.16152328,0.63644916,0.6574913,0.27085787,0.22754788,0.70665956,0.7956121,0.70665944,0.7724371,0.74561,0.50596386,0.50596386,0.41433758,0.50720996,0.50372845,0.5011932,0.5059638,0.49750575,0.4143374,0.5077879,0.5059638,0.36104336,0.2027705,0.5010587,0.5059642,0.4143375,0.5059644,0.50332767,0.35350558,0.50551987,0.5059641,0.50596386,0.5012475,0.14014745,0.5097121,0.48391062,0.28287014,0.33680388,0.22774649,0.24669853,0.1936279,0.17301196,0.49619865,0.5518115
V350037201_L02_44,0.23561448,0.89258885,0.23958,0.23620918,0.87007093,0.26193067,0.7152456,0.561151,0.2388677,0.6224233,0.2532687,0.27907655,0.23958004,0.860103,0.2666074,0.85096526,0.7199812,0.8799902,0.925871,0.41953653,0.7893898,0.7107743,0.3705163,0.16396824,0.70656455,0.33366865,0.42964345,0.32894444,1.0,0.773661,0.7730177,0.32740676,0.43805456,0.26660806,0.4331579,0.42538655,0.42452556,0.33041984,0.78391165,0.44686836,0.4306667,0.3401081,0.43564117,0.44604623,0.107923985,0.11066416,0.110513926,0.11302948,0.11431724,0.12945837,0.9033873,0.50303555,0.5030352,0.5272879,0.5030354,0.14441463,0.13844949,0.48704234,0.9738464,0.4870423,0.9374867,0.48704138,0.24163085,0.16599834,0.25396875,0.445928,0.7953958,0.6035201,0.25585768,0.5425373,0.38083577,0.3362966,0.14028251,0.16437787,0.16004989,0.16004968,0.20271829,0.68180573,0.46950752,0.32761383,0.70937574,0.9512686,0.5600825,0.26470992,0.5600827,0.1383357,0.15735155,0.14360932,0.14360934,0.21218544,0.14290011,0.14780474,0.1508399,0.14360934,0.15116158,0.2121855,0.14626801,0.14360943,0.23230642,0.6376205,0.1422965,0.14360923,0.21218568,0.14360875,0.14657211,0.40265584,0.14654446,0.14360902,0.14360934,0.14957616,0.572515,0.73708934,0.40594196,0.3484736,0.3904413,0.7339907,0.6917439,0.9361069,0.56872773,0.68453133,0.17314765
V300093475_L02_33,0.30487692,0.6834337,0.30628958,0.30332333,0.63777834,0.3089779,0.75787354,0.6534515,0.30490974,0.52370125,0.31563556,0.317828,0.30628943,0.6183754,0.3127285,0.63914,0.4221853,0.6532217,0.6733298,0.2294774,0.5217976,0.6184094,0.39041677,0.21899867,0.87212,0.7172816,0.7181504,0.71583223,0.773661,1.0,0.8228713,0.71456367,0.7228618,0.31272864,0.7128941,0.71127844,0.71450835,0.71611077,0.826188,0.7266832,0.7178847,0.7217972,0.7200326,0.7245523,0.33925235,0.34600523,0.34461927,0.34255207,0.3395893,0.31387588,0.69591993,0.43804455,0.43804434,0.54899055,0.43804437,0.20652503,0.20506638,0.49364275,0.72581017,0.493643,0.71123934,0.4936425,0.3092292,0.36313906,0.3922763,0.72119224,0.77941895,0.5482952,0.43300533,0.36690605,0.57510483,0.3148315,0.25076666,0.218236,0.2179192,0.21791911,0.44875026,0.4332897,0.5566492,0.49929184,0.5752531,0.7066182,0.6530436,0.5016563,0.65304375,0.40930617,0.3925967,0.20649782,0.20649791,0.23247382,0.20524353,0.20779407,0.21183535,0.20649785,0.20905128,0.2324737,0.20916215,0.20649785,0.19005275,0.46078926,0.20491868,0.20649806,0.23247397,0.20649785,0.20679924,0.36128128,0.2084868,0.20649782,0.20649785,0.20779252,0.36807477,0.67700034,0.47745693,0.2707742,0.35054457,0.49094793,0.5696372,0.66395986,0.37542406,0.6302618,0.2655845
V350011809_L01_67,0.28652117,0.67056406,0.2895267,0.28263962,0.63906026,0.29414278,0.8410846,0.8018736,0.28632176,0.39228898,0.30296922,0.30177808,0.2895266,0.62540686,0.30043125,0.7857297,0.4445491,0.7591509,0.768184,0.21452618,0.3815894,0.7231818,0.20072085,0.26019743,0.89328325,0.7153106,0.81572163,0.70502216,0.7730177,0.8228713,1.0,0.7037929,0.8204666,0.3004313,0.81420124,0.81113434,0.812863,0.7052673,0.9896405,0.8308449,0.8160522,0.7201124,0.8168874,0.82447636,0.35250598,0.36361027,0.36040556,0.35313416,0.3500566,0.31361857,0.73467916,0.5318923,0.53189206,0.61464894,0.531892,0.19421291,0.19545132,0.53378475,0.74208224,0.53378505,0.7486338,0.53378445,0.29214218,0.39312384,0.5215149,0.82389474,0.8657173,0.6855184,0.5279628,0.2054401,0.5057075,0.37362325,0.16159278,0.2585328,0.25530213,0.25530195,0.5167137,0.35489428,0.5941905,0.48136258,0.45989856,0.63901895,0.80201626,0.5691389,0.80201626,0.39200294,0.44944718,0.19661057,0.19661063,0.15435135,0.19466996,0.19670725,0.19419953,0.19661051,0.19351202,0.15435109,0.20041269,0.19661057,0.12810498,0.33543205,0.18261304,0.19661069,0.15435138,0.19661057,0.19537455,0.20895308,0.19240767,0.1966106,0.19661063,0.19615507,0.19461593,0.7859807,0.42721474,0.13701993,0.2114448,0.4160459,0.3733992,0.6145102,0.20908046,0.6764482,0.23978722
V350011809_L04_37,0.47946334,0.2641285,0.47870973,0.4764699,0.24742264,0.4589276,0.6237873,0.7057313,0.4766162,0.2658846,0.4745172,0.45130518,0.4787097,0.24184656,0.46539754,0.37249506,0.17909268,0.31829676,0.30010697,0.21875373,0.1123409,0.51010776,0.42301354,0.504541,0.76016724,0.9979093,0.93779254,0.9999732,0.32740676,0.71456367,0.7037929,1.0,0.9355594,0.46539694,0.9284082,0.93625563,0.9390747,0.9995364,0.69707024,0.92859566,0.9367001,0.9975854,0.9353819,0.9311329,0.7441361,0.7505979,0.7483542,0.7404839,0.73770493,0.6911831,0.33012152,0.48382765,0.4838278,0.64566004,0.48382747,0.50559634,0.51313525,0.60976106,0.28603673,0.60976136,0.3567408,0.6097617,0.4791256,0.7027609,0.68943787,0.92713076,0.58026785,0.5552429,0.72483116,0.1928789,0.7000214,0.43082875,0.51119566,0.5026955,0.5065828,0.50658286,0.80655384,0.16109085,0.63712204,0.6583278,0.27031347,0.2261864,0.7065086,0.79673123,0.7065086,0.77336705,0.74661386,0.50693375,0.5069338,0.41504896,0.5081672,0.5047083,0.5021753,0.50693375,0.4984711,0.41504878,0.50873756,0.50693375,0.3620752,0.20222801,0.5019751,0.5069341,0.41504887,0.50693434,0.50432813,0.35356927,0.5064514,0.50693405,0.5069338,0.5022237,0.14024818,0.5090588,0.48421395,0.28385627,0.3381397,0.22748119,0.24627179,0.19244361,0.17373034,0.49722272,0.55233294
V350037201_L02_123,0.44607368,0.36349773,0.44705015,0.44161308,0.3465187,0.4352413,0.69189125,0.8096278,0.4443305,0.25679502,0.4499708,0.43565768,0.44705015,0.34273314,0.44621804,0.559041,0.29928425,0.45160133,0.45393372,0.22619128,0.1443578,0.630621,0.3181481,0.48564687,0.7657062,0.9433196,0.99974704,0.9361805,0.43805456,0.7228618,0.8204666,0.9355594,1.0,0.44621778,0.99548614,0.99895406,0.9992569,0.9372705,0.80801046,0.99714077,0.9996871,0.94473517,0.9989587,0.9986711,0.63190526,0.64000934,0.6370152,0.6279483,0.6263546,0.5945426,0.43401057,0.53314066,0.53314066,0.6640681,0.5331405,0.39863098,0.4052632,0.6227967,0.39745778,0.622797,0.4503878,0.6227971,0.44872567,0.61692667,0.71175563,0.9973361,0.6411083,0.654654,0.6983718,0.12817648,0.6210107,0.4810063,0.3680884,0.48073593,0.48176765,0.4817676,0.7540839,0.20896721,0.6387056,0.6062295,0.2783767,0.29787743,0.8101198,0.75365317,0.81011975,0.649502,0.6560118,0.40058598,0.40058613,0.2780914,0.40213042,0.399319,0.39380747,0.400586,0.39225003,0.2780912,0.403569,0.400586,0.26241583,0.19882882,0.39002904,0.4005863,0.2780914,0.40058643,0.3989188,0.25903532,0.39682204,0.4005862,0.40058604,0.39711642,0.09528229,0.57753086,0.42192453,0.17197251,0.19403291,0.28277168,0.19642076,0.2844351,0.108651996,0.5541963,0.44308713
V350011809_L04_131,0.9897003,0.46380776,0.9900867,0.98954284,0.5278109,0.9773107,0.31876445,0.43735254,0.9901837,0.77087957,0.99161726,0.99331534,0.99008685,0.5633514,1.0,0.37129405,0.4239383,0.33995688,0.3378315,0.5664098,0.37514725,0.28716496,0.6877683,0.86264324,0.3377639,0.46120217,0.4468879,0.4652301,0.26660806,0.31272864,0.3004313,0.46539694,0.44621778,1.0,0.44915357,0.45096454,0.44943726,0.46685076,0.30191702,0.4361502,0.44649985,0.458822,0.44937778,0.4444859,0.64141095,0.63419473,0.63608915,0.63930345,0.64304197,0.57176316,0.32970393,0.49822024,0.4982204,0.4482789,0.4982204,0.5764474,0.57448816,0.37468362,0.30887184,0.3746835,0.2613819,0.37468398,0.9888762,0.65088683,0.6224847,0.4424847,0.27019998,0.25882202,0.45913815,0.48183626,0.48930696,0.8030783,0.8269162,0.8648219,0.86505765,0.86505747,0.5083651,0.3813939,0.42149475,0.51450205,0.45366064,0.32023704,0.43728495,0.4686015,0.43728486,0.6895224,0.67185307,0.57601905,0.5760189,0.60570353,0.58025515,0.5731906,0.5693931,0.57601887,0.5717363,0.6057038,0.57173634,0.5760188,0.5519579,0.43102974,0.5852418,0.5760188,0.6057034,0.57601917,0.5743384,0.48080546,0.5756995,0.57601905,0.57601887,0.5727113,0.5066223,0.4301828,0.5962496,0.55627644,0.53975016,0.41442588,0.57606053,0.35118335,0.48006046,0.3142603,0.5568701
NK06292,0.44974068,0.36525142,0.4504065,0.44517297,0.34681123,0.44377878,0.6903137,0.8022048,0.44780442,0.25233755,0.4534485,0.43922594,0.45040646,0.34251267,0.4491538,0.55561554,0.3140478,0.4521008,0.45571414,0.23914343,0.14286992,0.63888395,0.32173425,0.4921223,0.75802857,0.936794,0.99522966,0.9289925,0.4331579,0.7128941,0.81420124,0.9284082,0.99548614,0.44915357,1.0,0.99457407,0.99487334,0.9301475,0.7995268,0.99350846,0.99524647,0.9381623,0.99583536,0.99583113,0.6265402,0.63460386,0.63165396,0.6225328,0.62064385,0.59345096,0.42676294,0.52900994,0.52900994,0.6493276,0.52900976,0.40979952,0.4162377,0.6137114,0.3915745,0.61371166,0.44102043,0.6137117,0.45233473,0.61028564,0.7064849,0.9937237,0.63177204,0.6631341,0.6940423,0.1317277,0.61116093,0.4909198,0.3706903,0.48731813,0.4876533,0.4876532,0.75440717,0.21433726,0.632306,0.6033436,0.27210405,0.2932274,0.80283445,0.75422907,0.8028344,0.64305604,0.64531064,0.41143814,0.4114383,0.28137884,0.41293418,0.41054624,0.40496027,0.41143817,0.4037465,0.2813787,0.41466203,0.41143817,0.2772852,0.20331383,0.39927194,0.41143847,0.28137884,0.41143855,0.41019386,0.26504236,0.4068483,0.41143838,0.41143823,0.4084092,0.100761235,0.5658989,0.40982968,0.18592483,0.1938641,0.2969917,0.18800396,0.2813477,0.11189616,0.5503718,0.45743182
V300073501_L01_88,0.4505331,0.3494808,0.45129064,0.44605446,0.33396304,0.43844563,0.6823705,0.8096621,0.4486192,0.25126678,0.45420155,0.4390082,0.4512906,0.3314584,0.45096484,0.5493912,0.29294223,0.43924117,0.4404093,0.22650063,0.13959736,0.62331647,0.32046622,0.4944353,0.7575933,0.94380504,0.9991796,0.93681836,0.42538655,0.71127844,0.81113434,0.93625563,0.99895406,0.45096454,0.99457407,1.0,0.99931973,0.93795514,0.7991107,0.9959187,0.9990883,0.94498223,0.9981353,0.9976466,0.64308417,0.650915,0.6480445,0.63926256,0.6377712,0.60636675,0.42317158,0.5337324,0.5337324,0.663538,0.5337322,0.4104694,0.41727516,0.6254566,0.38394222,0.6254568,0.43956777,0.6254569,0.45274088,0.6285266,0.7221765,0.9969684,0.63446987,0.65063524,0.70373976,0.12782282,0.62105495,0.48222,0.3759984,0.4891388,0.49035388,0.49035382,0.7649565,0.20622003,0.64536345,0.61403316,0.27538693,0.28725183,0.8101357,0.7625266,0.8101357,0.658268,0.665121,0.41251472,0.41251487,0.29054844,0.41390598,0.41101414,0.405685,0.41251472,0.4037575,0.2905482,0.41539937,0.4125147,0.27157032,0.19788474,0.40205973,0.41251504,0.29054838,0.41251516,0.41061506,0.26495665,0.4089143,0.41251495,0.41251478,0.40881455,0.094851464,0.5709712,0.42457196,0.17470235,0.1966266,0.27481967,0.1920532,0.27318066,0.108412474,0.5442597,0.45525324
V350011903_L04_117,0.45084321,0.35030693,0.45153075,0.44649795,0.33493268,0.43890122,0.68737984,0.80832946,0.44894704,0.25259423,0.4540038,0.43857712,0.45153072,0.33054054,0.44943756,0.5476386,0.2880429,0.44193536,0.44184494,0.22503486,0.13765866,0.621747,0.31797567,0.49196002,0.7614542,0.9468769,0.9995612,0.9396579,0.42452556,0.71450835,0.812863,0.9390747,0.9992569,0.44943726,0.99487334,0.99931973,1.0,0.9407217,0.80031174,0.9966248,0.99945855,0.9482011,0.99792683,0.99734914,0.64448684,0.6526617,0.64965886,0.6404139,0.63841003,0.6050523,0.42210606,0.53361744,0.53361744,0.66425484,0.5336172,0.40866566,0.41554624,0.6235029,0.38510716,0.62350315,0.4388843,0.62350327,0.45326442,0.62769836,0.7191081,0.9963528,0.63506347,0.6499574,0.7050406,0.12962472,0.6239704,0.47944486,0.3771223,0.48704648,0.4882961,0.48829603,0.7645719,0.20419851,0.643002,0.6155572,0.27630657,0.28698152,0.8089004,0.76348245,0.80890036,0.66056526,0.6666462,0.41073567,0.4107358,0.2906913,0.41203046,0.40915918,0.4036613,0.41073564,0.40203303,0.29069105,0.41352034,0.41073567,0.2701031,0.1963597,0.4001241,0.410736,0.29069123,0.41073608,0.4087807,0.2617585,0.40668863,0.41073588,0.4107357,0.40688768,0.0939244,0.5707301,0.42715052,0.17632091,0.20015499,0.27219412,0.1930784,0.2726534,0.109748185,0.5465801,0.45331714
NK08152,0.47913787,0.26673573,0.47848442,0.47617394,0.24807772,0.45793518,0.62134457,0.7088044,0.47638637,0.26925504,0.47464597,0.45234162,0.4784844,0.24341556,0.46685138,0.37558728,0.17882687,0.3215605,0.3025999,0.21482208,0.11425394,0.50970036,0.42083195,0.50333774,0.7624079,0.99766034,0.9393015,0.99962205,0.33041984,0.71611077,0.7052673,0.9995364,0.9372705,0.46685076,0.9301475,0.93795514,0.9407217,1.0,0.69866455,0.9297925,0.9381697,0.99737346,0.93739104,0.93300045,0.74065465,0.7469256,0.744772,0.73725283,0.734751,0.6859084,0.33334273,0.48577094,0.4857711,0.6482787,0.48577076,0.5031574,0.5108336,0.61027366,0.28814748,0.61027396,0.35938448,0.61027426,0.47873455,0.7034719,0.6917408,0.9289978,0.5800748,0.55084515,0.7186018,0.19132972,0.69640076,0.43161476,0.5087766,0.50132966,0.50526696,0.505267,0.8042671,0.16177925,0.6373062,0.6587681,0.27333468,0.22925752,0.7095013,0.795321,0.7095012,0.7716797,0.7452247,0.5045711,0.5045711,0.4137896,0.50583476,0.5021911,0.4997256,0.504571,0.49587554,0.4137894,0.50638,0.504571,0.35964113,0.20375723,0.49967936,0.50457144,0.41378945,0.5045717,0.501752,0.35355672,0.5043573,0.5045713,0.5045711,0.49970686,0.14133862,0.5090985,0.4867376,0.28187734,0.3361858,0.22658014,0.24842045,0.194426,0.17250821,0.49070656,0.5508364
NK08256,0.2867877,0.6744106,0.2900906,0.28338876,0.65054417,0.29175854,0.8344883,0.7998562,0.28664544,0.40313208,0.3034722,0.30314666,0.29009056,0.6379704,0.30191687,0.7966181,0.44619763,0.76336396,0.7725364,0.21333516,0.391397,0.71442145,0.19709677,0.25688648,0.88665754,0.7082374,0.80301964,0.6983268,0.78391165,0.826188,0.9896405,0.69707024,0.80801046,0.30191702,0.7995268,0.7991107,0.80031174,0.69866455,1.0,0.81643444,0.80337507,0.7132131,0.8043028,0.8120957,0.3450529,0.35530323,0.35238177,0.34546405,0.34348285,0.30297458,0.7446732,0.5336052,0.53360504,0.62233484,0.5336049,0.18787307,0.18870637,0.5345847,0.7539206,0.534585,0.7596841,0.53458434,0.2924315,0.3922889,0.51650995,0.81235456,0.8706583,0.66918206,0.517531,0.20817083,0.5137682,0.36654183,0.16505083,0.25484535,0.25176662,0.25176644,0.5079955,0.36019772,0.59226143,0.47848704,0.4687024,0.6523085,0.7998735,0.55878127,0.7998736,0.39061877,0.447949,0.18997395,0.18997413,0.15643328,0.18922254,0.19049156,0.18838757,0.18997398,0.18702298,0.15643314,0.1938492,0.18997407,0.122259915,0.3409644,0.17708495,0.18997422,0.1564335,0.18997404,0.18917626,0.21511418,0.18704674,0.18997407,0.18997407,0.18992487,0.20483637,0.79573333,0.42699182,0.13526243,0.21448418,0.41825855,0.39364892,0.62374246,0.21581382,0.67346257,0.2301665
NK08348,0.4380371,0.37346485,0.438699,0.4333348,0.35308135,0.4296762,0.70693356,0.80405796,0.43611404,0.25311124,0.44224718,0.42708445,0.43869895,0.34646916,0.43615043,0.5668291,0.30326644,0.46411294,0.46627837,0.22726178,0.15166715,0.6416919,0.31078833,0.4762652,0.77419376,0.9372867,0.9971646,0.9292911,0.44686836,0.7266832,0.8308449,0.92859566,0.99714077,0.4361502,0.99350846,0.9959187,0.9966248,0.9297925,0.81643444,1.0,0.997142,0.9387964,0.9954891,0.99556595,0.62293506,0.63171977,0.62857985,0.6194819,0.6169002,0.58830374,0.43972212,0.5294244,0.5294244,0.65581906,0.5294242,0.39518607,0.40095067,0.6183263,0.40639046,0.61832666,0.45681366,0.61832666,0.44095743,0.60624284,0.7043613,0.9941541,0.65164196,0.6687187,0.70050675,0.12819469,0.6185545,0.4752169,0.3573278,0.47141954,0.47165054,0.47165045,0.7497171,0.21953785,0.6371373,0.60330987,0.28019744,0.3062138,0.8046439,0.7529654,0.80464387,0.63864666,0.64567494,0.3973986,0.3973987,0.27437252,0.3980836,0.39604893,0.3903278,0.39739856,0.38927865,0.27437228,0.40058547,0.3973986,0.26112244,0.20447037,0.38499624,0.3973989,0.27437246,0.39739898,0.39557448,0.25493333,0.39218402,0.39739877,0.39739865,0.39387602,0.09343234,0.5799804,0.4151994,0.17096806,0.19026959,0.2865777,0.19266936,0.2931121,0.107299685,0.5642076,0.44207507
NK08041,0.4478652,0.3567004,0.44873637,0.44344273,0.34038064,0.437069,0.69093037,0.8076849,0.4459995,0.25168324,0.45127806,0.43596697,0.4487363,0.33587906,0.44650012,0.5535518,0.2976038,0.44622666,0.44802013,0.22969025,0.14154851,0.6278399,0.31897506,0.48945326,0.7618531,0.9445068,0.9999244,0.93727803,0.4306667,0.7178847,0.8160522,0.9367001,0.9996871,0.44649985,0.99524647,0.9990883,0.99945855,0.9381697,0.80337507,0.997142,1.0,0.9458872,0.99843293,0.9980885,0.63861305,0.64673847,0.64371276,0.6344307,0.6325783,0.60214645,0.4268226,0.5313718,0.5313718,0.66283494,0.53137153,0.4046354,0.41136068,0.6234734,0.3911314,0.6234737,0.44433647,0.62347376,0.45044416,0.61896324,0.7124801,0.997036,0.63760686,0.65586257,0.7033582,0.1299547,0.6225368,0.48193294,0.37220246,0.484461,0.4856476,0.48564753,0.7589532,0.20849591,0.63820887,0.60886484,0.27539778,0.29122376,0.8082498,0.75788367,0.8082497,0.65314543,0.65923274,0.4065885,0.40658867,0.28319865,0.40793985,0.40529323,0.3996118,0.40658855,0.39822176,0.28319854,0.40951833,0.40658855,0.26785302,0.19738102,0.39609903,0.40658885,0.28319868,0.40658894,0.40495872,0.26032078,0.40257478,0.40658873,0.40658858,0.4030518,0.09539023,0.57266444,0.42144203,0.1753254,0.19668767,0.27967036,0.19300508,0.27846286,0.10999304,0.55438375,0.44879425
NK08059,0.47348976,0.2748907,0.4726408,0.47032815,0.25747678,0.4553326,0.64273655,0.7145274,0.47057143,0.26114327,0.46934286,0.44618315,0.47264078,0.24918872,0.4588226,0.3914262,0.18650904,0.33620805,0.31828672,0.21571335,0.11443892,0.5245125,0.4073999,0.49944323,0.7664114,0.999819,0.946849,0.9976884,0.3401081,0.7217972,0.7201124,0.9975854,0.94473517,0.458822,0.9381623,0.94498223,0.9482011,0.99737346,0.7132131,0.9387964,0.9458872,1.0,0.943862,0.9401395,0.73372257,0.7409477,0.73832536,0.7298224,0.72628856,0.6810598,0.34063363,0.48757577,0.4875759,0.65058285,0.4875756,0.49373946,0.50129926,0.6134132,0.29922062,0.61341345,0.36838555,0.6134138,0.47368428,0.68791616,0.68399215,0.9365511,0.58931386,0.5685791,0.7233571,0.18506649,0.69420433,0.43420812,0.4963574,0.4972236,0.50098836,0.5009885,0.800254,0.16734242,0.6320671,0.6517975,0.26651818,0.23183456,0.71541506,0.7932693,0.715415,0.7603862,0.7332163,0.49488226,0.49488226,0.39705104,0.49636292,0.49294633,0.4902633,0.49488223,0.4867128,0.3970508,0.49697176,0.49488223,0.35142422,0.19763076,0.488748,0.4948826,0.39705098,0.49488282,0.4926665,0.33997563,0.49344683,0.49488252,0.4948823,0.4904075,0.13235831,0.5132534,0.47542748,0.27305385,0.32618868,0.23068547,0.23664033,0.20015448,0.1658659,0.5093827,0.5402115
7-50,0.4471756,0.3619821,0.4482724,0.44255003,0.34281534,0.4352683,0.68269026,0.8097417,0.44541445,0.2574507,0.4515051,0.4376002,0.44827238,0.34123462,0.44937807,0.55647576,0.29885748,0.44707826,0.44890177,0.22714591,0.14323488,0.6289434,0.32122403,0.48870385,0.76458144,0.94271284,0.9985743,0.9360023,0.43564117,0.7200326,0.8168874,0.9353819,0.9989587,0.44937778,0.99583536,0.9981353,0.99792683,0.93739104,0.8043028,0.9954891,0.99843293,0.943862,1.0,0.99952644,0.6332351,0.640986,0.63811594,0.629701,0.62875813,0.59714675,0.43266547,0.53083074,0.53083074,0.659222,0.5308305,0.40347373,0.4105757,0.61912,0.39321253,0.61912036,0.4466021,0.61912036,0.44941854,0.62304604,0.71812505,0.99735165,0.6377278,0.6500638,0.69594854,0.12585863,0.6182254,0.48478094,0.37010792,0.48352894,0.4846027,0.48460263,0.755165,0.20780796,0.6398872,0.60517573,0.27613455,0.29596806,0.810122,0.75361025,0.81012195,0.6520535,0.6585434,0.40560013,0.40560025,0.28264266,0.40720424,0.404176,0.39918324,0.4056001,0.39745212,0.2826425,0.40863568,0.40560013,0.2661771,0.20334774,0.39512458,0.40560043,0.28264266,0.40560055,0.40368992,0.26441962,0.40249258,0.40560034,0.4056002,0.4020322,0.09654519,0.57940686,0.4248236,0.17378229,0.194413,0.28125957,0.19754538,0.2823618,0.10697168,0.546312,0.4490211
8-4,0.44225174,0.37155136,0.44338736,0.43756202,0.35265407,0.43186167,0.6909585,0.81159616,0.44051468,0.25819612,0.4469521,0.433307,0.4433873,0.35016543,0.44448617,0.56697637,0.30685169,0.4560845,0.46031705,0.22797084,0.14746124,0.63655007,0.3171262,0.48343214,0.7669926,0.9387425,0.99809784,0.93176246,0.44604623,0.7245523,0.82447636,0.9311329,0.9986711,0.4444859,0.99583113,0.9976466,0.99734914,0.93300045,0.8120957,0.99556595,0.9980885,0.9401395,0.99952644,1.0,0.625208,0.6333063,0.63033336,0.62168866,0.6205355,0.59024143,0.44057405,0.5308316,0.5308315,0.6595272,0.5308313,0.39507106,0.4019442,0.6181742,0.4043684,0.61817455,0.45518535,0.61817455,0.44477174,0.6123074,0.71039706,0.9976939,0.64507604,0.6571313,0.69477737,0.12624389,0.6153904,0.48462453,0.36213097,0.47837046,0.4791849,0.47918484,0.748447,0.21143976,0.6389525,0.59878373,0.27817836,0.3044312,0.8120384,0.74777126,0.8120385,0.64239955,0.6495144,0.39716,0.39716014,0.27291897,0.39885575,0.3959497,0.39065796,0.39716002,0.38927978,0.27291876,0.40024322,0.39716,0.26002622,0.20287538,0.38646507,0.3971603,0.27291897,0.3971604,0.3954673,0.2591467,0.3937986,0.3971602,0.39716005,0.39381132,0.09547782,0.5846037,0.41941583,0.1694184,0.19120163,0.28921258,0.19645566,0.2914673,0.107524395,0.5566813,0.4398523
NK04161,0.6697259,0.12946215,0.66531646,0.6678976,0.19069606,0.64374566,0.38595095,0.53779304,0.66580343,0.35557017,0.65375006,0.62789905,0.6653165,0.19210586,0.64141154,0.21039617,0.2103771,0.18642503,0.15399513,0.42628765,0.17823625,0.3228109,0.5684633,0.72680557,0.4340947,0.7389155,0.6395297,0.7426625,0.107923985,0.33925235,0.35250598,0.7441361,0.63190526,0.64141095,0.6265402,0.64308417,0.64448684,0.74065465,0.3450529,0.62293506,0.63861305,0.73372257,0.6332351,0.625208,1.0,0.9991297,0.9994471,0.99862915,0.9979103,0.937873,0.18318385,0.5443918,0.5443921,0.56479,0.5443919,0.70239884,0.71288204,0.5610161,0.1277898,0.5610161,0.174696,0.5610169,0.6638259,0.8151147,0.7386056,0.62403667,0.3561139,0.43892947,0.76509136,0.38283342,0.6601114,0.559188,0.7596006,0.72784805,0.7332973,0.7332976,0.81080997,0.2449727,0.61021435,0.69511163,0.32205307,0.12540734,0.5393492,0.76552904,0.53934896,0.8728975,0.8615972,0.70307827,0.7030782,0.6785196,0.70449036,0.6989237,0.6994757,0.70307827,0.69552463,0.6785196,0.7011371,0.70307815,0.5954491,0.2978892,0.7065213,0.7030785,0.67851937,0.70307887,0.69959843,0.4907851,0.7022242,0.7030785,0.70307827,0.69631267,0.3367539,0.35838446,0.59166944,0.48637694,0.517667,0.20865053,0.31562817,0.119724184,0.37726825,0.3681063,0.6929117
V300073501_L04_115,0.6638369,0.13169679,0.6593723,0.6618634,0.18990418,0.6385451,0.39926696,0.5417873,0.6598344,0.34842825,0.6480833,0.6215208,0.6593723,0.18963516,0.6341953,0.21508306,0.20811355,0.19137496,0.15886113,0.4226382,0.17346856,0.32940343,0.5618611,0.72285265,0.44264853,0.74598724,0.6476513,0.7491268,0.11066416,0.34600523,0.36361027,0.7505979,0.64000934,0.63419473,0.63460386,0.650915,0.6526617,0.7469256,0.35530323,0.63171977,0.64673847,0.7409477,0.640986,0.6333063,0.9991297,1.0,0.9997871,0.9982257,0.9962193,0.9371074,0.1856876,0.5450776,0.5450779,0.5664062,0.5450777,0.6973404,0.70786417,0.5620558,0.1309787,0.5620558,0.17750108,0.56205666,0.65817326,0.81097543,0.73637223,0.6322007,0.3637193,0.4491488,0.77263856,0.3775031,0.66412556,0.5577245,0.75437754,0.7240065,0.729366,0.72936624,0.81285244,0.24221927,0.6111881,0.6946657,0.3168658,0.12519354,0.54345655,0.7690283,0.5434564,0.8704931,0.86090714,0.69819564,0.6981955,0.6701086,0.699558,0.69399005,0.69439304,0.6981956,0.69049436,0.67010856,0.6962683,0.6981955,0.5894923,0.29032084,0.70092595,0.69819593,0.67010844,0.6981963,0.69467384,0.48242134,0.6967904,0.69819593,0.69819564,0.6913736,0.3277033,0.36036265,0.58884794,0.4810284,0.51434994,0.20684731,0.3072179,0.1186811,0.37067014,0.37905872,0.68770444
V350011797_L02_128,0.6651571,0.13264194,0.6607361,0.6632447,0.19098008,0.6395857,0.39498085,0.5404073,0.6612033,0.35216078,0.64950144,0.6232819,0.6607361,0.19130689,0.6360898,0.21393201,0.20910633,0.19017023,0.15796489,0.42205545,0.17510834,0.326781,0.5647378,0.7231206,0.44132885,0.74340045,0.64462596,0.74689114,0.110513926,0.34461927,0.36040556,0.7483542,0.6370152,0.63608915,0.63165396,0.6480445,0.64965886,0.744772,0.35238177,0.62857985,0.64371276,0.73832536,0.63811594,0.63033336,0.9994471,0.9997871,1.0,0.99886394,0.9969783,0.9365202,0.18568635,0.5448666,0.5448669,0.5658044,0.5448667,0.69859266,0.70905274,0.56062925,0.13071448,0.56062925,0.17701286,0.5606301,0.65942454,0.81300646,0.737904,0.62924975,0.36136982,0.44496417,0.7702408,0.37896332,0.66160953,0.5572121,0.75547135,0.72425777,0.72967786,0.72967803,0.8107342,0.24194977,0.61132693,0.6935179,0.31960696,0.12643978,0.5420308,0.7666574,0.54203063,0.8718208,0.8618477,0.6993787,0.69937867,0.67280614,0.70063275,0.69518703,0.69573534,0.6993786,0.69174516,0.67280614,0.6974471,0.6993786,0.5905316,0.29386204,0.70245767,0.69937897,0.6728059,0.6993793,0.69582677,0.4863936,0.6982082,0.699379,0.6993787,0.69256926,0.33102915,0.36046135,0.59032303,0.48201975,0.5147724,0.20775539,0.31109297,0.12006283,0.37269312,0.37379175,0.6895088
V350011903_L01_36,0.6665107,0.13822359,0.66215837,0.6646501,0.19364527,0.6398644,0.38455072,0.53407145,0.6626246,0.3629899,0.6516527,0.6263867,0.6621584,0.19581649,0.63930404,0.2126525,0.21176621,0.18973333,0.15789503,0.41965586,0.1827749,0.32008213,0.5704998,0.72058004,0.43948367,0.7350333,0.6354216,0.73909706,0.11302948,0.34255207,0.35313416,0.7404839,0.6279483,0.63930345,0.6225328,0.63926256,0.6404139,0.73725283,0.34546405,0.6194819,0.6344307,0.7298224,0.629701,0.62168866,0.99862915,0.9982257,0.99886394,1.0,0.998682,0.93491024,0.18830445,0.5443745,0.5443748,0.56232107,0.5443746,0.7004311,0.71069705,0.5569094,0.1321395,0.5569093,0.178731,0.55691016,0.6604888,0.8176366,0.74191934,0.62042487,0.35623312,0.4358639,0.76231927,0.38402182,0.6556688,0.55484766,0.7552331,0.7215457,0.72697914,0.7269793,0.8024634,0.24565363,0.61102724,0.68892634,0.32677424,0.13302094,0.535557,0.7576694,0.53555673,0.87105846,0.8616909,0.701275,0.70127475,0.679998,0.7024363,0.6970188,0.69824255,0.7012749,0.6937712,0.679998,0.69941396,0.7012748,0.59395254,0.30481344,0.705154,0.70127517,0.6799978,0.7012755,0.6975012,0.49521506,0.7007851,0.7012752,0.70127493,0.69446194,0.3418189,0.3592916,0.5933406,0.48551616,0.51615655,0.21077517,0.32289454,0.12539786,0.37932545,0.36117858,0.69279945
V350037201_L04_39,0.6677297,0.13688865,0.66352284,0.6658621,0.19324952,0.64005655,0.37468165,0.53618395,0.6638996,0.3669228,0.65303695,0.6286727,0.66352284,0.19777471,0.6430426,0.21497145,0.21229327,0.1882301,0.1561352,0.41926998,0.18618149,0.31753063,0.57187283,0.72323215,0.43503755,0.73164487,0.6335989,0.7363334,0.11431724,0.3395893,0.3500566,0.73770493,0.6263546,0.64304197,0.62064385,0.6377712,0.63841003,0.734751,0.34348285,0.6169002,0.6325783,0.72628856,0.62875813,0.6205355,0.9979103,0.9962193,0.9969783,0.998682,1.0,0.9353053,0.19042009,0.5452387,0.545239,0.562393,0.5452388,0.7014734,0.71190476,0.5581692,0.13139421,0.5581691,0.17900926,0.55816996,0.6614393,0.822016,0.74709654,0.6191221,0.35473415,0.43015385,0.7567973,0.3820123,0.65396607,0.55630463,0.7556559,0.7239731,0.7292657,0.729266,0.80196,0.24741617,0.6124134,0.68864435,0.32841817,0.13482535,0.53749907,0.75627315,0.5374989,0.8718444,0.86189026,0.70239806,0.70239794,0.68265307,0.7038543,0.6981477,0.69954693,0.70239806,0.69479597,0.682653,0.7005905,0.70239794,0.59399194,0.3094791,0.7065385,0.7023983,0.68265283,0.70239866,0.6985762,0.49817863,0.7024317,0.70239836,0.7023981,0.695613,0.34349728,0.36332226,0.5968436,0.4833814,0.51244074,0.21023276,0.3255052,0.12703174,0.37862247,0.35309187,0.6936984
NK06094,0.6028323,0.12586957,0.5978683,0.6014258,0.17257991,0.591244,0.36025414,0.470293,0.59927124,0.28819245,0.584659,0.55819464,0.5978684,0.17208093,0.5717637,0.19745323,0.30825803,0.17319614,0.15226638,0.538061,0.27271697,0.42195618,0.6141689,0.7066357,0.3620788,0.6863823,0.60267824,0.6893482,0.12945837,0.31387588,0.31361857,0.6911831,0.5945426,0.57176316,0.59345096,0.60636675,0.6050523,0.6859084,0.30297458,0.58830374,0.60214645,0.6810598,0.59714675,0.59024143,0.937873,0.9371074,0.9365202,0.93491024,0.9353053,1.0,0.16520822,0.47608817,0.4760884,0.5134326,0.47608832,0.7165863,0.7256222,0.65068924,0.13646114,0.65068936,0.22178611,0.65068996,0.5973562,0.72042334,0.64976424,0.58923197,0.37582624,0.5505933,0.7574072,0.45496824,0.71835536,0.55601615,0.7264743,0.70652103,0.7098509,0.70985115,0.82714224,0.37910733,0.5779466,0.68385166,0.3243511,0.14966062,0.47201326,0.7716397,0.47201315,0.77076113,0.7382526,0.71738005,0.71738005,0.65068567,0.71821356,0.7151941,0.71203876,0.7173801,0.7113557,0.6506857,0.7161639,0.71738,0.66566163,0.3000982,0.71801645,0.7173803,0.65068555,0.71738064,0.71662104,0.5061218,0.7156665,0.7173804,0.71738017,0.71334755,0.39455378,0.32008243,0.5001956,0.55813134,0.55866677,0.31275284,0.27684277,0.15766206,0.43841833,0.47820356,0.708319
V350037201_L02_59,0.30095828,0.8168769,0.30567273,0.30162755,0.8032975,0.31468233,0.6995709,0.5906131,0.30374467,0.6204246,0.31738785,0.3402795,0.30567273,0.80240476,0.3297034,0.84123796,0.67025626,0.8881327,0.89006805,0.41438055,0.71631247,0.73527807,0.38356555,0.2554176,0.6637183,0.336966,0.4265575,0.33121115,0.9033873,0.69591993,0.73467916,0.33012152,0.43401057,0.32970393,0.42676294,0.42317158,0.42210606,0.33334273,0.7446732,0.43972212,0.4268226,0.34063363,0.43266547,0.44057405,0.18318385,0.1856876,0.18568635,0.18830445,0.19042009,0.16520822,1.0,0.7222223,0.7222221,0.63594556,0.72222227,0.15995234,0.15857267,0.5480092,0.9020669,0.54800916,0.8818611,0.5480084,0.30516154,0.2490029,0.33445963,0.4419729,0.73931885,0.5891121,0.28399757,0.48079526,0.381297,0.39922443,0.21781835,0.25568536,0.25082058,0.25082037,0.24532449,0.62112325,0.5124421,0.3784429,0.68127114,0.85985804,0.58920515,0.30242366,0.5892054,0.21232817,0.25636575,0.16106367,0.1610637,0.2481153,0.15881771,0.16143641,0.16615117,0.16106376,0.16572511,0.24811539,0.16254222,0.16106391,0.20391619,0.5771451,0.15864056,0.16106358,0.24811551,0.16106346,0.16041705,0.37165934,0.1660476,0.16106355,0.16106373,0.16295159,0.5209102,0.6982318,0.48136374,0.32313156,0.37875652,0.61883914,0.6573088,0.87334585,0.504827,0.63232386,0.17248729
NK04021,0.49219027,0.44499326,0.49216437,0.49160382,0.48633575,0.4846722,0.5739359,0.6159382,0.49219862,0.46675634,0.49311137,0.49808314,0.49216446,0.49395305,0.49822024,0.60998046,0.4936879,0.63049334,0.6042016,0.42224476,0.41634357,0.62806135,0.4579854,0.53301215,0.4701921,0.48898852,0.53206784,0.48370528,0.50303555,0.43804455,0.5318923,0.48382765,0.53314066,0.49822024,0.52900994,0.5337324,0.53361744,0.48577094,0.5336052,0.5294244,0.5313718,0.48757577,0.53083074,0.5308316,0.5443918,0.5450776,0.5448666,0.5443745,0.5452387,0.47608817,0.7222223,1.0,1.0,0.7871913,1.0,0.37022662,0.37852892,0.68965364,0.53613865,0.6896535,0.57197034,0.6896536,0.49153513,0.5243667,0.57220894,0.53180265,0.5168684,0.5658153,0.49551877,0.40870503,0.45197484,0.5170045,0.47512093,0.5333352,0.533298,0.533298,0.548802,0.42422608,0.6521634,0.57079446,0.49992207,0.47226247,0.61567825,0.55848306,0.61567825,0.49111745,0.58705616,0.37119943,0.37119937,0.42077833,0.3706903,0.36724013,0.37112355,0.3711995,0.36748815,0.42077833,0.37059718,0.37119943,0.3421326,0.37876186,0.37339562,0.37119937,0.42077833,0.3711996,0.36691892,0.3678508,0.37369883,0.37119946,0.37119934,0.3666724,0.4216226,0.480333,0.5415541,0.35970813,0.3861379,0.40761143,0.44294247,0.50042933,0.4130864,0.4755794,0.35195547
NK04006,0.49219048,0.44499296,0.4921646,0.49160403,0.48633552,0.4846724,0.5739358,0.61593795,0.49219882,0.46675628,0.49311158,0.49808332,0.49216467,0.49395284,0.4982204,0.60998017,0.49368772,0.63049304,0.6042013,0.42224485,0.4163433,0.6280612,0.45798552,0.53301233,0.47019202,0.48898864,0.53206784,0.48370543,0.5030352,0.43804434,0.53189206,0.4838278,0.53314066,0.4982204,0.52900994,0.5337324,0.53361744,0.4857711,0.53360504,0.5294244,0.5313718,0.4875759,0.53083074,0.5308315,0.5443921,0.5450779,0.5448669,0.5443748,0.545239,0.4760884,0.7222221,1.0,1.0,0.78719133,1.0,0.37022686,0.3785292,0.6896536,0.53613836,0.6896535,0.5719701,0.6896536,0.49153534,0.5243669,0.572209,0.53180265,0.51686823,0.5658152,0.49551895,0.408705,0.451975,0.51700455,0.4751212,0.5333353,0.5332982,0.5332982,0.5488022,0.42422587,0.6521633,0.5707945,0.4999218,0.47226214,0.6156781,0.5584832,0.6156781,0.4911177,0.5870564,0.37119976,0.37119967,0.42077863,0.37069055,0.36724037,0.37112385,0.37119973,0.36748844,0.42077863,0.37059742,0.3711997,0.34213278,0.37876168,0.3733959,0.37119967,0.42077857,0.37119988,0.36691922,0.36785084,0.37369916,0.37119973,0.3711996,0.3666727,0.4216225,0.48033282,0.5415541,0.3597083,0.38613808,0.40761122,0.44294238,0.50042903,0.41308644,0.47557932,0.35195568
V300093475_L03_15,0.44269338,0.41634566,0.44355315,0.4424364,0.4368931,0.4336231,0.5978569,0.6660664,0.44300866,0.40406016,0.4387587,0.44082236,0.44355324,0.436411,0.4482791,0.5928611,0.4138283,0.5643748,0.5469897,0.34382644,0.3459667,0.64507663,0.4169563,0.45477247,0.56950045,0.6491086,0.662847,0.64613116,0.5272879,0.54899055,0.61464894,0.64566004,0.6640681,0.4482789,0.6493276,0.663538,0.66425484,0.6482787,0.62233484,0.65581906,0.66283494,0.65058285,0.659222,0.6595272,0.56479,0.5664062,0.5658044,0.56232107,0.562393,0.5134326,0.63594556,0.7871913,0.78719133,1.0,0.7871912,0.34026945,0.34631866,0.9003127,0.5459249,0.9003126,0.6825526,0.90031266,0.443215,0.5273083,0.5556869,0.66119504,0.58282,0.59610087,0.5065501,0.34852597,0.521135,0.42523158,0.42522418,0.45312443,0.45539078,0.45539084,0.60894704,0.34193677,0.6509241,0.5800983,0.44789827,0.44497457,0.6658585,0.6191329,0.6658585,0.530826,0.5484855,0.34015226,0.3401522,0.3558095,0.34054616,0.3380776,0.33457282,0.34015232,0.3327034,0.3558095,0.34002766,0.34015232,0.28149328,0.24050057,0.33911192,0.34015238,0.3558095,0.3401525,0.33814025,0.31183353,0.34132242,0.34015244,0.34015217,0.3364916,0.3147062,0.4744473,0.44137442,0.2759888,0.39309883,0.37484866,0.36169773,0.44742092,0.3530481,0.58231246,0.3361863
V350011797_L04_45,0.49219045,0.4449932,0.49216455,0.491604,0.48633572,0.4846724,0.57393575,0.6159379,0.4921988,0.46675646,0.49311155,0.49808332,0.49216464,0.49395302,0.4982204,0.6099803,0.49368802,0.63049316,0.6042015,0.422245,0.41634363,0.6280613,0.45798564,0.53301233,0.47019187,0.48898834,0.5320676,0.4837051,0.5030354,0.43804437,0.531892,0.48382747,0.5331405,0.4982204,0.52900976,0.5337322,0.5336172,0.48577076,0.5336049,0.5294242,0.53137153,0.4875756,0.5308305,0.5308313,0.5443919,0.5450777,0.5448667,0.5443746,0.5452388,0.47608832,0.72222227,1.0,1.0,0.7871912,1.0,0.3702267,0.37852904,0.68965364,0.53613853,0.6896535,0.5719702,0.68965364,0.4915353,0.52436674,0.5722089,0.5318024,0.51686823,0.5658152,0.49551868,0.40870523,0.45197487,0.5170046,0.4751211,0.5333353,0.53329813,0.5332982,0.548802,0.42422622,0.6521633,0.57079446,0.49992213,0.4722624,0.615678,0.55848294,0.61567795,0.49111745,0.5870561,0.3711996,0.37119952,0.42077848,0.3706904,0.3672402,0.3711237,0.3711996,0.3674883,0.42077848,0.3705973,0.37119955,0.34213278,0.37876192,0.3733958,0.37119952,0.42077845,0.37119973,0.36691907,0.36785087,0.37369898,0.3711996,0.3711995,0.36667252,0.42162278,0.48033282,0.5415541,0.3597084,0.38613808,0.40761155,0.4429426,0.50042933,0.41308668,0.47557938,0.3519556
V350037201_L03_47,0.59383386,0.21457505,0.5915429,0.5950936,0.17407164,0.5824795,0.2632982,0.2926296,0.5918708,0.35585117,0.5786386,0.5623567,0.591543,0.1856736,0.57644796,0.19541979,0.4324881,0.1564677,0.1356256,0.6702112,0.40202147,0.29504797,0.6048573,0.67455924,0.26323718,0.4991727,0.40544596,0.5046166,0.14441463,0.20652503,0.19421291,0.50559634,0.39863098,0.5764474,0.40979952,0.4104694,0.40866566,0.5031574,0.18787307,0.39518607,0.4046354,0.49373946,0.40347373,0.39507106,0.70239884,0.6973404,0.69859266,0.7004311,0.7014734,0.7165863,0.15995234,0.37022662,0.37022686,0.34026945,0.3702267,1.0,0.9982357,0.41276896,0.12390441,0.41276896,0.14430755,0.41276953,0.587417,0.77016604,0.669103,0.39711758,0.16497338,0.39823955,0.66949344,0.55977523,0.4716223,0.53354955,0.7427619,0.6716224,0.6746814,0.67468166,0.5972599,0.50058484,0.38031536,0.47886428,0.2846872,0.18480325,0.2924173,0.54187685,0.2924172,0.726424,0.6861247,0.99939525,0.9993955,0.89963603,0.9990487,0.999707,0.9979781,0.9993954,0.99864596,0.899636,0.99945456,0.99939543,0.93567884,0.6282503,0.99711233,0.9993955,0.89963603,0.9993954,0.999676,0.8386149,0.9981728,0.9993954,0.9993954,0.9996417,0.57849026,0.2670389,0.5342511,0.77654165,0.660665,0.4382023,0.36384803,0.18920851,0.5416034,0.28138703,0.97123045
V350037201_L03_13,0.59185785,0.2052471,0.5893436,0.5928977,0.16400611,0.57908714,0.2601643,0.30268005,0.5897434,0.35008943,0.5759904,0.55926377,0.5893438,0.17623287,0.57448864,0.18989053,0.42216694,0.14991966,0.12811708,0.6659599,0.39315787,0.29265296,0.60295653,0.6762422,0.26413432,0.5069501,0.41222662,0.51211536,0.13844949,0.20506638,0.19545132,0.51313525,0.4052632,0.57448816,0.4162377,0.41727516,0.41554624,0.5108336,0.18870637,0.40095067,0.41136068,0.50129926,0.4105757,0.4019442,0.71288204,0.70786417,0.70905274,0.71069705,0.71190476,0.7256222,0.15857267,0.37852892,0.3785292,0.34631866,0.37852904,0.9982357,1.0,0.41772634,0.11797953,0.41772634,0.1412045,0.41772693,0.5850233,0.77611685,0.67553425,0.40367275,0.1665101,0.39786962,0.67343515,0.556569,0.4742546,0.5328803,0.74393034,0.6732052,0.6768307,0.6768309,0.60896105,0.49085054,0.39296395,0.48756266,0.2822487,0.17872196,0.30246013,0.5533317,0.30246004,0.73352367,0.69447917,0.99814,0.9981401,0.89981097,0.9980618,0.99828255,0.99740225,0.9981401,0.99783736,0.89981097,0.9981743,0.99814,0.93286324,0.6211714,0.9969244,0.9981401,0.8998108,0.9981401,0.99822634,0.8367261,0.9981239,0.9981399,0.99814004,0.99818146,0.5732532,0.26689422,0.54081786,0.7734494,0.6615385,0.42925715,0.36059833,0.18172187,0.53915095,0.27837467,0.9700141
NK01117,0.37530613,0.3504166,0.3741417,0.37562174,0.3520574,0.3781377,0.5371491,0.5661937,0.3752275,0.30227068,0.36706355,0.36376813,0.3741418,0.34749335,0.37468383,0.5152342,0.47600448,0.4969673,0.47901258,0.46418637,0.43606025,0.7240706,0.47279066,0.44762596,0.47736445,0.6133382,0.623549,0.6096289,0.48704234,0.49364275,0.53378475,0.60976106,0.6227967,0.37468362,0.6137114,0.6254566,0.6235029,0.61027366,0.5345847,0.6183263,0.6234734,0.6134132,0.61912,0.6181742,0.5610161,0.5620558,0.56062925,0.5569094,0.5581692,0.65068924,0.5480092,0.68965364,0.6896536,0.9003127,0.68965364,0.41276896,0.41772634,1.0,0.4896726,1.0,0.67536885,1.0,0.37458476,0.46545625,0.48412475,0.6214345,0.5813357,0.70930076,0.53288764,0.43896842,0.61911744,0.40736565,0.41995552,0.44487286,0.44517338,0.44517347,0.6795262,0.48840132,0.62143135,0.61432946,0.4343571,0.42292517,0.566328,0.6756947,0.566328,0.45723927,0.451257,0.4129778,0.41297787,0.38483924,0.41186494,0.41220072,0.40787408,0.41297793,0.40633798,0.38483927,0.4133082,0.41297787,0.41259784,0.24234962,0.406989,0.41297796,0.38483927,0.4129781,0.41303796,0.35306913,0.41193277,0.41297805,0.41297784,0.41118222,0.3848406,0.3845183,0.35400808,0.39406297,0.47244942,0.44634202,0.300391,0.4320265,0.42688724,0.66760385,0.41111684
V300063714_L03_93,0.28577775,0.8961626,0.2896091,0.28672016,0.9026768,0.31199718,0.71201104,0.5526661,0.28893885,0.6584828,0.30205053,0.32774374,0.28960896,0.8869648,0.30887115,0.8561673,0.7271724,0.9107337,0.9475916,0.44707814,0.7887082,0.6883639,0.37354273,0.20903254,0.6692465,0.29276338,0.389777,0.28733692,0.9738464,0.72581017,0.74208224,0.28603673,0.39745778,0.30887184,0.3915745,0.38394222,0.38510716,0.28814748,0.7539206,0.40639046,0.3911314,0.29922062,0.39321253,0.4043684,0.1277898,0.1309787,0.13071448,0.1321395,0.13139421,0.13646114,0.9020669,0.53613865,0.53613836,0.5459249,0.53613853,0.12390441,0.11797953,0.4896726,1.0,0.4896725,0.93925524,0.48967165,0.29232132,0.14328143,0.22922382,0.40498003,0.78266406,0.5780437,0.24344438,0.5774968,0.3824191,0.38497993,0.18170974,0.21216244,0.20795825,0.2079581,0.19165331,0.67259085,0.45686692,0.33758128,0.727664,0.9475455,0.5520672,0.25638598,0.5520674,0.13076133,0.16638416,0.12242085,0.12242079,0.21345896,0.122736216,0.12629148,0.1283443,0.12242085,0.12976143,0.21345896,0.12396437,0.122421026,0.22723192,0.6113483,0.12341589,0.1224207,0.21345916,0.12242031,0.12541673,0.36762765,0.123072684,0.12242064,0.12242085,0.12770003,0.5971434,0.7311461,0.42059726,0.3652927,0.42547917,0.72392964,0.711987,0.94083923,0.6036494,0.6991478,0.12894946
V350011809_L01_25,0.375306,0.35041657,0.3741416,0.37562162,0.35205725,0.3781376,0.5371493,0.5661938,0.3752274,0.30227038,0.36706346,0.36376798,0.3741417,0.34749323,0.37468368,0.51523423,0.47600442,0.49696732,0.47901255,0.46418628,0.43606007,0.7240708,0.47279057,0.4476259,0.47736472,0.6133385,0.6235493,0.6096292,0.4870423,0.493643,0.53378505,0.60976136,0.622797,0.3746835,0.61371166,0.6254568,0.62350315,0.61027396,0.534585,0.61832666,0.6234737,0.61341345,0.61912036,0.61817455,0.5610161,0.5620558,0.56062925,0.5569093,0.5581691,0.65068936,0.54800916,0.6896535,0.6896535,0.9003126,0.6896535,0.41276896,0.41772634,1.0,0.4896725,1.0,0.6753689,1.0,0.3745847,0.4654563,0.48412487,0.6214348,0.5813359,0.709301,0.53288776,0.43896812,0.6191176,0.4073657,0.4199554,0.44487283,0.44517338,0.44517344,0.6795263,0.48840123,0.6214313,0.6143294,0.43435684,0.422925,0.5663281,0.6756949,0.56632805,0.45723927,0.451257,0.4129778,0.41297787,0.3848391,0.41186494,0.41220072,0.4078741,0.41297793,0.40633798,0.38483912,0.4133082,0.4129779,0.41259775,0.24234945,0.40698898,0.41297802,0.3848391,0.4129781,0.41303796,0.353069,0.41193277,0.41297808,0.41297784,0.41118225,0.3848404,0.38451844,0.35400796,0.39406282,0.47244924,0.44634184,0.30039075,0.4320264,0.42688692,0.66760385,0.4111169
NK01018,0.23746961,0.81788653,0.24120855,0.23861533,0.8027969,0.25886157,0.6861154,0.5607463,0.24072015,0.56868094,0.25064093,0.27262023,0.2412085,0.7917613,0.26138133,0.8025209,0.68413574,0.85920244,0.88519615,0.4254006,0.7345799,0.74299693,0.3871436,0.18625689,0.6790717,0.36272404,0.4434076,0.35804963,0.9374867,0.71123934,0.7486338,0.3567408,0.4503878,0.2613819,0.44102043,0.43956777,0.4388843,0.35938448,0.7596841,0.45681366,0.44433647,0.36838555,0.4466021,0.45518535,0.174696,0.17750108,0.17701286,0.178731,0.17900926,0.22178611,0.8818611,0.57197034,0.5719701,0.6825526,0.5719702,0.14430755,0.1412045,0.67536885,0.93925524,0.6753689,1.0,0.675368,0.24248844,0.18177477,0.25842577,0.45592433,0.80505294,0.64311635,0.2677613,0.5351862,0.437789,0.3201248,0.16822737,0.18713221,0.1838043,0.1838041,0.28396416,0.63790846,0.49421227,0.37561095,0.6778381,0.88566285,0.56001073,0.33495888,0.5600109,0.1641196,0.18243492,0.14331323,0.14331335,0.21306926,0.14286357,0.14630145,0.148067,0.14331335,0.14749253,0.21306923,0.14536503,0.14331341,0.23235536,0.515536,0.14254299,0.1433132,0.21306944,0.14331293,0.14570999,0.35374328,0.14611074,0.1433132,0.14331335,0.14762133,0.5475826,0.68683195,0.36544326,0.34396526,0.42937294,0.6794673,0.627468,0.8793476,0.55591726,0.719751,0.1612781
NK12042,0.3753066,0.35041577,0.3741422,0.3756222,0.35205656,0.37813812,0.53714883,0.56619364,0.375228,0.30227035,0.367064,0.36376846,0.37414226,0.34749252,0.37468418,0.5152334,0.47600374,0.49696657,0.47901174,0.4641863,0.43605947,0.7240702,0.47279084,0.44762647,0.47736445,0.61333877,0.62354934,0.6096295,0.48704138,0.4936425,0.53378445,0.6097617,0.6227971,0.37468398,0.6137117,0.6254569,0.62350327,0.61027426,0.53458434,0.61832666,0.62347376,0.6134138,0.61912036,0.61817455,0.5610169,0.56205666,0.5606301,0.55691016,0.55816996,0.65068996,0.5480084,0.6896536,0.6896536,0.90031266,0.68965364,0.41276953,0.41772693,1.0,0.48967165,1.0,0.675368,1.0,0.37458527,0.46545696,0.48412526,0.6214348,0.58133537,0.70930064,0.5328881,0.43896818,0.61911786,0.4073658,0.41995615,0.4448734,0.44517392,0.44517398,0.6795269,0.48840082,0.62143147,0.61432993,0.43435663,0.42292422,0.5663279,0.67569536,0.5663279,0.4572401,0.45125777,0.4129784,0.41297844,0.38483977,0.41186553,0.4122013,0.40787467,0.41297853,0.40633854,0.3848397,0.41330877,0.4129785,0.41259822,0.2423492,0.4069895,0.41297856,0.38483977,0.4129787,0.4130385,0.3530692,0.41193336,0.41297865,0.41297847,0.4111828,0.38484025,0.3845179,0.35400838,0.39406317,0.4724496,0.4463413,0.3003906,0.43202555,0.42688695,0.6676035,0.41111746
V350011809_L04_30,0.9996634,0.44859064,0.9995371,0.9995141,0.51998544,0.9902186,0.3379749,0.41628015,0.99977386,0.7511218,0.99788725,0.9945097,0.99953717,0.5464457,0.9888762,0.3527867,0.4246992,0.33328688,0.3302285,0.5873099,0.35441324,0.288727,0.69740295,0.8754498,0.3351902,0.47590482,0.45052156,0.47877577,0.24163085,0.3092292,0.29214218,0.4791256,0.44872567,0.9888762,0.45233473,0.45274088,0.45326442,0.47873455,0.2924315,0.44095743,0.45044416,0.47368428,0.44941854,0.44477174,0.6638259,0.65817326,0.65942454,0.6604888,0.6614393,0.5973562,0.30516154,0.49153513,0.49153534,0.443215,0.4915353,0.587417,0.5850233,0.37458476,0.29232132,0.3745847,0.24248844,0.37458527,1.0,0.64038515,0.60302734,0.4430289,0.25539416,0.27913848,0.48803946,0.4949518,0.514145,0.80863154,0.84811306,0.8788227,0.87858474,0.8785846,0.51632386,0.37692675,0.40444082,0.50996697,0.43035305,0.2938912,0.41685605,0.47519448,0.416856,0.70071095,0.67321587,0.5866731,0.5866729,0.6127964,0.5907258,0.58415097,0.5785675,0.5866729,0.5826528,0.6127966,0.5820981,0.58667284,0.5660771,0.4060762,0.5954627,0.5866728,0.61279625,0.58667314,0.5858648,0.46589798,0.5842153,0.586673,0.5866729,0.58352864,0.5010679,0.40822786,0.5775127,0.5745173,0.553408,0.41940475,0.5598285,0.32910967,0.4895349,0.34523514,0.5635286
V300063692_L02_32,0.6471709,0.19810152,0.6455166,0.6465303,0.19169778,0.60307544,0.34248477,0.5838916,0.64558226,0.43159693,0.6390015,0.62690747,0.64551675,0.22105128,0.6508875,0.28369358,0.19390562,0.19885674,0.16701677,0.3523136,0.21569157,0.2853055,0.47105265,0.6629876,0.45253804,0.6929544,0.6208854,0.7025285,0.16599834,0.36313906,0.39312384,0.7027609,0.61692667,0.65088683,0.61028564,0.6285266,0.62769836,0.7034719,0.3922889,0.60624284,0.61896324,0.68791616,0.62304604,0.6123074,0.8151147,0.81097543,0.81300646,0.8176366,0.822016,0.72042334,0.2490029,0.5243667,0.5243669,0.5273083,0.52436674,0.77016604,0.77611685,0.46545625,0.14328143,0.4654563,0.18177477,0.46545696,0.64038515,1.0,0.9485798,0.6113417,0.32739562,0.32611477,0.7377694,0.2970413,0.5392101,0.5146414,0.6895006,0.6595954,0.6661812,0.6661813,0.75009525,0.24359083,0.6322986,0.66703,0.35579574,0.18465388,0.58286834,0.70255655,0.5828681,0.90380454,0.9143953,0.7730238,0.77302384,0.751744,0.77077794,0.7674856,0.77046704,0.7730237,0.7658782,0.751744,0.77283716,0.7730237,0.5936908,0.4683577,0.7780747,0.77302396,0.7517439,0.7730243,0.766145,0.6255085,0.7789705,0.7730241,0.7730238,0.7661018,0.32387078,0.4808705,0.7171052,0.44157916,0.44064295,0.17330718,0.37323177,0.15847486,0.29738963,0.22177267,0.78145325
V350037201_L03_57,0.6074363,0.27232903,0.60746694,0.60527104,0.25989956,0.5673697,0.4097013,0.6988535,0.6065078,0.407171,0.6074394,0.6012912,0.6074671,0.29117948,0.62248516,0.44854861,0.26750124,0.3135392,0.29404783,0.32008237,0.2092739,0.39287445,0.36095345,0.6384261,0.4924503,0.68745786,0.7136112,0.68976104,0.25396875,0.3922763,0.5215149,0.68943787,0.71175563,0.6224847,0.7064849,0.7221765,0.7191081,0.6917408,0.51650995,0.7043613,0.7124801,0.68399215,0.71812505,0.71039706,0.7386056,0.73637223,0.737904,0.74191934,0.74709654,0.64976424,0.33445963,0.57220894,0.572209,0.5556869,0.5722089,0.669103,0.67553425,0.48412475,0.22922382,0.48412487,0.25842577,0.48412526,0.60302734,0.9485798,1.0,0.7124588,0.39668036,0.4157192,0.73395807,0.20610082,0.49034858,0.5439791,0.55377316,0.63226235,0.6365226,0.6365226,0.7274648,0.2492123,0.6544269,0.6326441,0.3488667,0.22974306,0.69755507,0.6875928,0.6975548,0.82125163,0.8621292,0.67312247,0.67312264,0.6286533,0.6704101,0.6676668,0.6697562,0.6731224,0.6656468,0.62865335,0.6741728,0.6731225,0.48230994,0.44412702,0.67326766,0.67312264,0.6286533,0.6731229,0.6661512,0.52852833,0.67688286,0.67312264,0.67312247,0.6664027,0.2504604,0.5543606,0.66997826,0.31432047,0.2918486,0.18592787,0.31913084,0.21865565,0.20717949,0.26105657,0.6856309
V350011900_L04_36,0.4404641,0.37099892,0.44146442,0.43592468,0.34977588,0.43032956,0.69020116,0.81446767,0.4386473,0.25657493,0.4449923,0.43108934,0.44146445,0.34707588,0.44248497,0.57460386,0.3087996,0.45700005,0.4610862,0.23091775,0.15160382,0.6353104,0.31095853,0.48240936,0.76246345,0.9351182,0.9970021,0.9277172,0.445928,0.72119224,0.82389474,0.92713076,0.9973361,0.4424847,0.9937237,0.9969684,0.9963528,0.9289978,0.81235456,0.9941541,0.997036,0.9365511,0.99735165,0.9976939,0.62403667,0.6322007,0.62924975,0.62042487,0.6191221,0.58923197,0.4419729,0.53180265,0.53180265,0.66119504,0.5318024,0.39711758,0.40367275,0.6214345,0.40498003,0.6214348,0.45592433,0.6214348,0.4430289,0.6113417,0.7124588,1.0,0.6452214,0.6580019,0.6964607,0.12685621,0.6113459,0.483041,0.35724053,0.4770803,0.47821105,0.47821096,0.746913,0.21720818,0.6404327,0.59951466,0.27673963,0.30472216,0.81488013,0.74645185,0.81488013,0.6408139,0.648216,0.3991412,0.39914137,0.2743162,0.4003653,0.39785346,0.39250812,0.39914125,0.39070883,0.27431607,0.40214646,0.39914125,0.26158726,0.20423245,0.38764885,0.39914155,0.27431622,0.39914167,0.39741984,0.26093292,0.3952753,0.39914143,0.39914128,0.39564285,0.09714937,0.582517,0.4194217,0.1689117,0.19181931,0.2871094,0.19551674,0.2899914,0.107180774,0.55721915,0.44083214
V350037201_L03_15,0.25234014,0.67359775,0.25343636,0.2507576,0.6605793,0.25980306,0.7781484,0.7746222,0.25246716,0.45279473,0.26340348,0.26291695,0.25343627,0.64377624,0.27019992,0.70170784,0.4289401,0.74168885,0.7436177,0.2458649,0.5388144,0.6791293,0.2777953,0.2230804,0.8071963,0.58579373,0.6376068,0.58074385,0.7953958,0.77941895,0.8657173,0.58026785,0.6411083,0.27019998,0.63177204,0.63446987,0.63506347,0.5800748,0.8706583,0.65164196,0.63760686,0.58931386,0.6377278,0.64507604,0.3561139,0.3637193,0.36136982,0.35623312,0.35473415,0.37582624,0.73931885,0.5168684,0.51686823,0.58282,0.51686823,0.16497338,0.1665101,0.5813357,0.78266406,0.5813359,0.80505294,0.58133537,0.25539416,0.32739562,0.39668036,0.6452214,1.0,0.62908113,0.45336437,0.3372566,0.58885175,0.32157695,0.19952083,0.22427881,0.22170255,0.22170258,0.5852288,0.45933828,0.693639,0.6386548,0.6468123,0.7449111,0.7750964,0.6459546,0.7750964,0.3561567,0.41155887,0.16671365,0.16671383,0.18832839,0.16381407,0.1668039,0.16891795,0.16671371,0.16425967,0.1883282,0.16911158,0.16671383,0.16369522,0.38250664,0.15769863,0.1667139,0.18832856,0.16671377,0.16590658,0.26106542,0.16656157,0.16671383,0.1667139,0.16622749,0.32844374,0.790048,0.5014866,0.22055191,0.34283257,0.4372762,0.4824172,0.69846356,0.34981844,0.7142682,0.19125652
V350011903_L01_32,0.27393043,0.48957872,0.27295032,0.27149597,0.4742235,0.31434435,0.6949262,0.5672298,0.273148,0.21243155,0.27335125,0.26751724,0.2729503,0.44544515,0.25882173,0.67625725,0.6606202,0.6174715,0.64236224,0.5589075,0.4737532,0.8902732,0.41401243,0.3597758,0.5308707,0.5665085,0.6542551,0.5547079,0.6035201,0.5482952,0.6855184,0.5552429,0.654654,0.25882202,0.6631341,0.65063524,0.6499574,0.55084515,0.66918206,0.6687187,0.65586257,0.5685791,0.6500638,0.6571313,0.43892947,0.4491488,0.44496417,0.4358639,0.43015385,0.5505933,0.5891121,0.5658153,0.5658152,0.59610087,0.5658152,0.39823955,0.39786962,0.70930076,0.5780437,0.709301,0.64311635,0.70930064,0.27913848,0.32611477,0.4157192,0.6580019,0.62908113,1.0,0.6713239,0.41819462,0.5730403,0.40999353,0.26383033,0.35801136,0.3512598,0.35125983,0.5705644,0.58697057,0.5288548,0.4544211,0.38753706,0.49337748,0.5691285,0.57703936,0.56912863,0.3155965,0.32177162,0.3994407,0.39944082,0.2841243,0.39722553,0.40217596,0.39460185,0.39944088,0.40022728,0.28412414,0.40228754,0.39944082,0.4150921,0.35931218,0.3783529,0.3994409,0.28412434,0.39944056,0.4028929,0.3084332,0.38759074,0.39944074,0.39944094,0.40233803,0.35435814,0.46211216,0.24671802,0.38739154,0.35646257,0.60964787,0.23620266,0.53446335,0.39700294,0.81529,0.41983762
V350011904_L04_66,0.48891625,0.21707445,0.4860447,0.48517755,0.22984248,0.48522812,0.5609264,0.5984054,0.48574948,0.22317779,0.47853515,0.4531241,0.4860448,0.21790135,0.45913857,0.42862546,0.3422503,0.3045788,0.2988125,0.45163637,0.23325887,0.54958975,0.3911144,0.56436753,0.47673795,0.72634375,0.70344746,0.7234873,0.25585768,0.43300533,0.5279628,0.72483116,0.6983718,0.45913815,0.6940423,0.70373976,0.7050406,0.7186018,0.517531,0.70050675,0.7033582,0.7233571,0.69594854,0.69477737,0.76509136,0.77263856,0.7702408,0.76231927,0.7567973,0.7574072,0.28399757,0.49551877,0.49551895,0.5065501,0.49551868,0.66949344,0.67343515,0.53288764,0.24344438,0.53288776,0.2677613,0.5328881,0.48803946,0.7377694,0.73395807,0.6964607,0.45336437,0.6713239,1.0,0.30985472,0.66091883,0.47791502,0.5403589,0.5646305,0.5662703,0.56627053,0.770666,0.3500025,0.6007173,0.62156624,0.27817538,0.20673239,0.5999553,0.74868876,0.59995526,0.7303642,0.7425401,0.6710139,0.67101395,0.5618896,0.6709238,0.6707686,0.6666636,0.6710139,0.66783726,0.56188935,0.67154944,0.67101395,0.5379987,0.36984414,0.6641156,0.6710142,0.5618894,0.6710141,0.6706929,0.4478537,0.66524714,0.6710141,0.6710141,0.66898036,0.23988694,0.45659053,0.5428741,0.3996959,0.39083385,0.30209303,0.2095738,0.20826799,0.290781,0.5783639,0.6566057
V350011809_L03_57,0.49635562,0.566481,0.49342072,0.50102735,0.5870744,0.5038738,0.29478657,0.18112445,0.49729103,0.6419654,0.4860581,0.49579337,0.49342063,0.572071,0.48183602,0.3891607,0.7138722,0.48764294,0.5033547,0.80533975,0.81100076,0.38183597,0.72487766,0.4954912,0.2635397,0.1860016,0.12977868,0.19202042,0.5425373,0.36690605,0.2054401,0.1928789,0.12817648,0.48183626,0.1317277,0.12782282,0.12962472,0.19132972,0.20817083,0.12819469,0.1299547,0.18506649,0.12585863,0.12624389,0.38283342,0.3775031,0.37896332,0.38402182,0.3820123,0.45496824,0.48079526,0.40870503,0.408705,0.34852597,0.40870523,0.55977523,0.556569,0.43896842,0.5774968,0.43896812,0.5351862,0.43896818,0.4949518,0.2970413,0.20610082,0.12685621,0.3372566,0.41819462,0.30985472,1.0,0.42641273,0.48765984,0.6083636,0.49969172,0.5021014,0.5021016,0.29229984,0.77624625,0.36297837,0.39731058,0.67443043,0.6599003,0.181292,0.2866614,0.18129209,0.3203327,0.28545633,0.55626297,0.55626273,0.6590116,0.5558413,0.5586524,0.5618396,0.5562629,0.5645485,0.6590117,0.5526662,0.5562629,0.7566043,0.7114792,0.5693775,0.5562626,0.6590115,0.5562626,0.5594142,0.6923197,0.55801725,0.55626273,0.5562628,0.56025106,0.9351721,0.30920896,0.4502941,0.873446,0.84131706,0.7960365,0.7782969,0.6617726,0.98866826,0.51342976,0.52518934
V300073501_L01_80,0.51388943,0.3489793,0.51236147,0.5142628,0.38332304,0.5062903,0.55002433,0.5163836,0.5129567,0.39613676,0.5075221,0.48891878,0.51236135,0.3710953,0.4893072,0.37166977,0.32507515,0.38907582,0.36511576,0.42734483,0.400033,0.5594572,0.51985043,0.5112418,0.5506082,0.69536054,0.6232959,0.6991099,0.38083577,0.57510483,0.5057075,0.7000214,0.6210107,0.48930696,0.61116093,0.62105495,0.6239704,0.69640076,0.5137682,0.6185545,0.6225368,0.69420433,0.6182254,0.6153904,0.6601114,0.66412556,0.66160953,0.6556688,0.65396607,0.71835536,0.381297,0.45197484,0.451975,0.521135,0.45197487,0.4716223,0.4742546,0.61911744,0.3824191,0.6191176,0.437789,0.61911786,0.514145,0.5392101,0.49034858,0.6113459,0.58885175,0.5730403,0.66091883,0.42641273,1.0,0.45627916,0.56135285,0.513662,0.51407003,0.5140702,0.7132441,0.43340695,0.5669527,0.6559701,0.44368178,0.37657666,0.5177484,0.7072103,0.5177484,0.6279022,0.58205974,0.47182512,0.4718251,0.45292118,0.474539,0.47134635,0.47108793,0.47182518,0.4697214,0.45292115,0.4704643,0.47182506,0.4418132,0.32109824,0.4730169,0.47182536,0.4529211,0.47182554,0.47231543,0.38641343,0.47257358,0.47182533,0.47182524,0.47007233,0.37287512,0.48091835,0.517925,0.4521342,0.51172614,0.3578493,0.41714856,0.37278265,0.4136025,0.6583836,0.4743327
NK04082,0.8079008,0.50122917,0.8089239,0.80597407,0.5189896,0.8121842,0.40786803,0.4610509,0.80769587,0.61511,0.8107075,0.81084085,0.808924,0.5422359,0.80307806,0.4814071,0.56339324,0.456459,0.4536022,0.6586781,0.4254698,0.4359553,0.6626084,0.9184353,0.3257994,0.4357992,0.48135945,0.4307217,0.3362966,0.3148315,0.37362325,0.43082875,0.4810063,0.8030783,0.4909198,0.48222,0.47944486,0.43161476,0.36654183,0.4752169,0.48193294,0.43420812,0.48478094,0.48462453,0.559188,0.5577245,0.5572121,0.55484766,0.55630463,0.55601615,0.39922443,0.5170045,0.51700455,0.42523158,0.5170046,0.53354955,0.5328803,0.40736565,0.38497993,0.4073657,0.3201248,0.4073658,0.80863154,0.5146414,0.5439791,0.483041,0.32157695,0.40999353,0.47791502,0.48765984,0.45627916,1.0,0.799222,0.9186935,0.9159706,0.9159704,0.484122,0.4908043,0.40444535,0.46086162,0.4155894,0.35762122,0.4613967,0.45612448,0.46139675,0.5458415,0.54503185,0.53303725,0.53303725,0.47213128,0.53882945,0.5321005,0.52245516,0.5330372,0.52757716,0.47213134,0.53134316,0.5330371,0.5480047,0.4195847,0.5365509,0.53303707,0.4721312,0.53303725,0.5338745,0.4379705,0.5308233,0.53303725,0.53303725,0.5321691,0.50084955,0.4291118,0.51325876,0.56237346,0.4962699,0.52332616,0.47032893,0.398366,0.47559714,0.4722896,0.49558833
V300073501_L01_85,0.85279644,0.2834128,0.85080934,0.85387987,0.33053133,0.83445024,0.2606416,0.29705462,0.8511075,0.606435,0.83886135,0.82597655,0.8508094,0.3501413,0.8269166,0.17531943,0.36989617,0.21859401,0.18378827,0.6542507,0.37359357,0.2271269,0.80193615,0.92318654,0.28381762,0.5012593,0.37355354,0.51004815,0.14028251,0.25076666,0.16159278,0.51119566,0.3680884,0.8269162,0.3706903,0.3759984,0.3771223,0.5087766,0.16505083,0.3573278,0.37220246,0.4963574,0.37010792,0.36213097,0.7596006,0.75437754,0.75547135,0.7552331,0.7556559,0.7264743,0.21781835,0.47512093,0.4751212,0.42522418,0.4751211,0.7427619,0.74393034,0.41995552,0.18170974,0.4199554,0.16822737,0.41995615,0.84811306,0.6895006,0.55377316,0.35724053,0.19952083,0.26383033,0.5403589,0.6083636,0.56135285,0.799222,1.0,0.9266908,0.92891455,0.92891467,0.58951133,0.41546696,0.42246935,0.5561025,0.40950868,0.22321236,0.29768178,0.54106,0.29768178,0.7594522,0.71020985,0.74175143,0.7417512,0.76413184,0.7451995,0.7384347,0.73488104,0.7417512,0.73601365,0.76413196,0.7372589,0.7417511,0.73813415,0.44290406,0.7542901,0.7417512,0.76413167,0.74175155,0.74012023,0.61589867,0.7432945,0.7417514,0.7417512,0.73796284,0.5852625,0.29159072,0.60209394,0.74012333,0.70640033,0.41506362,0.5402544,0.23832434,0.59523,0.32217163,0.71132463
V300073501_L01_52,0.88118595,0.3126701,0.88096136,0.8801082,0.372004,0.8693441,0.30809277,0.4157409,0.8799118,0.56631064,0.8737978,0.8646348,0.8809614,0.39826941,0.8648221,0.32155293,0.44735646,0.29250264,0.27271715,0.66736364,0.3228986,0.32805693,0.71734744,0.9992826,0.27029872,0.5013633,0.48496923,0.50177944,0.16437787,0.218236,0.2585328,0.5026955,0.48073593,0.8648219,0.48731813,0.4891388,0.48704648,0.50132966,0.25484535,0.47141954,0.484461,0.4972236,0.48352894,0.47837046,0.72784805,0.7240065,0.72425777,0.7215457,0.7239731,0.70652103,0.25568536,0.5333352,0.5333353,0.45312443,0.5333353,0.6716224,0.6732052,0.44487286,0.21216244,0.44487283,0.18713221,0.4448734,0.8788227,0.6595954,0.63226235,0.4770803,0.22427881,0.35801136,0.5646305,0.49969172,0.513662,0.9186935,0.9266908,1.0,0.99922836,0.99922836,0.5995889,0.40645605,0.43179786,0.5252958,0.35189182,0.19916034,0.4163408,0.5499263,0.41634086,0.707748,0.68783593,0.67132735,0.67132723,0.64423025,0.6759981,0.6685071,0.6596672,0.67132723,0.6628197,0.6442303,0.6677267,0.6713271,0.65016294,0.37626842,0.67770857,0.67132723,0.64423,0.6713276,0.6705575,0.49976498,0.66879773,0.6713275,0.67132723,0.66773534,0.48874658,0.33888865,0.5434011,0.61890316,0.54587686,0.41796482,0.43435594,0.24176165,0.4815681,0.3628362,0.63354635
V350011900_L04_67,0.8812078,0.30772948,0.88086367,0.8801706,0.36529785,0.86758745,0.30314702,0.41797763,0.8798889,0.5658421,0.87334013,0.8638623,0.8808638,0.39214438,0.86505777,0.31575158,0.4404614,0.28531298,0.2654196,0.66532034,0.320374,0.32011473,0.71754354,0.99874324,0.26883975,0.50521463,0.48622084,0.5056307,0.16004989,0.2179192,0.25530213,0.5065828,0.48176765,0.86505765,0.4876533,0.49035388,0.4882961,0.50526696,0.25176662,0.47165054,0.4856476,0.50098836,0.4846027,0.4791849,0.7332973,0.729366,0.72967786,0.72697914,0.7292657,0.7098509,0.25082058,0.533298,0.5332982,0.45539078,0.53329813,0.6746814,0.6768307,0.44517338,0.20795825,0.44517338,0.1838043,0.44517392,0.87858474,0.6661812,0.6365226,0.47821105,0.22170255,0.3512598,0.5662703,0.5021014,0.51407003,0.9159706,0.92891455,0.99922836,1.0,1.0,0.6033799,0.40233922,0.43671715,0.52955073,0.35157162,0.19617492,0.4185443,0.55334795,0.41854432,0.71340185,0.6941716,0.6742796,0.67427945,0.647932,0.6789923,0.6713824,0.66290534,0.67427945,0.6657453,0.64793205,0.6705953,0.6742794,0.6523714,0.3767596,0.68148637,0.6742794,0.6479318,0.67427975,0.67341435,0.5051198,0.67234063,0.6742797,0.6742795,0.67058575,0.49041322,0.33754876,0.5483246,0.6203063,0.5495115,0.4135008,0.4371971,0.23681065,0.48367304,0.35786316,0.6360817
NK06054,0.8812079,0.30772918,0.88086367,0.8801705,0.36529762,0.8675873,0.30314696,0.41797748,0.8798889,0.56584185,0.87334,0.86386216,0.8808637,0.39214408,0.8650577,0.31575134,0.44046125,0.28531274,0.26541933,0.66532034,0.3203739,0.32011455,0.7175437,0.99874324,0.2688397,0.5052147,0.48622078,0.5056308,0.16004968,0.21791911,0.25530195,0.50658286,0.4817676,0.86505747,0.4876532,0.49035382,0.48829603,0.505267,0.25176644,0.47165045,0.48564753,0.5009885,0.48460263,0.47918484,0.7332976,0.72936624,0.72967803,0.7269793,0.729266,0.70985115,0.25082037,0.533298,0.5332982,0.45539084,0.5332982,0.67468166,0.6768309,0.44517347,0.2079581,0.44517344,0.1838041,0.44517398,0.8785846,0.6661813,0.6365226,0.47821096,0.22170258,0.35125983,0.56627053,0.5021016,0.5140702,0.9159704,0.92891467,0.99922836,1.0,1.0,0.60338,0.4023391,0.4367172,0.5295508,0.35157153,0.19617468,0.41854417,0.55334806,0.4185442,0.71340203,0.6941718,0.6742798,0.6742797,0.6479323,0.67899257,0.67138267,0.6629056,0.6742797,0.6657455,0.64793235,0.6705954,0.6742796,0.6523716,0.3767596,0.6814866,0.67427963,0.64793205,0.67428005,0.6734146,0.50512,0.67234087,0.6742799,0.67427975,0.670586,0.49041328,0.33754855,0.5483246,0.6203065,0.5495117,0.41350073,0.4371971,0.23681056,0.4836732,0.3578632,0.6360818
NK04142,0.5211153,0.138275,0.5167842,0.51873475,0.16509882,0.5007557,0.5002318,0.7379441,0.5176023,0.23510206,0.5071283,0.4804363,0.51678425,0.16375491,0.5083658,0.28699586,0.19440523,0.24852535,0.21368328,0.35225636,0.18934876,0.49445862,0.422839,0.6015795,0.5005561,0.8046546,0.7601942,0.8051811,0.20271829,0.44875026,0.5167137,0.80655384,0.7540839,0.5083651,0.75440717,0.7649565,0.7645719,0.8042671,0.5079955,0.7497171,0.7589532,0.800254,0.755165,0.748447,0.81080997,0.81285244,0.8107342,0.8024634,0.80196,0.82714224,0.24532449,0.548802,0.5488022,0.60894704,0.548802,0.5972599,0.60896105,0.6795262,0.19165331,0.6795263,0.28396416,0.6795269,0.51632386,0.75009525,0.7274648,0.746913,0.5852288,0.5705644,0.770666,0.29229984,0.7132441,0.484122,0.58951133,0.5995889,0.6033799,0.60338,1.0,0.27037907,0.8040566,0.88761604,0.3941078,0.18831512,0.7391958,0.9789737,0.7391956,0.7677433,0.79737425,0.5995148,0.59951484,0.5242781,0.59906065,0.5956728,0.59413195,0.5995147,0.5894687,0.5242779,0.5992864,0.5995147,0.49010447,0.22664875,0.5918686,0.5995151,0.524278,0.59951544,0.5960054,0.39154732,0.59832716,0.59951514,0.59951484,0.59311366,0.23439431,0.45439744,0.57712525,0.3844811,0.43513125,0.19711497,0.21046409,0.1553396,0.27457082,0.5024404,0.6040398
V350011809_L04_114,0.3760817,0.6551121,0.37437844,0.37793443,0.62810117,0.40468454,0.44574887,0.25659972,0.37769747,0.5643775,0.37682515,0.39350528,0.3743784,0.62523484,0.3813935,0.6059257,0.80430216,0.6293247,0.64784294,0.7885643,0.9124079,0.6120854,0.5487582,0.4080999,0.3272433,0.16594547,0.20797819,0.16152328,0.68180573,0.4332897,0.35489428,0.16109085,0.20896721,0.3813939,0.21433726,0.20622003,0.20419851,0.16177925,0.36019772,0.21953785,0.20849591,0.16734242,0.20780796,0.21143976,0.2449727,0.24221927,0.24194977,0.24565363,0.24741617,0.37910733,0.62112325,0.42422608,0.42422587,0.34193677,0.42422622,0.50058484,0.49085054,0.48840132,0.67259085,0.48840123,0.63790846,0.48840082,0.37692675,0.24359083,0.2492123,0.21720818,0.45933828,0.58697057,0.3500025,0.77624625,0.43340695,0.4908043,0.41546696,0.40645605,0.40233922,0.4023391,0.27037907,1.0,0.35611457,0.38695654,0.6358167,0.74435973,0.25589582,0.29181612,0.2558959,0.15630555,0.16135043,0.49909967,0.49909976,0.5260799,0.49724084,0.5028431,0.5023177,0.49909976,0.5049212,0.5260799,0.49938896,0.49909973,0.6589128,0.75093627,0.4991909,0.4990995,0.52607995,0.49909925,0.50339353,0.6211932,0.49782658,0.49909946,0.49909973,0.5050499,0.8074335,0.4025389,0.38676184,0.72751415,0.6347175,0.78998506,0.64057505,0.74936086,0.77589893,0.6073779,0.48891506
NK01111,0.40820184,0.37400407,0.4046451,0.40664223,0.38684648,0.38864115,0.52404803,0.79679126,0.40688926,0.42798653,0.40481997,0.3988191,0.40464514,0.3905667,0.42149505,0.49502683,0.29686862,0.44828236,0.44411814,0.2805372,0.38023424,0.52889425,0.37067282,0.433636,0.51890564,0.6341739,0.63914573,0.63644916,0.46950752,0.5566492,0.5941905,0.63712204,0.6387056,0.42149475,0.632306,0.64536345,0.643002,0.6373062,0.59226143,0.6371373,0.63820887,0.6320671,0.6398872,0.6389525,0.61021435,0.6111881,0.61132693,0.61102724,0.6124134,0.5779466,0.5124421,0.6521634,0.6521633,0.6509241,0.6521633,0.38031536,0.39296395,0.62143135,0.45686692,0.6214313,0.49421227,0.62143147,0.40444082,0.6322986,0.6544269,0.6404327,0.693639,0.5288548,0.6007173,0.36297837,0.5669527,0.40444535,0.42246935,0.43179786,0.43671715,0.4367172,0.8040566,0.35611457,1.0,0.83998,0.62623894,0.48761907,0.7967401,0.81023085,0.79673994,0.6022067,0.67548156,0.3827778,0.38277793,0.4093062,0.38154376,0.37933868,0.3873515,0.3827778,0.37898046,0.40930617,0.38336772,0.38277796,0.32140177,0.3874883,0.38189882,0.382778,0.40930632,0.38277823,0.37786216,0.38578814,0.38992408,0.3827781,0.38277787,0.37779206,0.33610365,0.5996309,0.6541804,0.30519524,0.40404484,0.31339034,0.42111605,0.43047267,0.37797877,0.51057374,0.39885303
V350011903_L01_128,0.51452565,0.27050492,0.50972956,0.5144661,0.30171454,0.49094877,0.48523188,0.73521537,0.51245934,0.41473028,0.50525427,0.49065986,0.5097296,0.29946184,0.5145027,0.35185635,0.22621936,0.37119877,0.32513267,0.3417333,0.38570386,0.43955478,0.40836748,0.52547127,0.49862275,0.65497583,0.6101683,0.6574913,0.32761383,0.49929184,0.48136258,0.6583278,0.6062295,0.51450205,0.6033436,0.61403316,0.6155572,0.6587681,0.47848704,0.60330987,0.60886484,0.6517975,0.60517573,0.59878373,0.69511163,0.6946657,0.6935179,0.68892634,0.68864435,0.68385166,0.3784429,0.57079446,0.5707945,0.5800983,0.57079446,0.47886428,0.48756266,0.61432946,0.33758128,0.6143294,0.37561095,0.61432993,0.50996697,0.66703,0.6326441,0.59951466,0.6386548,0.4544211,0.62156624,0.39731058,0.6559701,0.46086162,0.5561025,0.5252958,0.52955073,0.5295508,0.88761604,0.38695654,0.83998,1.0,0.6154543,0.392639,0.73567605,0.90141904,0.7356758,0.6657401,0.717005,0.48170823,0.48170826,0.51506937,0.4784705,0.4752898,0.48038232,0.48170817,0.4728875,0.51506925,0.4799595,0.48170817,0.42707402,0.34476453,0.478715,0.48170844,0.51506925,0.48170888,0.47538975,0.40177277,0.48237082,0.48170856,0.4817082,0.47342214,0.36457974,0.49351504,0.69399667,0.4076731,0.49591547,0.22923103,0.41329235,0.3304158,0.39693293,0.47769248,0.47902218
V350011903_L02_117,0.42980906,0.6977511,0.42963588,0.43258986,0.7323047,0.4270007,0.45828965,0.53832716,0.4326326,0.7599782,0.4373831,0.45764872,0.42963582,0.72677684,0.45366028,0.57869077,0.57841265,0.66914773,0.6791966,0.4670628,0.8089638,0.45323613,0.4988314,0.35005772,0.468362,0.26397368,0.27459836,0.27085787,0.70937574,0.5752531,0.45989856,0.27031347,0.2783767,0.45366064,0.27210405,0.27538693,0.27630657,0.27333468,0.4687024,0.28019744,0.27539778,0.26651818,0.27613455,0.27817836,0.32205307,0.3168658,0.31960696,0.32677424,0.32841817,0.3243511,0.68127114,0.49992207,0.4999218,0.44789827,0.49992213,0.2846872,0.2822487,0.4343571,0.727664,0.43435684,0.6778381,0.43435663,0.43035305,0.35579574,0.3488667,0.27673963,0.6468123,0.38753706,0.27817538,0.67443043,0.44368178,0.4155894,0.40950868,0.35189182,0.35157162,0.35157153,0.3941078,0.6358167,0.62623894,0.6154543,1.0,0.8278586,0.5375565,0.41749945,0.53755647,0.34676343,0.36839175,0.28426105,0.284261,0.43428358,0.28140408,0.28319976,0.2917415,0.28426105,0.28940058,0.4342838,0.2828016,0.28426105,0.3795877,0.66523725,0.29629272,0.28426087,0.43428373,0.28426084,0.28292143,0.4913014,0.2909857,0.28426093,0.28426102,0.28447548,0.6991178,0.63644755,0.67542815,0.5005457,0.57541686,0.5926912,0.81542647,0.8314515,0.70697534,0.5005296,0.28672156
V350037201_L02_88,0.29005295,0.89658284,0.2920657,0.29178244,0.87622166,0.3083793,0.6119777,0.49127325,0.29333052,0.7324207,0.30572623,0.33336067,0.29206562,0.8677554,0.32023636,0.77206194,0.7184484,0.84079653,0.8797815,0.4758713,0.8854821,0.5929877,0.42977178,0.19698265,0.61790735,0.2267814,0.29045627,0.22754788,0.9512686,0.7066182,0.63901895,0.2261864,0.29787743,0.32023704,0.2932274,0.28725183,0.28698152,0.22925752,0.6523085,0.3062138,0.29122376,0.23183456,0.29596806,0.3044312,0.12540734,0.12519354,0.12643978,0.13302094,0.13482535,0.14966062,0.85985804,0.47226247,0.47226214,0.44497457,0.4722624,0.18480325,0.17872196,0.42292517,0.9475455,0.422925,0.88566285,0.42292422,0.2938912,0.18465388,0.22974306,0.30472216,0.7449111,0.49337748,0.20673239,0.6599003,0.37657666,0.35762122,0.22321236,0.19916034,0.19617492,0.19617468,0.18831512,0.74435973,0.48761907,0.392639,0.8278586,1.0,0.49009398,0.24688011,0.4900941,0.14408752,0.17141184,0.1841074,0.18410736,0.30358756,0.18244123,0.18694723,0.19434124,0.1841074,0.19302869,0.3035877,0.18508804,0.18410748,0.31146327,0.7169194,0.18932939,0.18410712,0.30358773,0.18410689,0.1855571,0.4793652,0.18904847,0.18410715,0.1841073,0.18898779,0.70290864,0.7002522,0.49225447,0.45466536,0.5062662,0.74755764,0.8034888,0.96636623,0.6916696,0.6246299,0.20043203
NK06177,0.41556078,0.4751261,0.41706574,0.41239762,0.49296442,0.40086895,0.6891631,0.9999587,0.41517842,0.39576393,0.42293233,0.42108232,0.41706577,0.49503002,0.437285,0.66530514,0.3421953,0.5780399,0.58033377,0.20930737,0.29969776,0.58218974,0.21773934,0.41934592,0.67819256,0.71382165,0.80815655,0.70665956,0.5600825,0.6530436,0.80201626,0.7065086,0.8101198,0.43728495,0.80283445,0.8101357,0.8089004,0.7095013,0.7998735,0.8046439,0.8082498,0.71541506,0.810122,0.8120384,0.5393492,0.54345655,0.5420308,0.535557,0.53749907,0.47201326,0.58920515,0.61567825,0.6156781,0.6658585,0.615678,0.2924173,0.30246013,0.566328,0.5520672,0.5663281,0.56001073,0.5663279,0.41685605,0.58286834,0.69755507,0.81488013,0.7750964,0.5691285,0.5999553,0.181292,0.5177484,0.4613967,0.29768178,0.4163408,0.4185443,0.41854417,0.7391958,0.25589582,0.7967401,0.73567605,0.5375565,0.49009398,1.0,0.76208127,0.99999976,0.57685167,0.6475079,0.29475003,0.2947501,0.24635264,0.29655448,0.2928661,0.29253685,0.29475,0.2883203,0.24635255,0.29660222,0.29475015,0.17244196,0.3119381,0.2875526,0.29475024,0.24635273,0.29475027,0.29218346,0.26725644,0.29511034,0.29475027,0.29475006,0.291233,0.18147624,0.73036075,0.59896743,0.11985847,0.20159018,0.28210622,0.33567095,0.46438715,0.18799669,0.54426557,0.30094814
NK06053,0.47979927,0.18939161,0.47556674,0.47695947,0.19693938,0.46263593,0.57416004,0.7608392,0.476074,0.2439276,0.46777564,0.441669,0.47556683,0.19064057,0.46860227,0.33084455,0.18974462,0.31373498,0.27072582,0.31859177,0.22435284,0.51023084,0.37881857,0.55081356,0.5703454,0.7969411,0.75949305,0.7956121,0.26470992,0.5016563,0.5691389,0.79673123,0.75365317,0.4686015,0.75422907,0.7625266,0.76348245,0.795321,0.55878127,0.7529654,0.75788367,0.7932693,0.75361025,0.74777126,0.76552904,0.7690283,0.7666574,0.7576694,0.75627315,0.7716397,0.30242366,0.55848306,0.5584832,0.6191329,0.55848294,0.54187685,0.5533317,0.6756947,0.25638598,0.6756949,0.33495888,0.67569536,0.47519448,0.70255655,0.6875928,0.74645185,0.6459546,0.57703936,0.74868876,0.2866614,0.7072103,0.45612448,0.54106,0.5499263,0.55334795,0.55334806,0.9789737,0.29181612,0.81023085,0.90141904,0.41749945,0.24688011,0.76208127,1.0,0.762081,0.72065336,0.76368976,0.54473907,0.5447391,0.48930264,0.5434317,0.540591,0.5409608,0.54473907,0.5340133,0.48930246,0.54475665,0.54473907,0.44329455,0.2341389,0.5344638,0.5447395,0.48930258,0.5447398,0.54060274,0.36127278,0.5421907,0.5447395,0.5447392,0.5379132,0.23257756,0.47503266,0.58886683,0.36576205,0.4235824,0.19081607,0.22654673,0.20026141,0.2722769,0.52484536,0.5475311
NK08181,0.41556072,0.47512618,0.41706568,0.41239756,0.49296457,0.40086892,0.68916315,0.9999586,0.41517836,0.3957639,0.42293224,0.42108223,0.41706568,0.49503013,0.43728492,0.6653054,0.34219557,0.57804,0.58033395,0.20930743,0.29969782,0.58218986,0.21773934,0.41934595,0.6781926,0.71382153,0.8081564,0.70665944,0.5600827,0.65304375,0.80201626,0.7065086,0.81011975,0.43728486,0.8028344,0.8101357,0.80890036,0.7095012,0.7998736,0.80464387,0.8082497,0.715415,0.81012195,0.8120385,0.53934896,0.5434564,0.54203063,0.53555673,0.5374989,0.47201315,0.5892054,0.61567825,0.6156781,0.6658585,0.61567795,0.2924172,0.30246004,0.566328,0.5520674,0.56632805,0.5600109,0.5663279,0.416856,0.5828681,0.6975548,0.81488013,0.7750964,0.56912863,0.59995526,0.18129209,0.5177484,0.46139675,0.29768178,0.41634086,0.41854432,0.4185442,0.7391956,0.2558959,0.79673994,0.7356758,0.53755647,0.4900941,0.99999976,0.762081,1.0,0.5768515,0.64750767,0.29474992,0.29475,0.24635252,0.29655445,0.29286605,0.29253682,0.29474992,0.28832018,0.24635243,0.29660207,0.29475006,0.1724419,0.3119381,0.28755248,0.29475012,0.24635264,0.29475012,0.29218334,0.2672564,0.29511017,0.29475015,0.29474998,0.29123288,0.18147635,0.73036075,0.5989672,0.1198585,0.20159006,0.2821064,0.33567098,0.4643873,0.1879968,0.54426575,0.30094802
NK10104,0.7055378,0.19514468,0.7047125,0.7057183,0.21982509,0.6651503,0.3621155,0.57653314,0.7035662,0.44221005,0.69253933,0.67106265,0.7047126,0.23333508,0.6895231,0.21545082,0.14811733,0.17205638,0.14039129,0.35483217,0.15921426,0.2567472,0.5621223,0.70770377,0.48792017,0.7649673,0.65457374,0.7724371,0.1383357,0.40930617,0.39200294,0.77336705,0.649502,0.6895224,0.64305604,0.658268,0.66056526,0.7716797,0.39061877,0.63864666,0.65314543,0.7603862,0.6520535,0.64239955,0.8728975,0.8704931,0.8718208,0.87105846,0.8718444,0.77076113,0.21232817,0.49111745,0.4911177,0.530826,0.49111745,0.726424,0.73352367,0.45723927,0.13076133,0.45723927,0.1641196,0.4572401,0.70071095,0.90380454,0.82125163,0.6408139,0.3561567,0.3155965,0.7303642,0.3203327,0.6279022,0.5458415,0.7594522,0.707748,0.71340185,0.71340203,0.7677433,0.15630555,0.6022067,0.6657401,0.34676343,0.14408752,0.57685167,0.72065336,0.5768515,1.0,0.92227936,0.72780424,0.7278042,0.70806396,0.72818786,0.7230755,0.7229878,0.7278042,0.7209945,0.70806396,0.7260887,0.7278042,0.5641415,0.37147284,0.73166156,0.7278045,0.70806384,0.72780484,0.7229632,0.5623901,0.731086,0.7278045,0.7278042,0.7208328,0.2971097,0.48224086,0.71665686,0.45388997,0.4881136,0.17760405,0.38586932,0.13607907,0.3122334,0.29190853,0.72923553
V300093475_L03_86,0.67924494,0.20122474,0.67790496,0.6777977,0.22781515,0.6346798,0.41377583,0.64739025,0.6767723,0.43722114,0.6720071,0.6524719,0.6779051,0.24703729,0.6718537,0.27958137,0.14668432,0.23842472,0.19806108,0.31672284,0.15404117,0.26280963,0.45636874,0.68869823,0.501012,0.73834217,0.6608279,0.74561,0.15735155,0.3925967,0.44944718,0.74661386,0.6560118,0.67185307,0.64531064,0.665121,0.6666462,0.7452247,0.447949,0.64567494,0.65923274,0.7332163,0.6585434,0.6495144,0.8615972,0.86090714,0.8618477,0.8616909,0.86189026,0.7382526,0.25636575,0.58705616,0.5870564,0.5484855,0.5870561,0.6861247,0.69447917,0.451257,0.16638416,0.451257,0.18243492,0.45125777,0.67321587,0.9143953,0.8621292,0.648216,0.41155887,0.32177162,0.7425401,0.28545633,0.58205974,0.54503185,0.71020985,0.68783593,0.6941716,0.6941718,0.79737425,0.16135043,0.67548156,0.717005,0.36839175,0.17141184,0.6475079,0.76368976,0.64750767,0.92227936,1.0,0.6886158,0.6886157,0.67851114,0.6874708,0.68234825,0.6850313,0.6886157,0.67919576,0.67851114,0.68696177,0.6886156,0.520393,0.3530398,0.69284207,0.6886159,0.678511,0.6886163,0.6818325,0.5148699,0.6913258,0.688616,0.6886157,0.6801915,0.2804021,0.5341885,0.7579372,0.4074753,0.45167628,0.119144976,0.36905208,0.14740306,0.28315502,0.27784538,0.6729599
19101412,0.59318745,0.2141357,0.59096986,0.5944218,0.17063767,0.58115494,0.2641219,0.29496974,0.5912333,0.3549358,0.57819766,0.56168365,0.5909701,0.18242705,0.5760196,0.19663179,0.42902732,0.1577301,0.13536021,0.6672732,0.40049645,0.29604262,0.6025758,0.6742258,0.2654994,0.5002994,0.40741363,0.50596386,0.14360932,0.20649782,0.19661057,0.50693375,0.40058598,0.57601905,0.41143814,0.41251472,0.41073567,0.5045711,0.18997395,0.3973986,0.4065885,0.49488226,0.40560013,0.39716,0.70307827,0.69819564,0.6993787,0.701275,0.70239806,0.71738005,0.16106367,0.37119943,0.37119976,0.34015226,0.3711996,0.99939525,0.99814,0.4129778,0.12242085,0.4129778,0.14331323,0.4129784,0.5866731,0.7730238,0.67312247,0.3991412,0.16671365,0.3994407,0.6710139,0.55626297,0.47182512,0.53303725,0.74175143,0.67132735,0.6742796,0.6742798,0.5995148,0.49909967,0.3827778,0.48170823,0.28426105,0.1841074,0.29475003,0.54473907,0.29474992,0.72780424,0.6886158,1.0,1.0,0.90142024,0.99899036,0.99942935,0.99770045,1.0,0.9985833,0.9014202,0.99978447,0.9999999,0.9339738,0.6275346,0.9968219,1.0,0.9014201,1.0,0.9993941,0.8359742,0.99837863,1.0,0.99999994,0.99942416,0.57516915,0.26740232,0.5383796,0.7744485,0.65934837,0.43365946,0.36237615,0.18740988,0.5376074,0.28043017,0.9713272
19102703,0.59318733,0.21413565,0.5909697,0.5944216,0.17063761,0.58115476,0.26412195,0.2949698,0.59123313,0.35493562,0.5781975,0.56168354,0.59096986,0.18242702,0.5760194,0.19663191,0.42902738,0.1577301,0.13536027,0.66727316,0.4004965,0.2960428,0.6025756,0.67422575,0.26549947,0.5002994,0.40741375,0.50596386,0.14360934,0.20649791,0.19661063,0.5069338,0.40058613,0.5760189,0.4114383,0.41251487,0.4107358,0.5045711,0.18997413,0.3973987,0.40658867,0.49488226,0.40560025,0.39716014,0.7030782,0.6981955,0.69937867,0.70127475,0.70239794,0.71738005,0.1610637,0.37119937,0.37119967,0.3401522,0.37119952,0.9993955,0.9981401,0.41297787,0.12242079,0.41297787,0.14331335,0.41297844,0.5866729,0.77302384,0.67312264,0.39914137,0.16671383,0.39944082,0.67101395,0.55626273,0.4718251,0.53303725,0.7417512,0.67132723,0.67427945,0.6742797,0.59951484,0.49909976,0.38277793,0.48170826,0.284261,0.18410736,0.2947501,0.5447391,0.29475,0.7278042,0.6886157,1.0,1.0,0.9014202,0.99899054,0.99942946,0.9977007,1.0,0.9985836,0.9014201,0.9997844,1.0,0.9339739,0.62753475,0.996822,1.0,0.9014201,1.0,0.9993942,0.8359743,0.99837863,1.0,1.0,0.99942434,0.575169,0.2674024,0.5383796,0.7744484,0.65934813,0.4336594,0.36237592,0.18741,0.53760713,0.2804301,0.97132725
IM_19110207_result,0.6211104,0.27101073,0.61937463,0.62349063,0.25903624,0.5897491,0.20562518,0.24711806,0.6193818,0.51062405,0.60592556,0.59630835,0.6193748,0.27284467,0.6057042,0.20902091,0.398636,0.22974393,0.18744716,0.64624953,0.49970457,0.21802595,0.63577557,0.6442813,0.29413807,0.4027153,0.28476524,0.41433758,0.21218544,0.23247382,0.15435135,0.41504896,0.2780914,0.60570353,0.28137884,0.29054844,0.2906913,0.4137896,0.15643328,0.27437252,0.28319865,0.39705104,0.28264266,0.27291897,0.6785196,0.6701086,0.67280614,0.679998,0.68265307,0.65068567,0.2481153,0.42077833,0.42077863,0.3558095,0.42077848,0.89963603,0.89981097,0.38483924,0.21345896,0.3848391,0.21306926,0.38483977,0.6127964,0.751744,0.6286533,0.2743162,0.18832839,0.2841243,0.5618896,0.6590116,0.45292118,0.47213128,0.76413184,0.64423025,0.647932,0.6479323,0.5242781,0.5260799,0.4093062,0.51506937,0.43428358,0.30358756,0.24635264,0.48930264,0.24635252,0.70806396,0.67851114,0.90142024,0.9014202,1.0,0.89704484,0.89692914,0.90448105,0.9014203,0.90084445,1.0,0.89835656,0.9014202,0.87253714,0.6833733,0.9084155,0.90142024,1.0,0.9014204,0.8965866,0.82872874,0.90431094,0.90142024,0.9014201,0.8975049,0.6767589,0.28080127,0.6199097,0.7967801,0.7288537,0.41182682,0.57587117,0.2930178,0.6613458,0.21110833,0.88101745
IM_20010403_result,0.59713066,0.21389687,0.5949384,0.59831595,0.17320141,0.5856506,0.26382065,0.29675323,0.5952259,0.35592225,0.5821011,0.5659354,0.5949386,0.18525639,0.5802557,0.1965751,0.43163696,0.15510523,0.13511598,0.6691076,0.39804822,0.29362074,0.60307753,0.67879426,0.2616673,0.5017749,0.40875655,0.50720996,0.14290011,0.20524353,0.19466996,0.5081672,0.40213042,0.58025515,0.41293418,0.41390598,0.41203046,0.50583476,0.18922254,0.3980836,0.40793985,0.49636292,0.40720424,0.39885575,0.70449036,0.699558,0.70063275,0.7024363,0.7038543,0.71821356,0.15881771,0.3706903,0.37069055,0.34054616,0.3706904,0.9990487,0.9980618,0.41186494,0.122736216,0.41186494,0.14286357,0.41186553,0.5907258,0.77077794,0.6704101,0.4003653,0.16381407,0.39722553,0.6709238,0.5558413,0.474539,0.53882945,0.7451995,0.6759981,0.6789923,0.67899257,0.59906065,0.49724084,0.38154376,0.4784705,0.28140408,0.18244123,0.29655448,0.5434317,0.29655445,0.72818786,0.6874708,0.99899036,0.99899054,0.89704484,1.0,0.99925256,0.99733377,0.9989904,0.9981706,0.8970447,0.9990216,0.99899036,0.93418056,0.62410307,0.9967903,0.9989904,0.89704466,0.99899054,0.9992091,0.83533597,0.99812394,0.99899036,0.9989904,0.99919504,0.5754567,0.2671687,0.53577614,0.7739501,0.6578946,0.43870834,0.3604829,0.18605351,0.53798616,0.28155708,0.9686533
20010715,0.5905052,0.2171576,0.5882683,0.5917277,0.17531317,0.58009684,0.26719126,0.29306638,0.5885626,0.3536433,0.5753958,0.55916643,0.58826846,0.18680212,0.5731911,0.19857597,0.435798,0.15808928,0.13844663,0.6706493,0.40354097,0.29844522,0.60258514,0.6714548,0.2638125,0.4982767,0.40604973,0.50372845,0.14780474,0.20779407,0.19670725,0.5047083,0.399319,0.5731906,0.41054624,0.41101414,0.40915918,0.5021911,0.19049156,0.39604893,0.40529323,0.49294633,0.404176,0.3959497,0.6989237,0.69399005,0.69518703,0.6970188,0.6981477,0.7151941,0.16143641,0.36724013,0.36724037,0.3380776,0.3672402,0.999707,0.99828255,0.41220072,0.12629148,0.41220072,0.14630145,0.4122013,0.58415097,0.7674856,0.6676668,0.39785346,0.1668039,0.40217596,0.6707686,0.5586524,0.47134635,0.5321005,0.7384347,0.6685071,0.6713824,0.67138267,0.5956728,0.5028431,0.37933868,0.4752898,0.28319976,0.18694723,0.2928661,0.540591,0.29286605,0.7230755,0.68234825,0.99942935,0.99942946,0.89692914,0.99925256,1.0,0.9980422,0.9994294,0.9989379,0.8969291,0.99957484,0.99942935,0.93547505,0.62983054,0.99697804,0.99942935,0.8969291,0.99942935,0.999927,0.8386256,0.99829876,0.99942935,0.99942935,0.9999413,0.57739806,0.268325,0.53178793,0.7751458,0.65857214,0.44170928,0.361759,0.19127977,0.54057693,0.28568298,0.9710663
19120508,0.5854777,0.21870017,0.58313197,0.5865145,0.17468834,0.57260996,0.2634314,0.2928456,0.58341336,0.36082807,0.5706901,0.55471337,0.5831321,0.18620503,0.56939363,0.1954959,0.42822456,0.15889955,0.13670403,0.6624507,0.4095682,0.2909888,0.60246885,0.66267586,0.26935643,0.49580002,0.40050495,0.5011932,0.1508399,0.21183535,0.19419953,0.5021753,0.39380747,0.5693931,0.40496027,0.405685,0.4036613,0.4997256,0.18838757,0.3903278,0.3996118,0.4902633,0.39918324,0.39065796,0.6994757,0.69439304,0.69573534,0.69824255,0.69954693,0.71203876,0.16615117,0.37112355,0.37112385,0.33457282,0.3711237,0.9979781,0.99740225,0.40787408,0.1283443,0.4078741,0.148067,0.40787467,0.5785675,0.77046704,0.6697562,0.39250812,0.16891795,0.39460185,0.6666636,0.5618396,0.47108793,0.52245516,0.73488104,0.6596672,0.66290534,0.6629056,0.59413195,0.5023177,0.3873515,0.48038232,0.2917415,0.19434124,0.29253685,0.5409608,0.29253682,0.7229878,0.6850313,0.99770045,0.9977007,0.90448105,0.99733377,0.9980422,1.0,0.99770063,0.9982345,0.90448093,0.99778897,0.9977005,0.9346715,0.641967,0.99589556,0.9977007,0.90448093,0.99770063,0.9978892,0.8470709,0.9974321,0.9977005,0.9977006,0.99813354,0.5846328,0.2669031,0.53972495,0.7778768,0.66387933,0.43600163,0.37565064,0.19588107,0.54627395,0.27475718,0.9708553
IM_20030103_result,0.5931873,0.21413565,0.5909697,0.5944216,0.1706377,0.58115476,0.26412207,0.29496974,0.59123313,0.35493562,0.5781974,0.5616835,0.59096986,0.18242711,0.57601935,0.19663185,0.4290274,0.15773004,0.13536027,0.6672733,0.40049654,0.29604277,0.6025758,0.67422575,0.2654994,0.5002994,0.40741363,0.5059638,0.14360934,0.20649785,0.19661051,0.50693375,0.400586,0.57601887,0.41143817,0.41251472,0.41073564,0.504571,0.18997398,0.39739856,0.40658855,0.49488223,0.4056001,0.39716002,0.70307827,0.6981956,0.6993786,0.7012749,0.70239806,0.7173801,0.16106376,0.3711995,0.37119973,0.34015232,0.3711996,0.9993954,0.9981401,0.41297793,0.12242085,0.41297793,0.14331335,0.41297853,0.5866729,0.7730237,0.6731224,0.39914125,0.16671371,0.39944088,0.6710139,0.5562629,0.47182518,0.5330372,0.7417512,0.67132723,0.67427945,0.6742797,0.5995147,0.49909976,0.3827778,0.48170817,0.28426105,0.1841074,0.29475,0.54473907,0.29474992,0.7278042,0.6886157,1.0,1.0,0.9014203,0.9989904,0.9994294,0.99770063,1.0,0.99858356,0.9014202,0.99978435,1.0,0.9339738,0.6275346,0.996822,1.0,0.90142024,1.0,0.9993942,0.8359742,0.99837863,1.0,1.0,0.9994242,0.57516915,0.26740238,0.53837955,0.7744485,0.65934837,0.4336595,0.36237603,0.18741003,0.5376073,0.2804302,0.9713272
20040104_1,0.58908206,0.2214837,0.58671516,0.5902201,0.17999637,0.57815397,0.26431942,0.28853914,0.5871319,0.3598407,0.57422096,0.5581242,0.58671534,0.1904577,0.5717368,0.19852486,0.436512,0.15971178,0.140183,0.67151564,0.40939212,0.29759723,0.60509574,0.66560304,0.26214728,0.49210262,0.39891738,0.49750575,0.15116158,0.20905128,0.19351202,0.4984711,0.39225003,0.5717363,0.4037465,0.4037575,0.40203303,0.49587554,0.18702298,0.38927865,0.39822176,0.4867128,0.39745212,0.38927978,0.69552463,0.69049436,0.69174516,0.6937712,0.69479597,0.7113557,0.16572511,0.36748815,0.36748844,0.3327034,0.3674883,0.99864596,0.99783736,0.40633798,0.12976143,0.40633798,0.14749253,0.40633854,0.5826528,0.7658782,0.6656468,0.39070883,0.16425967,0.40022728,0.66783726,0.5645485,0.4697214,0.52757716,0.73601365,0.6628197,0.6657453,0.6657455,0.5894687,0.5049212,0.37898046,0.4728875,0.28940058,0.19302869,0.2883203,0.5340133,0.28832018,0.7209945,0.67919576,0.9985833,0.9985836,0.90084445,0.9981706,0.9989379,0.9982345,0.99858356,1.0,0.90084434,0.99857396,0.99858344,0.9361195,0.6408803,0.99648535,0.99858344,0.9008443,0.9985835,0.99886423,0.8438875,0.99790883,0.9985833,0.99858356,0.99901664,0.58401537,0.27030963,0.5375358,0.7789632,0.66423047,0.44441962,0.37166893,0.19826424,0.5471823,0.28497222,0.97081614
IM_20050511_result,0.62111056,0.27101082,0.6193748,0.6234908,0.2590364,0.5897492,0.20562494,0.24711797,0.61938196,0.5106243,0.6059258,0.5963086,0.619375,0.2728449,0.6057043,0.20902073,0.3986361,0.22974396,0.18744719,0.64624965,0.49970472,0.21802592,0.63577586,0.6442814,0.2941379,0.4027151,0.28476506,0.4143374,0.2121855,0.2324737,0.15435109,0.41504878,0.2780912,0.6057038,0.2813787,0.2905482,0.29069105,0.4137894,0.15643314,0.27437228,0.28319854,0.3970508,0.2826425,0.27291876,0.6785196,0.67010856,0.67280614,0.679998,0.682653,0.6506857,0.24811539,0.42077833,0.42077863,0.3558095,0.42077848,0.899636,0.89981097,0.38483927,0.21345896,0.38483912,0.21306923,0.3848397,0.6127966,0.751744,0.62865335,0.27431607,0.1883282,0.28412414,0.56188935,0.6590117,0.45292115,0.47213134,0.76413196,0.6442303,0.64793205,0.64793235,0.5242779,0.5260799,0.40930617,0.51506925,0.4342838,0.3035877,0.24635255,0.48930246,0.24635243,0.70806396,0.67851114,0.9014202,0.9014201,1.0,0.8970447,0.8969291,0.90448093,0.9014202,0.90084434,1.0,0.89835644,0.9014201,0.8725372,0.6833734,0.90841544,0.9014201,1.0,0.9014204,0.89658654,0.82872885,0.9043109,0.90142024,0.90142006,0.8975048,0.6767592,0.28080124,0.61990976,0.7967801,0.7288537,0.411827,0.5758714,0.29301792,0.66134596,0.21110815,0.8810174
V350011903_L01_115,0.5885768,0.2154698,0.58635336,0.58975476,0.17074215,0.57722193,0.2671049,0.29683805,0.5866041,0.3521013,0.5737307,0.55728567,0.58635354,0.1826655,0.5717368,0.19878161,0.43028578,0.15890184,0.13732445,0.66520387,0.40011972,0.2988148,0.6001011,0.67076784,0.2684465,0.5023344,0.41034234,0.5077879,0.14626801,0.20916215,0.20041269,0.50873756,0.403569,0.57173634,0.41466203,0.41539937,0.41352034,0.50638,0.1938492,0.40058547,0.40951833,0.49697176,0.40863568,0.40024322,0.7011371,0.6962683,0.6974471,0.69941396,0.7005905,0.7161639,0.16254222,0.37059718,0.37059742,0.34002766,0.3705973,0.99945456,0.9981743,0.4133082,0.12396437,0.4133082,0.14536503,0.41330877,0.5820981,0.77283716,0.6741728,0.40214646,0.16911158,0.40228754,0.67154944,0.5526662,0.4704643,0.53134316,0.7372589,0.6677267,0.6705953,0.6705954,0.5992864,0.49938896,0.38336772,0.4799595,0.2828016,0.18508804,0.29660222,0.54475665,0.29660207,0.7260887,0.68696177,0.99978447,0.9997844,0.89835656,0.9990216,0.99957484,0.99778897,0.99978435,0.99857396,0.89835644,1.0,0.99978447,0.93308187,0.62820935,0.99674505,0.9997845,0.8983565,0.9997845,0.99950844,0.8365072,0.99838257,0.99978447,0.99978447,0.9995868,0.57296616,0.26986647,0.5357271,0.77179146,0.6551222,0.4346999,0.35943136,0.18828055,0.53430283,0.28099543,0.9722966
20052815,0.5931872,0.21413574,0.5909696,0.5944215,0.17063767,0.58115464,0.26412207,0.29496986,0.591233,0.35493565,0.57819736,0.5616834,0.5909698,0.18242705,0.57601935,0.19663197,0.42902738,0.15773013,0.13536042,0.6672732,0.40049654,0.29604277,0.60257566,0.67422557,0.26549947,0.5002994,0.40741363,0.5059638,0.14360943,0.20649785,0.19661057,0.50693375,0.400586,0.5760188,0.41143817,0.4125147,0.41073567,0.504571,0.18997407,0.3973986,0.40658855,0.49488223,0.40560013,0.39716,0.70307815,0.6981955,0.6993786,0.7012748,0.70239794,0.71738,0.16106391,0.37119943,0.3711997,0.34015232,0.37119955,0.99939543,0.99814,0.41297787,0.122421026,0.4129779,0.14331341,0.4129785,0.58667284,0.7730237,0.6731225,0.39914125,0.16671383,0.39944082,0.67101395,0.5562629,0.47182506,0.5330371,0.7417511,0.6713271,0.6742794,0.6742796,0.5995147,0.49909973,0.38277796,0.48170817,0.28426105,0.18410748,0.29475015,0.54473907,0.29475006,0.7278042,0.6886156,0.9999999,1.0,0.9014202,0.99899036,0.99942935,0.9977005,1.0,0.99858344,0.9014201,0.99978447,1.0,0.93397385,0.62753475,0.9968218,1.0,0.9014201,1.0,0.9993941,0.83597434,0.9983787,0.99999994,0.99999994,0.9994242,0.5751691,0.2674024,0.5383796,0.7744485,0.6593483,0.43365952,0.36237603,0.18741006,0.53760725,0.28043023,0.9713272
V350011900_L03_100,0.5716584,0.30991715,0.56797403,0.5737087,0.27003327,0.5707716,0.21370828,0.17231846,0.5702983,0.42257705,0.55582666,0.54673845,0.56797415,0.2733548,0.5519582,0.20510474,0.5779346,0.21950704,0.21188766,0.8133684,0.5662323,0.30657464,0.6911937,0.6513617,0.20043322,0.35620204,0.2685447,0.36104336,0.23230642,0.19005275,0.12810498,0.3620752,0.26241583,0.5519579,0.2772852,0.27157032,0.2701031,0.35964113,0.122259915,0.26112244,0.26785302,0.35142422,0.2661771,0.26002622,0.5954491,0.5894923,0.5905316,0.59395254,0.59399194,0.66566163,0.20391619,0.3421326,0.34213278,0.28149328,0.34213278,0.93567884,0.93286324,0.41259784,0.22723192,0.41259775,0.23235536,0.41259822,0.5660771,0.5936908,0.48230994,0.26158726,0.16369522,0.4150921,0.5379987,0.7566043,0.4418132,0.5480047,0.73813415,0.65016294,0.6523714,0.6523716,0.49010447,0.6589128,0.32140177,0.42707402,0.3795877,0.31146327,0.17244196,0.44329455,0.1724419,0.5641415,0.520393,0.9339738,0.9339739,0.87253714,0.93418056,0.93547505,0.9346715,0.9339738,0.9361195,0.8725372,0.93308187,0.93397385,1.0,0.68220377,0.9353029,0.9339737,0.8725371,0.93397367,0.936111,0.8491197,0.9319271,0.9339738,0.9339738,0.9362473,0.76916254,0.20401478,0.45549986,0.92371136,0.78862023,0.61860836,0.4789181,0.3143884,0.73685837,0.34169954,0.8992404
V300073501_L04_85,0.40853956,0.65960187,0.40865865,0.41107333,0.61158144,0.41082537,0.38009703,0.31378183,0.4106407,0.6513878,0.41271013,0.4316827,0.4086587,0.6160245,0.43102938,0.5148044,0.6699966,0.5280357,0.55494237,0.61516106,0.8181082,0.39908218,0.55414104,0.37681046,0.37983286,0.19752988,0.19739318,0.2027705,0.6376205,0.46078926,0.33543205,0.20222801,0.19882882,0.43102974,0.20331383,0.19788474,0.1963597,0.20375723,0.3409644,0.20447037,0.19738102,0.19763076,0.20334774,0.20287538,0.2978892,0.29032084,0.29386204,0.30481344,0.3094791,0.3000982,0.5771451,0.37876186,0.37876168,0.24050057,0.37876192,0.6282503,0.6211714,0.24234962,0.6113483,0.24234945,0.515536,0.2423492,0.4060762,0.4683577,0.44412702,0.20423245,0.38250664,0.35931218,0.36984414,0.7114792,0.32109824,0.4195847,0.44290406,0.37626842,0.3767596,0.3767596,0.22664875,0.75093627,0.3874883,0.34476453,0.66523725,0.7169194,0.3119381,0.2341389,0.3119381,0.37147284,0.3530398,0.6275346,0.62753475,0.6833733,0.62410307,0.62983054,0.641967,0.6275346,0.6408803,0.6833734,0.62820935,0.62753475,0.68220377,1.0,0.63492835,0.6275345,0.6833735,0.6275342,0.62833595,0.849578,0.6345633,0.6275344,0.6275346,0.63245195,0.8050965,0.5007839,0.59727037,0.6948663,0.5879621,0.7033304,0.76788664,0.70835704,0.73727787,0.34310266,0.6356095
V350037201_L03_14,0.60215026,0.21435177,0.59994966,0.6036125,0.1751852,0.58737564,0.24913496,0.28788412,0.6003553,0.37111127,0.5867817,0.5712778,0.59994984,0.18981081,0.58524233,0.1868568,0.42606518,0.14977804,0.1301037,0.6681801,0.40635324,0.27636218,0.61589706,0.6804497,0.2602955,0.4941166,0.3969651,0.5010587,0.1422965,0.20491868,0.18261304,0.5019751,0.39002904,0.5852418,0.39927194,0.40205973,0.4001241,0.49967936,0.17708495,0.38499624,0.39609903,0.488748,0.39512458,0.38646507,0.7065213,0.70092595,0.70245767,0.705154,0.7065385,0.71801645,0.15864056,0.37339562,0.3733959,0.33911192,0.3733958,0.99711233,0.9969244,0.406989,0.12341589,0.40698898,0.14254299,0.4069895,0.5954627,0.7780747,0.67326766,0.38764885,0.15769863,0.3783529,0.6641156,0.5693775,0.4730169,0.5365509,0.7542901,0.67770857,0.68148637,0.6814866,0.5918686,0.4991909,0.38189882,0.478715,0.29629272,0.18932939,0.2875526,0.5344638,0.28755248,0.73166156,0.69284207,0.9968219,0.996822,0.9084155,0.9967903,0.99697804,0.99589556,0.996822,0.99648535,0.90841544,0.99674505,0.9968218,0.9353029,0.63492835,1.0,0.996822,0.90841544,0.99682206,0.9968485,0.8465928,0.99778897,0.99682194,0.9968219,0.99709797,0.59029335,0.26962015,0.5458331,0.77957803,0.66403186,0.43786916,0.38568938,0.19317207,0.5525892,0.26886907,0.9695749
NK10183,0.5931873,0.21413547,0.59096956,0.5944215,0.17063743,0.5811547,0.26412222,0.29496992,0.591233,0.3549354,0.57819736,0.5616834,0.5909698,0.18242684,0.5760193,0.19663167,0.429027,0.15772998,0.13536015,0.6672729,0.4004962,0.2960427,0.6025756,0.6742256,0.2654998,0.50029975,0.40741393,0.5059642,0.14360923,0.20649806,0.19661069,0.5069341,0.4005863,0.5760188,0.41143847,0.41251504,0.410736,0.50457144,0.18997422,0.3973989,0.40658885,0.4948826,0.40560043,0.3971603,0.7030785,0.69819593,0.69937897,0.70127517,0.7023983,0.7173803,0.16106358,0.37119937,0.37119967,0.34015238,0.37119952,0.9993955,0.9981401,0.41297796,0.1224207,0.41297802,0.1433132,0.41297856,0.5866728,0.77302396,0.67312264,0.39914155,0.1667139,0.3994409,0.6710142,0.5562626,0.47182536,0.53303707,0.7417512,0.67132723,0.6742794,0.67427963,0.5995151,0.4990995,0.382778,0.48170844,0.28426087,0.18410712,0.29475024,0.5447395,0.29475012,0.7278045,0.6886159,1.0,1.0,0.90142024,0.9989904,0.99942935,0.9977007,1.0,0.99858344,0.9014201,0.9997845,1.0,0.9339737,0.6275345,0.996822,1.0,0.90142024,1.0,0.9993942,0.8359742,0.9983787,1.0,1.0,0.9994242,0.5751688,0.26740238,0.53837967,0.7744483,0.65934825,0.43365914,0.3623758,0.1874097,0.537607,0.28043023,0.9713273
NK10262,0.6211102,0.27101094,0.6193745,0.62349045,0.2590363,0.5897489,0.20562512,0.24711812,0.6193816,0.5106241,0.60592544,0.59630823,0.61937463,0.27284482,0.605704,0.209021,0.3986361,0.22974408,0.18744731,0.6462494,0.49970472,0.21802613,0.63577557,0.64428115,0.29413816,0.4027152,0.2847652,0.4143375,0.21218568,0.23247397,0.15435138,0.41504887,0.2780914,0.6057034,0.28137884,0.29054838,0.29069123,0.41378945,0.1564335,0.27437246,0.28319868,0.39705098,0.28264266,0.27291897,0.67851937,0.67010844,0.6728059,0.6799978,0.68265283,0.65068555,0.24811551,0.42077833,0.42077857,0.3558095,0.42077845,0.89963603,0.8998108,0.38483927,0.21345916,0.3848391,0.21306944,0.38483977,0.61279625,0.7517439,0.6286533,0.27431622,0.18832856,0.28412434,0.5618894,0.6590115,0.4529211,0.4721312,0.76413167,0.64423,0.6479318,0.64793205,0.524278,0.52607995,0.40930632,0.51506925,0.43428373,0.30358773,0.24635273,0.48930258,0.24635264,0.70806384,0.678511,0.9014201,0.9014201,1.0,0.89704466,0.8969291,0.90448093,0.90142024,0.9008443,1.0,0.8983565,0.9014201,0.8725371,0.6833735,0.90841544,0.90142024,1.0,0.90142035,0.89658654,0.82872885,0.90431094,0.9014201,0.9014201,0.8975047,0.676759,0.28080145,0.6199098,0.79678005,0.7288535,0.41182688,0.5758712,0.29301792,0.66134566,0.21110821,0.8810173
NK10095,0.59318763,0.21413511,0.5909699,0.59442186,0.17063707,0.58115494,0.26412177,0.29496998,0.59123343,0.35493553,0.5781978,0.5616838,0.59097016,0.18242657,0.57601964,0.19663131,0.42902657,0.15772974,0.1353597,0.6672728,0.40049595,0.29604244,0.6025757,0.674226,0.2654997,0.5003,0.40741408,0.5059644,0.14360875,0.20649785,0.19661057,0.50693434,0.40058643,0.57601917,0.41143855,0.41251516,0.41073608,0.5045717,0.18997404,0.39739898,0.40658894,0.49488282,0.40560055,0.3971604,0.70307887,0.6981963,0.6993793,0.7012755,0.70239866,0.71738064,0.16106346,0.3711996,0.37119988,0.3401525,0.37119973,0.9993954,0.9981401,0.4129781,0.12242031,0.4129781,0.14331293,0.4129787,0.58667314,0.7730243,0.6731229,0.39914167,0.16671377,0.39944056,0.6710141,0.5562626,0.47182554,0.53303725,0.74175155,0.6713276,0.67427975,0.67428005,0.59951544,0.49909925,0.38277823,0.48170888,0.28426084,0.18410689,0.29475027,0.5447398,0.29475012,0.72780484,0.6886163,1.0,1.0,0.9014204,0.99899054,0.99942935,0.99770063,1.0,0.9985835,0.9014204,0.9997845,1.0,0.93397367,0.6275342,0.99682206,1.0,0.90142035,1.0,0.9993942,0.8359741,0.99837863,1.0,1.0,0.99942404,0.57516885,0.2674022,0.5383799,0.7744484,0.65934837,0.43365872,0.36237592,0.1874094,0.537607,0.28042987,0.9713273
V350037201_L02_126,0.5921775,0.21651173,0.5899499,0.59341645,0.17575848,0.5820174,0.266994,0.29235917,0.5902406,0.3535105,0.57695645,0.56060535,0.58995,0.18701726,0.57433885,0.19783592,0.43692517,0.15785354,0.13803506,0.67331195,0.40354267,0.29880717,0.6038512,0.6735205,0.262165,0.49797872,0.4056884,0.50332767,0.14657211,0.20679924,0.19537455,0.50432813,0.3989188,0.5743384,0.41019386,0.41061506,0.4087807,0.501752,0.18917626,0.39557448,0.40495872,0.4926665,0.40368992,0.3954673,0.69959843,0.69467384,0.69582677,0.6975012,0.6985762,0.71662104,0.16041705,0.36691892,0.36691922,0.33814025,0.36691907,0.999676,0.99822634,0.41303796,0.12541673,0.41303796,0.14570999,0.4130385,0.5858648,0.766145,0.6661512,0.39741984,0.16590658,0.4028929,0.6706929,0.5594142,0.47231543,0.5338745,0.74012023,0.6705575,0.67341435,0.6734146,0.5960054,0.50339353,0.37786216,0.47538975,0.28292143,0.1855571,0.29218346,0.54060274,0.29218334,0.7229632,0.6818325,0.9993941,0.9993942,0.8965866,0.9992091,0.999927,0.9978892,0.9993942,0.99886423,0.89658654,0.99950844,0.9993941,0.936111,0.62833595,0.9968485,0.9993942,0.89658654,0.9993942,1.0,0.8373318,0.9981096,0.9993942,0.9993942,0.9999059,0.5777844,0.26755336,0.5310743,0.7763813,0.6597825,0.44206595,0.36135304,0.19077826,0.5412095,0.28705677,0.9706539
V350037201_L02_63,0.47208962,0.44495052,0.47074145,0.4755406,0.3647491,0.45926133,0.26798868,0.2689262,0.47252285,0.5257497,0.46357518,0.46842915,0.4707416,0.38075793,0.48080564,0.2805366,0.5388462,0.2794637,0.29419988,0.6292518,0.6474736,0.2769426,0.66338396,0.50200844,0.31364214,0.3431328,0.26129344,0.35350558,0.40265584,0.36128128,0.20895308,0.35356927,0.25903532,0.48080546,0.26504236,0.26495665,0.2617585,0.35355672,0.21511418,0.25493333,0.26032078,0.33997563,0.26441962,0.2591467,0.4907851,0.48242134,0.4863936,0.49521506,0.49817863,0.5061218,0.37165934,0.3678508,0.36785084,0.31183353,0.36785087,0.8386149,0.8367261,0.35306913,0.36762765,0.353069,0.35374328,0.3530692,0.46589798,0.6255085,0.52852833,0.26093292,0.26106542,0.3084332,0.4478537,0.6923197,0.38641343,0.4379705,0.61589867,0.49976498,0.5051198,0.50512,0.39154732,0.6211932,0.38578814,0.40177277,0.4913014,0.4793652,0.26725644,0.36127278,0.2672564,0.5623901,0.5148699,0.8359742,0.8359743,0.82872874,0.83533597,0.8386256,0.8470709,0.8359742,0.8438875,0.82872885,0.8365072,0.83597434,0.8491197,0.849578,0.8465928,0.8359742,0.82872885,0.8359741,0.8373318,1.0,0.84553325,0.83597404,0.8359742,0.84022534,0.7600806,0.3552475,0.5718832,0.7845141,0.6701455,0.61200225,0.62569964,0.45736527,0.7010735,0.25611085,0.8284489
NK04252,0.5911869,0.2144363,0.58906627,0.5924159,0.16961378,0.57733417,0.25536263,0.2955049,0.5892848,0.36067116,0.57615197,0.56039363,0.5890665,0.18397069,0.5757,0.19215503,0.42461014,0.1530563,0.13126582,0.661981,0.40358838,0.29034054,0.60815495,0.67183745,0.2660319,0.499006,0.4034968,0.50551987,0.14654446,0.2084868,0.19240767,0.5064514,0.39682204,0.5756995,0.4068483,0.4089143,0.40668863,0.5043573,0.18704674,0.39218402,0.40257478,0.49344683,0.40249258,0.3937986,0.7022242,0.6967904,0.6982082,0.7007851,0.7024317,0.7156665,0.1660476,0.37369883,0.37369916,0.34132242,0.37369898,0.9981728,0.9981239,0.41193277,0.123072684,0.41193277,0.14611074,0.41193336,0.5842153,0.7789705,0.67688286,0.3952753,0.16656157,0.38759074,0.66524714,0.55801725,0.47257358,0.5308233,0.7432945,0.66879773,0.67234063,0.67234087,0.59832716,0.49782658,0.38992408,0.48237082,0.2909857,0.18904847,0.29511034,0.5421907,0.29511017,0.731086,0.6913258,0.99837863,0.99837863,0.90431094,0.99812394,0.99829876,0.9974321,0.99837863,0.99790883,0.9043109,0.99838257,0.9983787,0.9319271,0.6345633,0.99778897,0.9983787,0.90431094,0.99837863,0.9981096,0.84553325,1.0,0.99837863,0.9983787,0.99837184,0.5798045,0.27228725,0.54572904,0.7741158,0.66074884,0.433726,0.37451306,0.19121203,0.54149705,0.2725023,0.97236705
NK06250,0.59318745,0.21413532,0.5909698,0.59442174,0.17063737,0.5811548,0.264122,0.29496998,0.59123325,0.3549356,0.5781976,0.5616836,0.59097,0.18242681,0.5760196,0.19663167,0.42902696,0.15772986,0.13535994,0.66727304,0.4004963,0.2960426,0.6025757,0.6742259,0.26549947,0.50029963,0.40741387,0.5059641,0.14360902,0.20649782,0.1966106,0.50693405,0.4005862,0.57601905,0.41143838,0.41251495,0.41073588,0.5045713,0.18997407,0.39739877,0.40658873,0.49488252,0.40560034,0.3971602,0.7030785,0.69819593,0.699379,0.7012752,0.70239836,0.7173804,0.16106355,0.37119946,0.37119973,0.34015244,0.3711996,0.9993954,0.9981399,0.41297805,0.12242064,0.41297808,0.1433132,0.41297865,0.586673,0.7730241,0.67312264,0.39914143,0.16671383,0.39944074,0.6710141,0.55626273,0.47182533,0.53303725,0.7417514,0.6713275,0.6742797,0.6742799,0.59951514,0.49909946,0.3827781,0.48170856,0.28426093,0.18410715,0.29475027,0.5447395,0.29475015,0.7278045,0.688616,1.0,1.0,0.90142024,0.99899036,0.99942935,0.9977005,1.0,0.9985833,0.90142024,0.99978447,0.99999994,0.9339738,0.6275344,0.99682194,1.0,0.9014201,1.0,0.9993942,0.83597404,0.99837863,1.0,1.0,0.9994241,0.57516885,0.26740235,0.5383798,0.7744483,0.6593483,0.43365908,0.36237592,0.1874097,0.53760713,0.28043023,0.9713272
NK06310,0.59318733,0.2141357,0.5909697,0.5944216,0.1706377,0.5811548,0.2641222,0.29496974,0.59123313,0.35493562,0.5781975,0.56168354,0.59096986,0.18242711,0.5760194,0.19663191,0.42902732,0.1577301,0.1353603,0.6672732,0.40049648,0.29604283,0.60257566,0.67422575,0.2654994,0.50029945,0.40741372,0.50596386,0.14360934,0.20649785,0.19661063,0.5069338,0.40058604,0.57601887,0.41143823,0.41251478,0.4107357,0.5045711,0.18997407,0.39739865,0.40658858,0.4948823,0.4056002,0.39716005,0.70307827,0.69819564,0.6993787,0.70127493,0.7023981,0.71738017,0.16106373,0.37119934,0.3711996,0.34015217,0.3711995,0.9993954,0.99814004,0.41297784,0.12242085,0.41297784,0.14331335,0.41297847,0.5866729,0.7730238,0.67312247,0.39914128,0.1667139,0.39944094,0.6710141,0.5562628,0.47182524,0.53303725,0.7417512,0.67132723,0.6742795,0.67427975,0.59951484,0.49909973,0.38277787,0.4817082,0.28426102,0.1841073,0.29475006,0.5447392,0.29474998,0.7278042,0.6886157,0.99999994,1.0,0.9014201,0.9989904,0.99942935,0.9977006,1.0,0.99858356,0.90142006,0.99978447,0.99999994,0.9339738,0.6275346,0.9968219,1.0,0.9014201,1.0,0.9993942,0.8359742,0.9983787,1.0,1.0,0.9994242,0.57516897,0.2674024,0.53837955,0.7744485,0.65934825,0.43365943,0.36237592,0.18740994,0.5376072,0.28043035,0.9713272
7-20,0.58989894,0.21921498,0.5876867,0.5911283,0.17687291,0.57945544,0.26646978,0.2914523,0.5879742,0.35497457,0.5748764,0.5587841,0.5876869,0.18857759,0.5727118,0.19900566,0.43778628,0.159132,0.13964674,0.6720187,0.40612063,0.29874235,0.6041569,0.67069256,0.2632721,0.4957185,0.4038211,0.5012475,0.14957616,0.20779252,0.19615507,0.5022237,0.39711642,0.5727113,0.4084092,0.40881455,0.40688768,0.49970686,0.18992487,0.39387602,0.4030518,0.4904075,0.4020322,0.39381132,0.69631267,0.6913736,0.69256926,0.69446194,0.695613,0.71334755,0.16295159,0.3666724,0.3666727,0.3364916,0.36667252,0.9996417,0.99818146,0.41118222,0.12770003,0.41118225,0.14762133,0.4111828,0.58352864,0.7661018,0.6664027,0.39564285,0.16622749,0.40233803,0.66898036,0.56025106,0.47007233,0.5321691,0.73796284,0.66773534,0.67058575,0.670586,0.59311366,0.5050499,0.37779206,0.47342214,0.28447548,0.18898779,0.291233,0.5379132,0.29123288,0.7208328,0.6801915,0.99942416,0.99942434,0.8975049,0.99919504,0.9999413,0.99813354,0.9994242,0.99901664,0.8975048,0.9995868,0.9994242,0.9362473,0.63245195,0.99709797,0.9994242,0.8975047,0.99942404,0.9999059,0.84022534,0.99837184,0.9994241,0.9994242,1.0,0.5795798,0.2687073,0.5312472,0.7765127,0.6590991,0.44401452,0.3641312,0.19364336,0.5422811,0.28544956,0.9713372
V350037201_L02_65,0.50335175,0.6303545,0.50170606,0.50742656,0.618016,0.507646,0.2694364,0.18221074,0.50511426,0.7003887,0.4998982,0.5175249,0.50170594,0.6158115,0.506622,0.4211437,0.7524725,0.5161556,0.5311209,0.7948611,0.8577387,0.35270828,0.7110747,0.48595613,0.27191025,0.13330585,0.095357716,0.14014745,0.572515,0.36807477,0.19461593,0.14024818,0.09528229,0.5066223,0.100761235,0.094851464,0.0939244,0.14133862,0.20483637,0.09343234,0.09539023,0.13235831,0.09654519,0.09547782,0.3367539,0.3277033,0.33102915,0.3418189,0.34349728,0.39455378,0.5209102,0.4216226,0.4216225,0.3147062,0.42162278,0.57849026,0.5732532,0.3848406,0.5971434,0.3848404,0.5475826,0.38484025,0.5010679,0.32387078,0.2504604,0.09714937,0.32844374,0.35435814,0.23988694,0.9351721,0.37287512,0.50084955,0.5852625,0.48874658,0.49041322,0.49041328,0.23439431,0.8074335,0.33610365,0.36457974,0.6991178,0.70290864,0.18147624,0.23257756,0.18147635,0.2971097,0.2804021,0.57516915,0.575169,0.6767589,0.5754567,0.57739806,0.5846328,0.57516915,0.58401537,0.6767592,0.57296616,0.5751691,0.76916254,0.8050965,0.59029335,0.5751688,0.676759,0.57516885,0.5777844,0.7600806,0.5798045,0.57516885,0.57516897,0.5795798,1.0,0.33483133,0.48004237,0.87718856,0.79793847,0.8086091,0.81708705,0.6987387,0.9431035,0.4087815,0.55460155
NK04150,0.40467417,0.69635236,0.40890098,0.4035938,0.75028634,0.40202355,0.6684252,0.73141146,0.4068366,0.5893755,0.4192908,0.42973918,0.40890092,0.76157904,0.43018246,0.7134613,0.44042945,0.70075715,0.716974,0.28717864,0.5079348,0.5404082,0.28051054,0.3387145,0.6996089,0.5097396,0.5720756,0.5097121,0.73708934,0.67700034,0.7859807,0.5090588,0.57753086,0.4301828,0.5658989,0.5709712,0.5707301,0.5090985,0.79573333,0.5799804,0.57266444,0.5132534,0.57940686,0.5846037,0.35838446,0.36036265,0.36046135,0.3592916,0.36332226,0.32008243,0.6982318,0.480333,0.48033282,0.4744473,0.48033282,0.2670389,0.26689422,0.3845183,0.7311461,0.38451844,0.68683195,0.3845179,0.40822786,0.4808705,0.5543606,0.582517,0.790048,0.46211216,0.45659053,0.30920896,0.48091835,0.4291118,0.29159072,0.33888865,0.33754876,0.33754855,0.45439744,0.4025389,0.5996309,0.49351504,0.63644755,0.7002522,0.73036075,0.47503266,0.73036075,0.48224086,0.5341885,0.26740232,0.2674024,0.28080127,0.2671687,0.268325,0.2669031,0.26740238,0.27030963,0.28080124,0.26986647,0.2674024,0.20401478,0.5007839,0.26962015,0.26740238,0.28080145,0.2674022,0.26755336,0.3552475,0.27228725,0.26740235,0.2674024,0.2687073,0.33483133,1.0,0.67713624,0.22182271,0.31464356,0.41008055,0.5640209,0.7097308,0.33182603,0.55972326,0.284105
NK04047,0.58167136,0.44423404,0.5813774,0.5825219,0.4501352,0.54825175,0.4410707,0.5999265,0.58222073,0.6425166,0.5825202,0.5830154,0.58137745,0.4616187,0.59624994,0.42096934,0.28618073,0.44477123,0.40407956,0.3569492,0.50376797,0.29474232,0.42190358,0.5399635,0.46365106,0.47782046,0.42216703,0.48391062,0.40594196,0.47745693,0.42721474,0.48421395,0.42192453,0.5962496,0.40982968,0.42457196,0.42715052,0.4867376,0.42699182,0.4151994,0.42144203,0.47542748,0.4248236,0.41941583,0.59166944,0.58884794,0.59032303,0.5933406,0.5968436,0.5001956,0.48136374,0.5415541,0.5415541,0.44137442,0.5415541,0.5342511,0.54081786,0.35400808,0.42059726,0.35400796,0.36544326,0.35400838,0.5775127,0.7171052,0.66997826,0.4194217,0.5014866,0.24671802,0.5428741,0.4502941,0.517925,0.51325876,0.60209394,0.5434011,0.5483246,0.5483246,0.57712525,0.38676184,0.6541804,0.69399667,0.67542815,0.49225447,0.59896743,0.58886683,0.5989672,0.71665686,0.7579372,0.5383796,0.5383796,0.6199097,0.53577614,0.53178793,0.53972495,0.53837955,0.5375358,0.61990976,0.5357271,0.5383796,0.45549986,0.59727037,0.5458331,0.53837967,0.6199098,0.5383799,0.5310743,0.5718832,0.54572904,0.5383798,0.53837955,0.5312472,0.48004237,0.67713624,1.0,0.46056986,0.54157215,0.275711,0.63250667,0.46859205,0.4689354,0.33381104,0.50827384
V350011809_L01_61,0.5787808,0.45035386,0.5752599,0.5816747,0.41053277,0.58301187,0.23552573,0.11936554,0.5781922,0.55596673,0.56463623,0.56316096,0.5752599,0.40570387,0.55627656,0.24073863,0.6329825,0.34745976,0.32207382,0.85210556,0.68169326,0.32195944,0.7579162,0.6156546,0.23747182,0.2763986,0.17622659,0.28287014,0.3484736,0.2707742,0.13701993,0.28385627,0.17197251,0.55627644,0.18592483,0.17470235,0.17632091,0.28187734,0.13526243,0.17096806,0.1753254,0.27305385,0.17378229,0.1694184,0.48637694,0.4810284,0.48201975,0.48551616,0.4833814,0.55813134,0.32313156,0.35970813,0.3597083,0.2759888,0.3597084,0.77654165,0.7734494,0.39406297,0.3652927,0.39406282,0.34396526,0.39406317,0.5745173,0.44157916,0.31432047,0.1689117,0.22055191,0.38739154,0.3996959,0.873446,0.4521342,0.56237346,0.74012333,0.61890316,0.6203063,0.6203065,0.3844811,0.72751415,0.30519524,0.4076731,0.5005457,0.45466536,0.11985847,0.36576205,0.1198585,0.45388997,0.4074753,0.7744485,0.7744484,0.7967801,0.7739501,0.7751458,0.7778768,0.7744485,0.7789632,0.7967801,0.77179146,0.7744485,0.92371136,0.6948663,0.77957803,0.7744483,0.79678005,0.7744484,0.7763813,0.7845141,0.7741158,0.7744483,0.7744485,0.7765127,0.87718856,0.22182271,0.46056986,1.0,0.89388824,0.6977305,0.64331067,0.45942393,0.85949945,0.39598674,0.7474757
V350037201_L02_60,0.5578165,0.4520691,0.55451244,0.5608349,0.44233745,0.5537541,0.28690535,0.2010383,0.5569177,0.59192693,0.54498273,0.5389174,0.5545125,0.431575,0.53975046,0.24836212,0.49617064,0.39062843,0.34390503,0.7378977,0.65768296,0.32773966,0.6910055,0.54038405,0.31509125,0.32926142,0.19763047,0.33680388,0.3904413,0.35054457,0.2114448,0.3381397,0.19403291,0.53975016,0.1938641,0.1966266,0.20015499,0.3361858,0.21448418,0.19026959,0.19668767,0.32618868,0.194413,0.19120163,0.517667,0.51434994,0.5147724,0.51615655,0.51244074,0.55866677,0.37875652,0.3861379,0.38613808,0.39309883,0.38613808,0.660665,0.6615385,0.47244942,0.42547917,0.47244924,0.42937294,0.4724496,0.553408,0.44064295,0.2918486,0.19181931,0.34283257,0.35646257,0.39083385,0.84131706,0.51172614,0.4962699,0.70640033,0.54587686,0.5495115,0.5495117,0.43513125,0.6347175,0.40404484,0.49591547,0.57541686,0.5062662,0.20159018,0.4235824,0.20159006,0.4881136,0.45167628,0.65934837,0.65934813,0.7288537,0.6578946,0.65857214,0.66387933,0.65934837,0.66423047,0.7288537,0.6551222,0.6593483,0.78862023,0.5879621,0.66403186,0.65934825,0.7288535,0.65934837,0.6597825,0.6701455,0.66074884,0.6593483,0.65934825,0.6590991,0.79793847,0.31464356,0.54157215,0.89388824,1.0,0.57331747,0.67759,0.49436447,0.83388495,0.4954023,0.61647606
V350011904_L04_30,0.41384578,0.74338067,0.41441128,0.41580886,0.7280562,0.4542165,0.46354756,0.2818402,0.4168841,0.57767266,0.41534883,0.437094,0.4144112,0.71583176,0.41442508,0.61722964,0.906173,0.60976195,0.7001901,0.76938784,0.7909291,0.61417544,0.6663597,0.41495302,0.36141685,0.22749618,0.2779631,0.22774649,0.7339907,0.49094793,0.4160459,0.22748119,0.28277168,0.41442588,0.2969917,0.27481967,0.27219412,0.22658014,0.41825855,0.2865777,0.27967036,0.23068547,0.28125957,0.28921258,0.20865053,0.20684731,0.20775539,0.21077517,0.21023276,0.31275284,0.61883914,0.40761143,0.40761122,0.37484866,0.40761155,0.4382023,0.42925715,0.44634202,0.72392964,0.44634184,0.6794673,0.4463413,0.41940475,0.17330718,0.18592787,0.2871094,0.4372762,0.60964787,0.30209303,0.7960365,0.3578493,0.52332616,0.41506362,0.41796482,0.4135008,0.41350073,0.19711497,0.78998506,0.31339034,0.22923103,0.5926912,0.74755764,0.28210622,0.19081607,0.2821064,0.17760405,0.119144976,0.43365946,0.4336594,0.41182682,0.43870834,0.44170928,0.43600163,0.4336595,0.44441962,0.411827,0.4346999,0.43365952,0.61860836,0.7033304,0.43786916,0.43365914,0.41182688,0.43365872,0.44206595,0.61200225,0.433726,0.43365908,0.43365943,0.44401452,0.8086091,0.41008055,0.275711,0.6977305,0.57331747,1.0,0.6401712,0.7647358,0.79538393,0.6351109,0.43678123
V350011900_L02_90,0.5613638,0.7403478,0.56247795,0.5648483,0.76257205,0.54594094,0.37454647,0.33709016,0.5634799,0.8667947,0.56641626,0.58664376,0.5624778,0.7713425,0.57606024,0.50503385,0.5777141,0.6215254,0.62325615,0.5433375,0.8015232,0.31622684,0.6492271,0.43016142,0.48988122,0.23548171,0.19356513,0.24669853,0.6917439,0.5696372,0.3733992,0.24627179,0.19642076,0.57606053,0.18800396,0.1920532,0.1930784,0.24842045,0.39364892,0.19266936,0.19300508,0.23664033,0.19754538,0.19645566,0.31562817,0.3072179,0.31109297,0.32289454,0.3255052,0.27684277,0.6573088,0.44294247,0.44294238,0.36169773,0.4429426,0.36384803,0.36059833,0.300391,0.711987,0.30039075,0.627468,0.3003906,0.5598285,0.37323177,0.31913084,0.19551674,0.4824172,0.23620266,0.2095738,0.7782969,0.41714856,0.47032893,0.5402544,0.43435594,0.4371971,0.4371971,0.21046409,0.64057505,0.42111605,0.41329235,0.81542647,0.8034888,0.33567095,0.22654673,0.33567098,0.38586932,0.36905208,0.36237615,0.36237592,0.57587117,0.3604829,0.361759,0.37565064,0.36237603,0.37166893,0.5758714,0.35943136,0.36237603,0.4789181,0.76788664,0.38568938,0.3623758,0.5758712,0.36237592,0.36135304,0.62569964,0.37451306,0.36237592,0.36237592,0.3641312,0.81708705,0.5640209,0.63250667,0.64331067,0.67759,0.6401712,1.0,0.78878117,0.8099338,0.38321114,0.3771569
V350011900_L03_16,0.3237164,0.905936,0.32711697,0.325635,0.9113351,0.3484938,0.6021933,0.4654907,0.32768488,0.73500913,0.34099102,0.3703368,0.32711676,0.9038379,0.35118255,0.789864,0.77222955,0.8625019,0.8992785,0.5270884,0.8869031,0.642991,0.46356535,0.24019271,0.5670089,0.1946941,0.27692488,0.1936279,0.9361069,0.66395986,0.6145102,0.19244361,0.2844351,0.35118335,0.2813477,0.27318066,0.2726534,0.194426,0.62374246,0.2931121,0.27846286,0.20015448,0.2823618,0.2914673,0.119724184,0.1186811,0.12006283,0.12539786,0.12703174,0.15766206,0.87334585,0.50042933,0.50042903,0.44742092,0.50042933,0.18920851,0.18172187,0.4320265,0.94083923,0.4320264,0.8793476,0.43202555,0.32910967,0.15847486,0.21865565,0.2899914,0.69846356,0.53446335,0.20826799,0.6617726,0.37278265,0.398366,0.23832434,0.24176165,0.23681065,0.23681056,0.1553396,0.74936086,0.43047267,0.3304158,0.8314515,0.96636623,0.46438715,0.20026141,0.4643873,0.13607907,0.14740306,0.18740988,0.18741,0.2930178,0.18605351,0.19127977,0.19588107,0.18741003,0.19826424,0.29301792,0.18828055,0.18741006,0.3143884,0.70835704,0.19317207,0.1874097,0.29301792,0.1874094,0.19077826,0.45736527,0.19121203,0.1874097,0.18740994,0.19364336,0.6987387,0.7097308,0.46859205,0.45942393,0.49436447,0.7647358,0.78878117,1.0,0.6912682,0.6421571,0.1998482
V350037201_L02_87,0.49114877,0.5874922,0.48845017,0.49573994,0.61291826,0.49820796,0.29606843,0.18794906,0.49224424,0.66693056,0.4815242,0.49357238,0.48845008,0.5987487,0.4800602,0.40412915,0.7161963,0.5059241,0.52239627,0.7867358,0.8296553,0.3706501,0.7112382,0.47731134,0.271003,0.16654879,0.10972738,0.17301196,0.56872773,0.37542406,0.20908046,0.17373034,0.108651996,0.48006046,0.11189616,0.108412474,0.109748185,0.17250821,0.21581382,0.107299685,0.10999304,0.1658659,0.10697168,0.107524395,0.37726825,0.37067014,0.37269312,0.37932545,0.37862247,0.43841833,0.504827,0.4130864,0.41308644,0.3530481,0.41308668,0.5416034,0.53915095,0.42688724,0.6036494,0.42688692,0.55591726,0.42688695,0.4895349,0.29738963,0.20717949,0.107180774,0.34981844,0.39700294,0.290781,0.98866826,0.4136025,0.47559714,0.59523,0.4815681,0.48367304,0.4836732,0.27457082,0.77589893,0.37797877,0.39693293,0.70697534,0.6916696,0.18799669,0.2722769,0.1879968,0.3122334,0.28315502,0.5376074,0.53760713,0.6613458,0.53798616,0.54057693,0.54627395,0.5376073,0.5471823,0.66134596,0.53430283,0.53760725,0.73685837,0.73727787,0.5525892,0.537607,0.66134566,0.537607,0.5412095,0.7010735,0.54149705,0.53760713,0.5376072,0.5422811,0.9431035,0.33182603,0.4689354,0.85949945,0.83388495,0.79538393,0.8099338,0.6912682,1.0,0.49568313,0.5100548
V350011900_L03_70,0.3381393,0.5948772,0.33812147,0.33671755,0.6253408,0.37611115,0.72962785,0.54239434,0.33812055,0.37096593,0.33725604,0.328566,0.33812132,0.58853817,0.3142599,0.66923654,0.6203728,0.6511182,0.68880045,0.5748726,0.57064754,0.8009672,0.42336977,0.35977325,0.54360765,0.5061951,0.55242294,0.49619865,0.68453133,0.6302618,0.6764482,0.49722272,0.5541963,0.3142603,0.5503718,0.5442597,0.5465801,0.49070656,0.67346257,0.5642076,0.55438375,0.5093827,0.546312,0.5566813,0.3681063,0.37905872,0.37379175,0.36117858,0.35309187,0.47820356,0.63232386,0.4755794,0.47557932,0.58231246,0.47557938,0.28138703,0.27837467,0.66760385,0.6991478,0.66760385,0.719751,0.6676035,0.34523514,0.22177267,0.26105657,0.55721915,0.7142682,0.81529,0.5783639,0.51342976,0.6583836,0.4722896,0.32217163,0.3628362,0.35786316,0.3578632,0.5024404,0.6073779,0.51057374,0.47769248,0.5005296,0.6246299,0.54426557,0.52484536,0.54426575,0.29190853,0.27784538,0.28043017,0.2804301,0.21110833,0.28155708,0.28568298,0.27475718,0.2804302,0.28497222,0.21110815,0.28099543,0.28043023,0.34169954,0.34310266,0.26886907,0.28043023,0.21110821,0.28042987,0.28705677,0.25611085,0.2725023,0.28043023,0.28043035,0.28544956,0.4087815,0.55972326,0.33381104,0.39598674,0.4954023,0.6351109,0.38321114,0.6421571,0.49568313,1.0,0.25104344
7-80,0.57028484,0.22799018,0.56717855,0.5713991,0.17325777,0.56130093,0.28110263,0.30134478,0.56798214,0.34890383,0.5563816,0.54142797,0.56717867,0.18765348,0.55687064,0.19086802,0.40958488,0.16486832,0.14256468,0.6211318,0.38583052,0.32492563,0.614889,0.6377417,0.33143252,0.54472667,0.449777,0.5518115,0.17314765,0.2655845,0.23978722,0.55233294,0.44308713,0.5568701,0.45743182,0.45525324,0.45331714,0.5508364,0.2301665,0.44207507,0.44879425,0.5402115,0.4490211,0.4398523,0.6929117,0.68770444,0.6895088,0.69279945,0.6936984,0.708319,0.17248729,0.35195547,0.35195568,0.3361863,0.3519556,0.97123045,0.9700141,0.41111684,0.12894946,0.4111169,0.1612781,0.41111746,0.5635286,0.78145325,0.6856309,0.44083214,0.19125652,0.41983762,0.6566057,0.52518934,0.4743327,0.49558833,0.71132463,0.63354635,0.6360817,0.6360818,0.6040398,0.48891506,0.39885303,0.47902218,0.28672156,0.20043203,0.30094814,0.5475311,0.30094802,0.72923553,0.6729599,0.9713272,0.97132725,0.88101745,0.9686533,0.9710663,0.9708553,0.9713272,0.97081614,0.8810174,0.9722966,0.9713272,0.8992404,0.6356095,0.9695749,0.9713273,0.8810173,0.9713273,0.9706539,0.8284489,0.97236705,0.9713272,0.9713272,0.9713372,0.55460155,0.284105,0.50827384,0.7474757,0.61647606,0.43678123,0.3771569,0.1998482,0.5100548,0.25104344,1.0
