strain_id,NK10012,NK01065,NK04214,NK10226,V350011900_L02_44,V350011797_L04_29,V300093475_L04_114,V350011903_L02_77,NK01067,V350011809_L02_30,V350011900_L04_94,V350011900_L02_43,NK04051,NK08105,NK08202,V300093475_L04_98,V350037201_L02_35,V350037201_L04_45,V350011900_L04_133,V350011797_L02_49,V300063714_L03_29,V300073501_L01_16,V350037201_L02_38,V350037201_L03_44,NK01109,NK01144,NK10155,NK10223,V350037201_L02_44,V300093475_L02_33,V350011809_L01_67,V350011809_L04_37,V350037201_L02_123,V350011809_L04_131,NK06292,V300073501_L01_88,V350011903_L04_117,NK08152,NK08256,NK08348,NK08041,NK08059,7-50,8-4,NK04161,V300073501_L04_115,V350011797_L02_128,V350011903_L01_36,V350037201_L04_39,NK06094,V350037201_L02_59,NK04021,NK04006,V300093475_L03_15,V350011797_L04_45,V350037201_L03_47,V350037201_L03_13,NK01117,V300063714_L03_93,V350011809_L01_25,NK01018,NK12042,V350011809_L04_30,V300063692_L02_32,V350037201_L03_57,V350011900_L04_36,V350037201_L03_15,V350011903_L01_32,V350011904_L04_66,V350011809_L03_57,V300073501_L01_80,NK04082,V300073501_L01_85,V300073501_L01_52,V350011900_L04_67,NK06054,NK04142,V350011809_L04_114,NK01111,V350011903_L01_128,V350011903_L02_117,V350037201_L02_88,NK06177,NK06053,NK08181,NK10104,V300093475_L03_86,19101412,19102703,IM_19110207_result,IM_20010403_result,20010715,19120508,IM_20030103_result,20040104_1,IM_20050511_result,V350011903_L01_115,20052815,V350011900_L03_100,V300073501_L04_85,V350037201_L03_14,NK10183,NK10262,NK10095,V350037201_L02_126,V350037201_L02_63,NK04252,NK06250,NK06310,7-20,V350037201_L02_65,NK04150,NK04047,V350011809_L01_61,V350037201_L02_60,V350011904_L04_30,V350011900_L02_90,V350011900_L03_16,V350037201_L02_87,V350011900_L03_70,7-80
NK10012,1.0,0.7745854,0.94559383,0.9992843,0.81359386,0.8753859,0.4834851,0.50101215,0.9461866,0.7892301,0.85019976,0.8502454,0.999372,0.8869862,0.99694324,0.4627326,0.43938917,0.50215375,0.49585348,0.55773896,0.4356626,0.46284252,0.54211855,0.76891613,0.37380004,0.37405494,0.4531294,0.3763994,0.38933337,0.4175179,0.47857374,0.32651943,0.45438,0.9435674,0.44786644,0.44331104,0.45551106,0.37219143,0.51305705,0.4637627,0.4423692,0.37360874,0.44652978,0.44864157,0.4781393,0.43416026,0.43196708,0.47583035,0.43166047,0.4874122,0.4055432,0.4081143,0.40518922,0.43235645,0.40518922,0.3026067,0.36638236,0.45662448,0.5161539,0.44430718,0.47211674,0.4708642,0.946559,0.33221197,0.43859932,0.45217958,0.46028304,0.43550408,0.49824595,0.3937359,0.49254733,0.7372788,0.6971549,0.7686341,0.76370865,0.7220903,0.46110535,0.43206766,0.43197834,0.44613433,0.44788593,0.4650017,0.52822405,0.44878027,0.5297707,0.48133418,0.5159768,0.30176497,0.3740699,0.32187766,0.3664301,0.39712465,0.33588308,0.30176497,0.36968097,0.32187766,0.30230808,0.30176497,0.364154,0.37932986,0.31733793,0.30176497,0.3828922,0.30176497,0.3658781,0.35335234,0.36709654,0.30176497,0.3017337,0.36547586,0.42225513,0.5151038,0.42743808,0.48041546,0.5486971,0.5006802,0.62882,0.47608072,0.42182636,0.5525474,0.37189692
NK01065,0.7745854,1.0,0.73438567,0.7766606,0.79713327,0.82660556,0.52088434,0.46556884,0.7331127,0.77800834,0.8160057,0.8156594,0.7771895,0.70676696,0.76982194,0.4675313,0.43662617,0.5416956,0.5228491,0.52275735,0.4654194,0.58928967,0.5241562,0.69408363,0.3757261,0.30732414,0.37171695,0.3098367,0.47488162,0.366527,0.53648585,0.3786223,0.37053376,0.7276099,0.4897596,0.49300998,0.3720147,0.31009877,0.42348135,0.5134334,0.490651,0.3065592,0.36083177,0.36228663,0.47971675,0.5054479,0.50225765,0.47653896,0.4962918,0.46116742,0.44213116,0.4255858,0.47395584,0.48046896,0.47395584,0.37268752,0.35816807,0.45461285,0.50747234,0.4630096,0.49741942,0.4606312,0.73436964,0.40755382,0.46529764,0.48391062,0.45291758,0.50617146,0.48323226,0.40415466,0.593672,0.6697719,0.6230555,0.69114035,0.6865949,0.7131457,0.4817181,0.37094715,0.44682103,0.46499592,0.4848645,0.5305073,0.52790236,0.52572286,0.48379377,0.45962948,0.5398573,0.38313147,0.35693595,0.4689435,0.42520112,0.40079075,0.41219705,0.38313147,0.3568378,0.4689435,0.3845149,0.38313147,0.4035583,0.4142676,0.40783447,0.38313147,0.37908992,0.38313147,0.3919738,0.43044227,0.3530636,0.38313147,0.37102467,0.36323446,0.44785434,0.52619016,0.48494673,0.4895111,0.46447507,0.48797786,0.57710063,0.5149733,0.37630722,0.59736353,0.34470323
NK04214,0.94559383,0.73438567,1.0,0.94488007,0.8109276,0.8282014,0.4954726,0.49130952,0.99947333,0.76684624,0.8692227,0.86766994,0.9464257,0.92424357,0.94404876,0.49748784,0.48330876,0.52990746,0.5624843,0.54791427,0.43634006,0.44503582,0.5463177,0.74020725,0.36686513,0.40058315,0.47192296,0.40122366,0.38529232,0.45122242,0.40667588,0.30229968,0.47213304,0.9973,0.4099862,0.4058048,0.47435296,0.39632437,0.50620955,0.42788792,0.40547907,0.40029004,0.46760193,0.4702319,0.46828425,0.39986455,0.398255,0.46653113,0.39796746,0.48085755,0.4095112,0.43608037,0.4202271,0.450908,0.4202271,0.30290717,0.36707503,0.4662405,0.5039559,0.45184526,0.4753344,0.4824028,0.999424,0.32428923,0.45989794,0.4171938,0.4796537,0.4493138,0.5056254,0.43055183,0.4993528,0.7108135,0.67676556,0.7393536,0.7363652,0.68562156,0.44645897,0.446186,0.442888,0.4288857,0.4181174,0.47991848,0.51131827,0.42948508,0.5240832,0.48448616,0.5174527,0.30066052,0.38077733,0.3182634,0.37156603,0.3932901,0.31521338,0.30066052,0.37996304,0.3182634,0.3000751,0.30066052,0.37679875,0.37096173,0.30090898,0.30066052,0.3837861,0.30066052,0.3602909,0.35992163,0.37200946,0.30066052,0.30034944,0.38396677,0.4554899,0.50224364,0.40321156,0.483034,0.54252994,0.55737704,0.64198756,0.46086493,0.46085763,0.51852727,0.39608493
NK10226,0.9992843,0.7766606,0.94488007,1.0,0.816188,0.87897736,0.48256922,0.5002757,0.9455301,0.7884997,0.85233384,0.85221976,0.99945253,0.8901337,0.99671555,0.46089152,0.43916336,0.5044177,0.49696428,0.55953664,0.43147054,0.46351072,0.54095346,0.77056456,0.36929232,0.37036753,0.44878012,0.37283581,0.3867219,0.41430295,0.47890434,0.3235757,0.45025653,0.9426756,0.4463228,0.4409166,0.4512898,0.36860794,0.5127776,0.46304715,0.4401166,0.37001255,0.4422694,0.44429132,0.47978964,0.43592912,0.43359953,0.4775521,0.4333266,0.49111673,0.40550935,0.40702894,0.40538156,0.430632,0.40538156,0.30527025,0.3648318,0.4593339,0.51612633,0.44556743,0.47171086,0.46940187,0.94583416,0.3357229,0.44104952,0.45024207,0.4583238,0.43703714,0.5036491,0.391095,0.49858132,0.7381688,0.69878674,0.77066463,0.7655553,0.7240708,0.4600495,0.42995766,0.43195403,0.446429,0.44594356,0.46046326,0.53204006,0.44763616,0.52856237,0.4816047,0.51926744,0.30380717,0.37310418,0.3251041,0.36803076,0.3993075,0.33902115,0.30380717,0.36867422,0.3251041,0.30425406,0.30380717,0.36555517,0.38280997,0.31943363,0.30380717,0.3831647,0.30380717,0.36656672,0.35532734,0.3653788,0.30380717,0.3040113,0.36526734,0.4193046,0.5176255,0.42814618,0.4785011,0.54930687,0.49954993,0.62760484,0.47214118,0.41898513,0.5545223,0.37081382
V350011900_L02_44,0.81359386,0.79713327,0.8109276,0.816188,1.0,0.8524737,0.5407961,0.44821635,0.8114145,0.78251857,0.89196855,0.8917287,0.8166905,0.85347164,0.8090892,0.46220154,0.44154853,0.57435846,0.5192614,0.54135436,0.44067305,0.56531847,0.44500828,0.62098426,0.39259082,0.33500212,0.40053168,0.3344791,0.4965594,0.41992253,0.53327334,0.38226014,0.40155196,0.8036843,0.497785,0.49606794,0.4023326,0.33148617,0.43171325,0.51257396,0.4948168,0.33620554,0.3928411,0.39548326,0.46109134,0.50349647,0.50075006,0.45751855,0.49878967,0.47056046,0.4951436,0.4498192,0.4900085,0.49877137,0.4900085,0.36323988,0.34012705,0.49294055,0.54704344,0.5313881,0.53356886,0.52341676,0.8092374,0.39532042,0.43944252,0.50355023,0.4378667,0.49994457,0.46501735,0.35595822,0.5974275,0.6019105,0.5557487,0.624938,0.61627024,0.67153496,0.40517673,0.43007118,0.41289437,0.4458375,0.40802363,0.5513403,0.5513459,0.42425218,0.46878964,0.46152544,0.5032262,0.35595846,0.3463008,0.411986,0.3913129,0.39129478,0.39420435,0.35595846,0.34006765,0.411986,0.35627827,0.35595846,0.38412672,0.41290435,0.377709,0.35595846,0.37118462,0.35595846,0.351394,0.40851453,0.3404252,0.35595846,0.36354643,0.36312783,0.4192875,0.4803608,0.47749132,0.45444956,0.4999885,0.51452595,0.59824204,0.5246164,0.39373577,0.5481907,0.3464747
V350011797_L04_29,0.8753859,0.82660556,0.8282014,0.87897736,0.8524737,1.0,0.531938,0.47674328,0.8288193,0.8802749,0.9384268,0.93928033,0.87689114,0.7681438,0.8708414,0.4145487,0.40398732,0.5065811,0.4806915,0.55928767,0.43718952,0.5510014,0.48072585,0.6809359,0.36422163,0.3637935,0.44715774,0.36267686,0.44828588,0.41213572,0.5600393,0.40367177,0.45107278,0.82069033,0.5616461,0.55607986,0.4490628,0.36041766,0.49864995,0.5794175,0.55444545,0.3640147,0.43808267,0.44003463,0.4339721,0.46206978,0.45946524,0.43143353,0.4582021,0.44851384,0.4129508,0.37091404,0.42887896,0.41691786,0.42887896,0.34824094,0.34570202,0.4434008,0.49175394,0.45900026,0.4576906,0.4468775,0.8289457,0.37304047,0.45438913,0.5678676,0.44922826,0.4817604,0.4728449,0.38379455,0.5624547,0.66484785,0.6007629,0.6859462,0.67558205,0.7502773,0.44182184,0.4226429,0.4250746,0.45924872,0.43625322,0.47008064,0.6023511,0.43862027,0.49020353,0.45720083,0.47996804,0.36351943,0.35555944,0.37189072,0.38016796,0.39648858,0.38648814,0.36351943,0.35646814,0.37189072,0.36608204,0.36351943,0.3942302,0.40031546,0.365961,0.36351943,0.37555838,0.36351943,0.36925876,0.39280653,0.3467604,0.36351943,0.3434587,0.36664024,0.39576036,0.5001022,0.43328416,0.43769696,0.49235865,0.47895056,0.5824148,0.49149063,0.37318465,0.56408936,0.35320616
V300093475_L04_114,0.4834851,0.52088434,0.4954726,0.48256922,0.5407961,0.531938,1.0,0.5304753,0.49858144,0.5600021,0.523163,0.52110195,0.4827218,0.4847555,0.4738436,0.46618593,0.5069084,0.5064399,0.50971377,0.41761678,0.46340197,0.544338,0.43266276,0.39091855,0.62982583,0.53524244,0.51212525,0.53397655,0.51781166,0.55668676,0.526329,0.56334877,0.51642877,0.49182662,0.5138164,0.5266496,0.5098142,0.53453356,0.51712644,0.5272953,0.5246516,0.5376257,0.51425004,0.5143257,0.46186736,0.50904644,0.5087391,0.4592889,0.510179,0.46600294,0.5376388,0.5228853,0.56175375,0.47415954,0.56175375,0.45067778,0.41502523,0.50282,0.52022105,0.5053336,0.4869033,0.52850896,0.49910092,0.51607996,0.516568,0.5352279,0.5490342,0.5227481,0.46911076,0.44486067,0.5364264,0.3745571,0.38289005,0.39436832,0.38640836,0.38471043,0.5372576,0.46283638,0.5626636,0.5597477,0.51914513,0.5952162,0.5440099,0.5894439,0.5298172,0.48278996,0.53842014,0.47500017,0.4205187,0.47166276,0.39906898,0.41927725,0.4362806,0.47500017,0.42327088,0.47166276,0.47665,0.47500017,0.46610564,0.49811074,0.45768937,0.47500017,0.4266804,0.47500017,0.4352838,0.46965912,0.42267466,0.47500017,0.45245132,0.4361825,0.47362608,0.55524564,0.5335194,0.40129122,0.44280532,0.4499301,0.49323058,0.5839573,0.4275376,0.57233924,0.3934398
V350011903_L02_77,0.50101215,0.46556884,0.49130952,0.5002757,0.44821635,0.47674328,0.5304753,1.0,0.49121305,0.49347422,0.4764848,0.47551224,0.5000189,0.50218666,0.4962394,0.55512154,0.5619156,0.5364292,0.6049327,0.48001167,0.4555106,0.39425877,0.4635964,0.51470286,0.5073615,0.4606817,0.47188985,0.46213186,0.49215746,0.49355924,0.48184827,0.41220075,0.47185957,0.49090654,0.43972102,0.43196106,0.4677774,0.46472406,0.54045796,0.42882514,0.43613687,0.45948723,0.47538608,0.47621274,0.43043283,0.4395358,0.439518,0.4286943,0.43992415,0.45195213,0.50787365,0.49301636,0.47407576,0.43805623,0.47407576,0.4799179,0.4147519,0.49050528,0.5044987,0.43730414,0.4926651,0.47378927,0.4923973,0.49444085,0.539808,0.44273847,0.69355136,0.45803064,0.46697962,0.50591695,0.3400687,0.49920017,0.47738066,0.5055091,0.5095676,0.44609398,0.76931536,0.4667231,0.6087064,0.73467046,0.6884477,0.5319215,0.74352604,0.76049817,0.84009874,0.41757414,0.45888266,0.41752827,0.42814642,0.43319148,0.5199046,0.4158937,0.5109113,0.41752827,0.42430794,0.43319148,0.41499543,0.41752827,0.44133335,0.5125451,0.49618366,0.41752827,0.46480346,0.41752827,0.5476068,0.5165207,0.42814803,0.41752827,0.4842706,0.42862442,0.47267818,0.4896933,0.4917452,0.50009316,0.510209,0.42814296,0.56872815,0.51706374,0.49875575,0.5350894,0.44794676
NK01067,0.9461866,0.7331127,0.99947333,0.9455301,0.8114145,0.8288193,0.49858144,0.49121305,1.0,0.76757383,0.8679573,0.8663079,0.9469953,0.9243424,0.94462466,0.4948639,0.48231155,0.52873963,0.56212276,0.5461678,0.4345048,0.4462854,0.544678,0.7389538,0.3688472,0.4013857,0.4723332,0.40222475,0.38566387,0.45264113,0.4078342,0.30279124,0.47245827,0.9973143,0.41015324,0.40613276,0.47487548,0.39731365,0.5083366,0.42845145,0.40566534,0.40101713,0.46771738,0.4703521,0.4675666,0.3980102,0.39637473,0.4657877,0.39606717,0.48226142,0.40795064,0.43479908,0.41872835,0.44947758,0.41872835,0.3027219,0.36437187,0.4677192,0.5053638,0.4530622,0.4759373,0.4820095,0.9995712,0.32346308,0.45865226,0.41748872,0.4811349,0.44810808,0.5064114,0.4307171,0.5014017,0.70882696,0.6772227,0.73800176,0.7348951,0.6831378,0.449183,0.4440048,0.44590902,0.43141901,0.42085394,0.48077044,0.51468325,0.4323876,0.5254902,0.48439023,0.51521903,0.30131897,0.37824166,0.31661686,0.3722268,0.39321142,0.3158065,0.30131897,0.3769163,0.31661686,0.30070132,0.30131897,0.37796393,0.37090802,0.30072445,0.30131897,0.38105553,0.30131897,0.35911387,0.36011726,0.3694886,0.30131897,0.30030492,0.38181844,0.45553476,0.50503916,0.40309858,0.48276147,0.54187745,0.5552183,0.6408362,0.46303624,0.4606234,0.52084553,0.39197293
V350011809_L02_30,0.7892301,0.77800834,0.76684624,0.7884997,0.78251857,0.8802749,0.5600021,0.49347422,0.76757383,1.0,0.8696512,0.8681041,0.78829706,0.7006812,0.7917727,0.45455107,0.44408235,0.4871187,0.48486996,0.49145287,0.50847673,0.5407878,0.49168268,0.6054042,0.41619188,0.372801,0.41246054,0.37041128,0.49275258,0.4469399,0.45164144,0.4178244,0.41062933,0.768782,0.46416777,0.47616243,0.41271168,0.36666143,0.4298078,0.46406478,0.47533172,0.37314397,0.39950886,0.40189594,0.4310137,0.44548962,0.4445466,0.42546904,0.44338545,0.41281605,0.46608818,0.4391272,0.4769743,0.4364403,0.4769743,0.36076263,0.35932934,0.4104042,0.5850638,0.43392622,0.48067093,0.45178205,0.76928663,0.31044576,0.354617,0.47728774,0.52954054,0.41138506,0.4351245,0.45192134,0.5313682,0.59341544,0.57243407,0.60113347,0.5978212,0.6517376,0.5142571,0.45299757,0.4466885,0.4929329,0.5342179,0.61995435,0.52485496,0.5207887,0.52239877,0.46791032,0.5002563,0.38751122,0.3596453,0.3971489,0.41541135,0.4050751,0.40092537,0.38751122,0.35510936,0.3971489,0.38955703,0.38751122,0.42680246,0.41457912,0.41220582,0.38751122,0.3937368,0.38751122,0.35993788,0.42532754,0.35468662,0.38751122,0.36273548,0.35077375,0.48031765,0.44800645,0.45723808,0.4886665,0.522019,0.52712846,0.60499287,0.5938251,0.4323189,0.5641164,0.36598846
V350011900_L04_94,0.85019976,0.8160057,0.8692227,0.85233384,0.89196855,0.9384268,0.523163,0.4764848,0.8679573,0.8696512,1.0,0.9992086,0.85157883,0.80042607,0.8469544,0.4657609,0.46598467,0.53253585,0.5421021,0.5546855,0.4477971,0.5290188,0.46890986,0.6531918,0.3605131,0.37386706,0.43816084,0.36907887,0.4540043,0.4334278,0.4850057,0.3816789,0.44000423,0.86290604,0.5086929,0.5031979,0.43956456,0.36559886,0.47542518,0.52753943,0.5027498,0.3744736,0.43208325,0.4350894,0.418188,0.45178097,0.45041767,0.4147639,0.4477511,0.43036702,0.43248546,0.41919285,0.44465327,0.45578066,0.44465327,0.35058084,0.33594853,0.44971976,0.5055618,0.47498637,0.47437948,0.4827909,0.8683655,0.36474335,0.43589848,0.5170762,0.44638693,0.48668736,0.47028258,0.42042115,0.5620594,0.6367805,0.57969505,0.6574056,0.6485605,0.7241523,0.42381078,0.43013018,0.41451347,0.4342413,0.40145016,0.5059824,0.5558982,0.4226823,0.48123384,0.46310973,0.4775168,0.35524333,0.34874135,0.38011143,0.38726872,0.39691365,0.37231684,0.35524333,0.3471561,0.38011143,0.35522747,0.35524333,0.3967557,0.39219356,0.35778147,0.35524333,0.36846897,0.35524333,0.34563768,0.4000883,0.33844373,0.35524333,0.3484071,0.3623857,0.43713552,0.45646268,0.42971867,0.45227146,0.503902,0.5357854,0.63034415,0.47173655,0.41209364,0.54017675,0.36908993
V350011900_L02_43,0.8502454,0.8156594,0.86766994,0.85221976,0.8917287,0.93928033,0.52110195,0.47551224,0.8663079,0.8681041,0.9992086,1.0,0.8515797,0.79770625,0.8469463,0.46240354,0.46121,0.5285236,0.5339731,0.5522527,0.44484642,0.5325826,0.46899834,0.651873,0.36063665,0.3749841,0.4376727,0.370349,0.45432895,0.4352894,0.48895046,0.38646752,0.4395319,0.8608266,0.5103034,0.50517994,0.4391838,0.36686972,0.47176224,0.529082,0.5047062,0.37557086,0.4315417,0.4346047,0.4225452,0.45473307,0.4532646,0.41922638,0.45068336,0.43468624,0.4345777,0.4172271,0.4453828,0.45459574,0.4453828,0.3514536,0.33891413,0.45253626,0.504847,0.47663936,0.47567412,0.48383942,0.8665773,0.36644506,0.43352798,0.51917756,0.44502985,0.48626095,0.46940058,0.416492,0.56410253,0.63669413,0.5793534,0.6562077,0.6473359,0.72324514,0.42375395,0.42902043,0.41618553,0.4369933,0.40088862,0.5058093,0.5591177,0.4211246,0.48185566,0.46840093,0.47591037,0.354419,0.3509808,0.37928066,0.3888674,0.39589,0.37333477,0.354419,0.34896553,0.37928066,0.35443044,0.354419,0.3964218,0.3880989,0.35785395,0.354419,0.37020314,0.354419,0.34503454,0.3999728,0.34124184,0.354419,0.3497046,0.3649681,0.43475068,0.45802364,0.42906773,0.4520151,0.50452685,0.52901495,0.62798285,0.4732243,0.4060117,0.543452,0.36972752
NK04051,0.999372,0.7771895,0.9464257,0.99945253,0.8166905,0.87689114,0.4827218,0.5000189,0.9469953,0.78829706,0.85157883,0.8515797,1.0,0.8897921,0.996812,0.4626242,0.4389432,0.5056579,0.49731627,0.55632335,0.43310502,0.4646975,0.54216945,0.77074355,0.36871514,0.3700594,0.4485442,0.3725651,0.38788974,0.4151851,0.4769987,0.3235424,0.4498937,0.9441421,0.44539422,0.4405487,0.45101577,0.3683345,0.5105313,0.462186,0.43970272,0.36964568,0.4418972,0.4439757,0.48039675,0.43472844,0.43237892,0.4780911,0.43217346,0.4899025,0.40672046,0.40929615,0.40701205,0.43111193,0.40701205,0.30400494,0.36583835,0.4588703,0.5176848,0.4457265,0.47255194,0.4695862,0.94730926,0.33416507,0.4404449,0.4495336,0.4593025,0.43802056,0.5018671,0.3918742,0.49502856,0.73891455,0.69981295,0.77063894,0.7657392,0.72124845,0.4617547,0.42945462,0.43234804,0.44658956,0.44822636,0.46269897,0.530425,0.44988763,0.5300132,0.4822246,0.5195987,0.302829,0.3737564,0.324154,0.3666252,0.39768586,0.33698964,0.302829,0.36967078,0.324154,0.30322996,0.302829,0.36551026,0.38109857,0.3185317,0.302829,0.3836143,0.302829,0.36751917,0.3535292,0.36663848,0.302829,0.30275974,0.366409,0.4203207,0.5162492,0.42763615,0.4785638,0.5473184,0.5006546,0.6278751,0.4746184,0.41992265,0.55312544,0.3706953
NK08105,0.8869862,0.70676696,0.92424357,0.8901337,0.85347164,0.7681438,0.4847555,0.50218666,0.9243424,0.7006812,0.80042607,0.79770625,0.8897921,1.0,0.8868663,0.48199874,0.49154964,0.57060635,0.57035923,0.5808624,0.44007868,0.4348235,0.5310914,0.7116641,0.36405832,0.35516763,0.42360497,0.36020643,0.4066702,0.42568067,0.4364389,0.30052602,0.42436254,0.922226,0.4051342,0.39760157,0.42637286,0.35468388,0.48838228,0.42032483,0.39897862,0.35630482,0.41913188,0.41979912,0.4841582,0.4155147,0.41420752,0.4820753,0.41267756,0.4960541,0.4307217,0.44425315,0.43147692,0.46285927,0.43147692,0.34112448,0.3909622,0.48275626,0.530403,0.47215593,0.50416464,0.49568632,0.9229959,0.35262436,0.45641986,0.40401822,0.44824943,0.44087887,0.5142685,0.41036105,0.5350783,0.68728757,0.65501714,0.71160996,0.70969635,0.65528566,0.4217478,0.47141477,0.4103142,0.4584131,0.40486306,0.47123092,0.5083262,0.4151709,0.5030524,0.47672382,0.5287296,0.330997,0.40259993,0.37518913,0.40908578,0.42128325,0.3688464,0.330997,0.39849433,0.37518913,0.3295701,0.330997,0.40451977,0.4131827,0.33812916,0.330997,0.41438094,0.330997,0.39071855,0.398103,0.39177245,0.330997,0.33716673,0.40427193,0.47152436,0.5037093,0.4439957,0.51114804,0.5858203,0.56583375,0.62686723,0.45195946,0.4772978,0.512591,0.4243216
NK08202,0.99694324,0.76982194,0.94404876,0.99671555,0.8090892,0.8708414,0.4738436,0.4962394,0.94462466,0.7917727,0.8469544,0.8469463,0.996812,0.8868663,1.0,0.46019596,0.44399512,0.49387938,0.49105686,0.55908054,0.44588554,0.46005258,0.5372889,0.76905173,0.3650514,0.36363384,0.44604912,0.3665377,0.38841432,0.40912813,0.4711522,0.32535833,0.44614652,0.94580007,0.44221064,0.43851122,0.44859546,0.3620069,0.50253916,0.45604476,0.43765748,0.36332577,0.43785986,0.4399705,0.47703007,0.43549562,0.43327674,0.47450688,0.43299758,0.48777515,0.3990448,0.4023636,0.39677885,0.42921114,0.39677885,0.31421584,0.3753368,0.45051268,0.51685846,0.43716702,0.47277892,0.46695894,0.9451251,0.33144087,0.42896667,0.44568616,0.46162313,0.43363655,0.49900693,0.3994803,0.50129485,0.7391472,0.69827855,0.7668184,0.76402277,0.71845067,0.4617959,0.43624946,0.43012828,0.44714302,0.45288303,0.46641386,0.51962507,0.44999653,0.5230809,0.48033914,0.5132019,0.3127189,0.38183916,0.32782814,0.3748351,0.41044837,0.34582055,0.3127189,0.37759495,0.32782814,0.31334147,0.3127189,0.3761862,0.38537872,0.32479137,0.3127189,0.39211437,0.3127189,0.3714594,0.35956693,0.3738848,0.3127189,0.31382042,0.37275174,0.42382717,0.5121088,0.42982268,0.4903835,0.5578776,0.5039827,0.6260719,0.47505653,0.4298962,0.54333,0.38425955
V300093475_L04_98,0.4627326,0.4675313,0.49748784,0.46089152,0.46220154,0.4145487,0.46618593,0.55512154,0.4948639,0.45455107,0.4657609,0.46240354,0.4626242,0.48199874,0.46019596,1.0,0.74253917,0.642286,0.71820754,0.5148221,0.5728785,0.52228105,0.5936036,0.48640004,0.43528214,0.4563204,0.44706026,0.4428876,0.5458888,0.4603927,0.37302148,0.42434153,0.44216087,0.5018572,0.4066782,0.40713167,0.44318232,0.44068515,0.4843382,0.42597914,0.40810478,0.45431057,0.44701773,0.44792122,0.5067272,0.52984315,0.5318114,0.5080253,0.5325089,0.45689994,0.5709945,0.67512167,0.5932496,0.56619734,0.5932496,0.43663788,0.40540972,0.4756031,0.595162,0.45778573,0.53765124,0.49404675,0.4975372,0.5044071,0.48181638,0.40607476,0.4924888,0.56509507,0.48655254,0.673838,0.4559226,0.49700716,0.47371748,0.4846238,0.4927423,0.48771966,0.50286984,0.54683965,0.5574288,0.48565713,0.5120216,0.60234857,0.42452204,0.520333,0.49665806,0.41707796,0.48109865,0.3631558,0.41248876,0.44695628,0.48397675,0.36286342,0.45847264,0.3631558,0.42073816,0.44695628,0.35920185,0.3631558,0.4283094,0.4355978,0.4739857,0.3631558,0.4358222,0.3631558,0.4678919,0.4618921,0.4176196,0.3631558,0.43729872,0.41589245,0.6164336,0.4382273,0.55930984,0.50724274,0.4932123,0.68064517,0.6209618,0.53777003,0.63551533,0.49104667,0.4737383
V350037201_L02_35,0.43938917,0.43662617,0.48330876,0.43916336,0.44154853,0.40398732,0.5069084,0.5619156,0.48231155,0.44408235,0.46598467,0.46121,0.4389432,0.49154964,0.44399512,0.74253917,1.0,0.6103542,0.70800686,0.6534163,0.5755293,0.41070795,0.4075212,0.43742245,0.45746335,0.43694648,0.44807854,0.42642644,0.5763395,0.41281104,0.3625123,0.4329204,0.4421553,0.48900187,0.39444354,0.40422115,0.44460732,0.42408133,0.49065503,0.41010576,0.40735433,0.43869877,0.4444015,0.44502208,0.4472939,0.50191724,0.5045862,0.44769788,0.5032029,0.46111768,0.47467253,0.5572555,0.49678802,0.5536655,0.49678802,0.5518615,0.47827697,0.47328806,0.55366564,0.5010345,0.53950095,0.55935204,0.48327348,0.51815283,0.46425247,0.40334916,0.43879965,0.54923546,0.40242976,0.7549199,0.44701946,0.42753938,0.41172653,0.43389958,0.4422266,0.43213758,0.46026063,0.5987926,0.48005757,0.46687648,0.42320597,0.53194165,0.4037555,0.49443978,0.46824163,0.3610502,0.4501679,0.4662755,0.4899992,0.5037697,0.5623147,0.47916728,0.54443866,0.4662755,0.48106334,0.5037697,0.46337694,0.4662755,0.5749496,0.48733047,0.5424413,0.4662755,0.49369243,0.4662755,0.5214315,0.55261695,0.4865311,0.4662755,0.556507,0.4991268,0.7187636,0.37494138,0.47647473,0.55930007,0.53751695,0.7468124,0.5943389,0.45426804,0.7474895,0.383077,0.53799486
V350037201_L04_45,0.50215375,0.5416956,0.52990746,0.5044177,0.57435846,0.5065811,0.5064399,0.5364292,0.52873963,0.4871187,0.53253585,0.5285236,0.5056579,0.57060635,0.49387938,0.642286,0.6103542,1.0,0.7999521,0.5753578,0.5515767,0.53050476,0.4544555,0.4935838,0.4085872,0.35328886,0.38539958,0.35445312,0.53847075,0.39785597,0.4629565,0.3755371,0.38794008,0.5241043,0.44124556,0.43770474,0.3857587,0.3576311,0.4518726,0.44974545,0.43730545,0.3533223,0.3858539,0.38785312,0.43100476,0.45390147,0.45317397,0.43143702,0.45696753,0.41296086,0.65721714,0.7028331,0.72215295,0.6093327,0.72215295,0.4591813,0.40884686,0.55868065,0.5903125,0.5344418,0.51752824,0.50877386,0.52866375,0.4533896,0.5399004,0.43650773,0.44303828,0.52582943,0.47773305,0.4997244,0.44590932,0.47845265,0.46895763,0.48541442,0.49373743,0.49357426,0.4596575,0.5603667,0.43680096,0.47568712,0.48617628,0.51922894,0.49332395,0.50433636,0.48021966,0.4184657,0.45342338,0.45765227,0.4208498,0.52437234,0.46902853,0.4439112,0.47127524,0.45765227,0.41883704,0.52437234,0.45587716,0.45765227,0.47514293,0.48557943,0.4809637,0.45765227,0.4532035,0.45765227,0.4766029,0.49006674,0.4249165,0.45765227,0.45226896,0.44932893,0.5559101,0.41336533,0.5317947,0.4863844,0.52500504,0.5762447,0.6101498,0.5654842,0.52539796,0.48792997,0.43409666
V350011900_L04_133,0.49585348,0.5228491,0.5624843,0.49696428,0.5192614,0.4806915,0.50971377,0.6049327,0.56212276,0.48486996,0.5421021,0.5339731,0.49731627,0.57035923,0.49105686,0.71820754,0.70800686,0.7999521,1.0,0.5444153,0.54493463,0.44944346,0.48624557,0.5175326,0.44669527,0.41852948,0.42583293,0.41548398,0.5121966,0.43058848,0.36138043,0.33681354,0.4225318,0.56422156,0.38689154,0.38156542,0.42351034,0.4159505,0.49110246,0.3953364,0.38334563,0.41844037,0.426203,0.42949045,0.4039527,0.3876785,0.38944045,0.4023753,0.38969588,0.4173781,0.5666662,0.7023275,0.64024544,0.54391396,0.64024544,0.46556887,0.3866921,0.5101035,0.56059724,0.4564756,0.51828974,0.49341097,0.5636207,0.4789496,0.55375594,0.38589358,0.498282,0.50791055,0.48677096,0.6006619,0.4173813,0.488883,0.4990583,0.51127243,0.5185327,0.4979058,0.49199474,0.538123,0.51841974,0.47607487,0.52065116,0.54373574,0.45065528,0.5398476,0.5186873,0.36167923,0.45846832,0.4130726,0.40500826,0.4655757,0.50172323,0.44278762,0.48072356,0.4130726,0.40599424,0.4655757,0.40908957,0.4130726,0.4948159,0.5225676,0.47966924,0.4130726,0.42676896,0.4130726,0.50212973,0.52285624,0.4037825,0.4130726,0.46139997,0.41503328,0.62383187,0.42718145,0.4857111,0.53686565,0.5359307,0.6614224,0.6797594,0.49060476,0.6206399,0.44397664,0.4544919
V350011797_L02_49,0.55773896,0.52275735,0.54791427,0.55953664,0.54135436,0.55928767,0.41761678,0.48001167,0.5461678,0.49145287,0.5546855,0.5522527,0.55632335,0.5808624,0.55908054,0.5148221,0.6534163,0.5753578,0.5444153,1.0,0.52435535,0.40364036,0.4240539,0.5242874,0.4234776,0.4239922,0.47721806,0.42006874,0.49944597,0.39319327,0.48570842,0.42152166,0.47429028,0.5456454,0.50041765,0.48606598,0.4753468,0.42087984,0.49355245,0.51456374,0.48815155,0.4244726,0.47103816,0.4704606,0.41528767,0.4994213,0.4998293,0.41804248,0.49905553,0.43417388,0.42892858,0.41149047,0.4208916,0.58557475,0.4208916,0.49874112,0.57210165,0.4559537,0.51144063,0.51984537,0.47743532,0.51162857,0.5452174,0.43991184,0.4481796,0.49875596,0.3582264,0.5023059,0.4348029,0.6267377,0.45177183,0.5199265,0.48471263,0.5157566,0.51735556,0.5545852,0.37572867,0.5840576,0.38215476,0.39763224,0.39300048,0.4137688,0.46790555,0.38966995,0.3973296,0.44423983,0.43787628,0.52584374,0.5763551,0.53323984,0.5289956,0.5257928,0.47865295,0.52584374,0.57117355,0.53323984,0.52527845,0.52584374,0.5673417,0.47018763,0.47402358,0.52584374,0.556624,0.52584374,0.4831153,0.47125423,0.5737977,0.52584374,0.4980958,0.5464401,0.6249738,0.40756777,0.39903507,0.5615416,0.600283,0.6443331,0.5402808,0.40459228,0.64884627,0.43534017,0.5805723
V300063714_L03_29,0.4356626,0.4654194,0.43634006,0.43147054,0.44067305,0.43718952,0.46340197,0.4555106,0.4345048,0.50847673,0.4477971,0.44484642,0.43310502,0.44007868,0.44588554,0.5728785,0.5755293,0.5515767,0.54493463,0.52435535,1.0,0.519008,0.47477868,0.4264605,0.43972963,0.36668915,0.34934676,0.3660246,0.5790123,0.37842786,0.36307344,0.3954504,0.3428924,0.44480643,0.34974405,0.36821836,0.3470428,0.36263674,0.3339877,0.3489685,0.36532998,0.36862883,0.34128296,0.34008485,0.42748722,0.41967753,0.42171878,0.42881596,0.42230266,0.44763988,0.49199086,0.53205603,0.52964646,0.45438358,0.52964646,0.55153215,0.5843934,0.4130363,0.55196697,0.39829695,0.5058203,0.46237653,0.43780804,0.42034364,0.37858993,0.34853673,0.49003825,0.42533746,0.45833206,0.6172564,0.44274879,0.43306753,0.44768783,0.41731563,0.4239635,0.45588714,0.53238136,0.80655575,0.51993304,0.53451747,0.6094641,0.6623368,0.39394158,0.5484633,0.44683498,0.39964718,0.4542206,0.5674186,0.58509034,0.60843396,0.5784556,0.5792664,0.558774,0.5674186,0.5822561,0.60843396,0.570471,0.5674186,0.6320181,0.5637018,0.56278336,0.5674186,0.60535693,0.5674186,0.57588977,0.55195427,0.5911369,0.5674186,0.55123436,0.6147629,0.64893365,0.40901285,0.5442003,0.649155,0.65263486,0.5927204,0.5562306,0.6037353,0.60455036,0.49335608,0.6266028
V300073501_L01_16,0.46284252,0.58928967,0.44503582,0.46351072,0.56531847,0.5510014,0.544338,0.39425877,0.4462854,0.5407878,0.5290188,0.5325826,0.4646975,0.4348235,0.46005258,0.52228105,0.41070795,0.53050476,0.44944346,0.40364036,0.519008,1.0,0.5342871,0.47587302,0.45509723,0.45964968,0.45562238,0.45419025,0.55053455,0.49462447,0.59976137,0.5686017,0.45994148,0.44082075,0.5990499,0.5998664,0.45782673,0.45561627,0.41102475,0.60726595,0.5942075,0.4583233,0.4557806,0.45664847,0.56046176,0.5714399,0.56988513,0.5601997,0.56939524,0.5542179,0.66897255,0.58257073,0.6600044,0.5502588,0.6600044,0.40345606,0.36471355,0.6110145,0.60820216,0.6231051,0.5903674,0.60240716,0.44585788,0.49708816,0.47854733,0.6037972,0.5056827,0.7194474,0.5041755,0.443204,0.684756,0.50465363,0.4743134,0.48648548,0.4740553,0.51921546,0.49409944,0.49087343,0.507969,0.47241065,0.50471026,0.5415573,0.52098835,0.4919596,0.4519311,0.55104804,0.46475965,0.40822145,0.35896716,0.47064525,0.3796788,0.33297175,0.41519117,0.40822145,0.36732253,0.47064525,0.4121893,0.40822145,0.3972826,0.34194753,0.42001963,0.40822145,0.37199724,0.40822145,0.35510206,0.39859092,0.36807206,0.40822145,0.40086132,0.39822274,0.45996684,0.52564025,0.51279247,0.39046562,0.36345705,0.44144994,0.41518664,0.7002615,0.37108743,0.6468692,0.32709515
V350037201_L02_38,0.54211855,0.5241562,0.5463177,0.54095346,0.44500828,0.48072585,0.43266276,0.4635964,0.544678,0.49168268,0.46890986,0.46899834,0.54216945,0.5310914,0.5372889,0.5936036,0.4075212,0.4544555,0.48624557,0.4240539,0.47477868,0.5342871,1.0,0.68409824,0.49749342,0.5877356,0.534637,0.586708,0.43990535,0.58302516,0.48172003,0.5259914,0.5386251,0.5458941,0.48982343,0.48798466,0.5384101,0.5853406,0.5118562,0.4789652,0.48843518,0.58491206,0.53972983,0.5377443,0.55934775,0.44147623,0.4404745,0.5608989,0.44091895,0.5286889,0.53414184,0.5694782,0.5454347,0.4311969,0.5454347,0.37161508,0.44300348,0.48587435,0.4904552,0.43905744,0.47310987,0.4259892,0.54586875,0.46494368,0.47889447,0.48502684,0.51028615,0.47724867,0.58046323,0.47789055,0.5792233,0.70125854,0.7484349,0.6883477,0.6871165,0.6425884,0.51489115,0.43915927,0.5418692,0.47528216,0.49739784,0.48485717,0.45825437,0.4927654,0.50172764,0.5101718,0.5155761,0.38365564,0.4217687,0.40902632,0.42301542,0.40515953,0.38883513,0.38365564,0.44380274,0.40902632,0.38255754,0.38365564,0.3823591,0.4353532,0.38561872,0.38365564,0.4035203,0.38365564,0.40066764,0.40544182,0.4358331,0.38365564,0.3601605,0.4155222,0.48670325,0.5355068,0.5019097,0.4988103,0.52093625,0.5031267,0.52411056,0.5463274,0.4488308,0.5920983,0.45399955
V350037201_L03_44,0.76891613,0.69408363,0.74020725,0.77056456,0.62098426,0.6809359,0.39091855,0.51470286,0.7389538,0.6054042,0.6531918,0.651873,0.77074355,0.7116641,0.76905173,0.48640004,0.43742245,0.4935838,0.5175326,0.5242874,0.4264605,0.47587302,0.68409824,1.0,0.39811105,0.43129146,0.5083416,0.43554854,0.43383965,0.47364658,0.5092707,0.3697455,0.5109706,0.7393408,0.49610952,0.48773372,0.5129839,0.43107843,0.53093654,0.5103089,0.48732942,0.43070018,0.5047589,0.50603634,0.47772664,0.37218755,0.3704679,0.4767509,0.36562783,0.49184284,0.41617757,0.43705225,0.42449573,0.40092945,0.42449573,0.3340503,0.37996775,0.45644513,0.49604088,0.41250807,0.47799006,0.429807,0.7399051,0.39472908,0.530789,0.4879278,0.47471607,0.47040963,0.5210996,0.44042188,0.5233272,0.9777171,0.9300767,0.9966489,0.99853384,0.88307834,0.4977129,0.4110796,0.40811813,0.45770702,0.45116225,0.4021914,0.5465095,0.4737758,0.5653329,0.4398918,0.51927423,0.32146496,0.37385708,0.3783117,0.43840373,0.44252205,0.37538314,0.32146496,0.38004827,0.3783117,0.3219713,0.32146496,0.36410517,0.4089256,0.34549758,0.32146496,0.3743236,0.32146496,0.40919742,0.40394473,0.37939808,0.32146496,0.33514833,0.3817243,0.4559707,0.49622703,0.3905619,0.50830466,0.54469347,0.5099085,0.56338596,0.42723855,0.41906908,0.5779457,0.40063933
NK01109,0.37380004,0.3757261,0.36686513,0.36929232,0.39259082,0.36422163,0.62982583,0.5073615,0.3688472,0.41619188,0.3605131,0.36063665,0.36871514,0.36405832,0.3650514,0.43528214,0.45746335,0.4085872,0.44669527,0.4234776,0.43972963,0.45509723,0.49749342,0.39811105,1.0,0.86580145,0.8137337,0.871506,0.5014058,0.8028659,0.5976569,0.7570081,0.8128609,0.36428714,0.6568718,0.67302334,0.8107901,0.87159306,0.70297086,0.6358189,0.6732167,0.86661166,0.8124521,0.81333685,0.52846277,0.532068,0.53490424,0.52731067,0.53369576,0.49587905,0.5203156,0.52605176,0.4778899,0.5063304,0.4778899,0.41748315,0.46819776,0.48526686,0.48579302,0.52206516,0.50264996,0.52116776,0.3674964,0.57779205,0.5613195,0.66860807,0.5016673,0.46627024,0.47543103,0.42620105,0.46678203,0.396968,0.4306144,0.403665,0.39376417,0.41724598,0.45407778,0.4712585,0.5335832,0.46308854,0.50253165,0.4928905,0.47806588,0.49824166,0.53562963,0.5256426,0.47573572,0.42240462,0.45662606,0.40849972,0.4170984,0.40802863,0.41709772,0.42240462,0.45548546,0.40849972,0.42215204,0.42240462,0.36885196,0.448323,0.43606123,0.42240462,0.44067523,0.42240462,0.4150232,0.44715565,0.46309978,0.42240462,0.42388856,0.42037845,0.44353026,0.4767739,0.46888325,0.38869077,0.42547858,0.38661826,0.46610242,0.5226084,0.46831706,0.48082513,0.4361743
NK01144,0.37405494,0.30732414,0.40058315,0.37036753,0.33500212,0.3637935,0.53524244,0.4606817,0.4013857,0.372801,0.37386706,0.3749841,0.3700594,0.35516763,0.36363384,0.4563204,0.43694648,0.35328886,0.41852948,0.4239922,0.36668915,0.45964968,0.5877356,0.43129146,0.86580145,1.0,0.910763,0.99771845,0.49233392,0.8877872,0.6186129,0.8114984,0.9154494,0.3963238,0.723186,0.7220342,0.90972555,0.99713373,0.78844595,0.71000373,0.72410786,0.99953943,0.920804,0.9198898,0.52162856,0.48985437,0.49262336,0.52066433,0.49201494,0.49833006,0.4950671,0.5565362,0.4574888,0.5002226,0.4574888,0.39609736,0.48977834,0.49473578,0.41425896,0.52997744,0.47518197,0.50323987,0.40040493,0.58688235,0.5815903,0.7366568,0.48301286,0.47259942,0.51029974,0.47275853,0.48954773,0.43703556,0.4849202,0.44425577,0.43279943,0.45232418,0.4368406,0.42852193,0.50090563,0.408441,0.42961228,0.4163941,0.46371967,0.40522826,0.5019624,0.5886896,0.46487033,0.40739816,0.4775664,0.3711766,0.39200836,0.39219114,0.37347537,0.40739816,0.49235246,0.3711766,0.4063111,0.40739816,0.35315964,0.40988356,0.38760167,0.40739816,0.4326083,0.40739816,0.40387285,0.39966577,0.48512942,0.40739816,0.39437345,0.44763434,0.4162115,0.4784197,0.40747958,0.3510412,0.39926675,0.44260865,0.4504031,0.47176084,0.4836138,0.44737113,0.47195518
NK10155,0.4531294,0.37171695,0.47192296,0.44878012,0.40053168,0.44715774,0.51212525,0.47188985,0.4723332,0.41246054,0.43816084,0.4376727,0.4485442,0.42360497,0.44604912,0.44706026,0.44807854,0.38539958,0.42583293,0.47721806,0.34934676,0.45562238,0.534637,0.5083416,0.8137337,0.910763,1.0,0.90963966,0.537113,0.84073764,0.69713473,0.7682812,0.9978255,0.47014603,0.81366134,0.8155929,0.999242,0.90912634,0.8587324,0.8013413,0.81610703,0.91018146,0.99549824,0.99590933,0.47244954,0.46888426,0.4720706,0.47013873,0.47216606,0.45795208,0.44969755,0.48172563,0.41224116,0.48466587,0.41224116,0.33727112,0.43856347,0.48402023,0.4320755,0.53401077,0.4903508,0.5090872,0.47059065,0.56511617,0.6604495,0.82323515,0.4821756,0.49542722,0.4581507,0.48050058,0.46516585,0.5129526,0.46575135,0.5158681,0.5077618,0.53434175,0.4169047,0.41829526,0.44950736,0.36428392,0.3887353,0.36599422,0.49924543,0.39200342,0.51365864,0.52380466,0.4261622,0.35433668,0.43017733,0.35307667,0.36578897,0.3690948,0.3329283,0.35433668,0.44119498,0.35307667,0.3545565,0.35433668,0.31291282,0.37894613,0.33763447,0.35433668,0.396424,0.35433668,0.3897478,0.3591867,0.43129706,0.35433668,0.33885765,0.4001282,0.39155477,0.44700748,0.38961947,0.35572296,0.39123562,0.43592784,0.4693173,0.44949746,0.48974597,0.42454022,0.45224065
NK10223,0.3763994,0.3098367,0.40122366,0.37283581,0.3344791,0.36267686,0.53397655,0.46213186,0.40222475,0.37041128,0.36907887,0.370349,0.3725651,0.36020643,0.3665377,0.4428876,0.42642644,0.35445312,0.41548398,0.42006874,0.3660246,0.45419025,0.586708,0.43554854,0.871506,0.99771845,0.90963966,1.0,0.4811602,0.88902783,0.6214949,0.81226003,0.91433895,0.3970825,0.7213681,0.72145927,0.90899074,0.99906886,0.7919679,0.70837724,0.7236177,0.9973061,0.9187627,0.9177765,0.5273912,0.48512942,0.4876823,0.52640533,0.48660058,0.5027594,0.49254203,0.5519531,0.45155108,0.49362493,0.45155108,0.3939498,0.4936997,0.497047,0.4155286,0.52428824,0.4722245,0.49617302,0.4011572,0.5810966,0.583004,0.73420215,0.487297,0.47189897,0.5245153,0.46215612,0.48493335,0.44067192,0.4935578,0.4479937,0.43675914,0.45055425,0.44318876,0.42680815,0.50284827,0.41580784,0.43518782,0.41006264,0.47111085,0.41140208,0.5100504,0.59771657,0.47259519,0.40627807,0.48045525,0.37079287,0.38958076,0.3939851,0.3716556,0.40627807,0.494924,0.37079287,0.40522456,0.40627807,0.35108632,0.41014504,0.38305402,0.40627807,0.43845442,0.40627807,0.40482092,0.39560014,0.4881797,0.40627807,0.3924215,0.44979495,0.4120125,0.49011582,0.40966937,0.36014786,0.41022688,0.4296704,0.4466108,0.4709196,0.47913662,0.45237148,0.47259143
V350037201_L02_44,0.38933337,0.47488162,0.38529232,0.3867219,0.4965594,0.44828588,0.51781166,0.49215746,0.38566387,0.49275258,0.4540043,0.45432895,0.38788974,0.4066702,0.38841432,0.5458888,0.5763395,0.53847075,0.5121966,0.49944597,0.5790123,0.55053455,0.43990535,0.43383965,0.5014058,0.49233392,0.537113,0.4811602,1.0,0.5204407,0.6114802,0.59983224,0.5315145,0.38872492,0.6322038,0.6465971,0.5340019,0.48310342,0.5026756,0.6199231,0.6459982,0.49258292,0.52753085,0.5287639,0.4264078,0.48787647,0.48829535,0.4259415,0.49128154,0.4208954,0.53784937,0.49851584,0.5490071,0.565202,0.5490071,0.46118715,0.40682074,0.5378048,0.6077684,0.5737796,0.5929691,0.5730228,0.38522533,0.462408,0.46535695,0.63554525,0.49183518,0.42814294,0.37463453,0.56960654,0.51451504,0.44847465,0.4032599,0.43842077,0.4332096,0.4780559,0.50577015,0.55499744,0.48999032,0.53737366,0.546475,0.63126326,0.50739366,0.51775753,0.49848038,0.4292022,0.41654047,0.43117076,0.39806846,0.52024615,0.49317703,0.41630408,0.49333525,0.43117076,0.3977326,0.52024615,0.43366057,0.43117076,0.4565232,0.42825484,0.5019828,0.43117076,0.40953138,0.43117076,0.43351078,0.4849012,0.41200033,0.43117076,0.465182,0.43927652,0.5388162,0.4028407,0.54287744,0.48571435,0.48649448,0.58147115,0.5670478,0.57425356,0.58021593,0.46891373,0.42363703
V300093475_L02_33,0.4175179,0.366527,0.45122242,0.41430295,0.41992253,0.41213572,0.55668676,0.49355924,0.45264113,0.4469399,0.4334278,0.4352894,0.4151851,0.42568067,0.40912813,0.4603927,0.41281104,0.39785597,0.43058848,0.39319327,0.37842786,0.49462447,0.58302516,0.47364658,0.8028659,0.8877872,0.84073764,0.88902783,0.5204407,1.0,0.6171226,0.74376935,0.845077,0.4446293,0.6784948,0.6834127,0.8396545,0.8859348,0.7311051,0.66856396,0.68398964,0.8884226,0.84194374,0.8418042,0.4747624,0.43553764,0.43760806,0.47418156,0.4387803,0.46229032,0.4982673,0.5441942,0.46797213,0.44671392,0.46797213,0.3594639,0.41796952,0.5312854,0.49727452,0.53268915,0.5327394,0.53812,0.45085102,0.5340265,0.5587649,0.69460106,0.5370963,0.51668286,0.51097894,0.4269929,0.5153901,0.48207366,0.5008321,0.4836716,0.47336504,0.513717,0.47453943,0.4484209,0.5227741,0.4782609,0.48487973,0.44271865,0.54444677,0.437115,0.55924416,0.5383347,0.44154412,0.34853017,0.40489107,0.34914544,0.4228336,0.36051065,0.3624493,0.34853017,0.40846515,0.34914544,0.3478315,0.34853017,0.3229751,0.3912431,0.37070593,0.34853017,0.3965245,0.34853017,0.3610058,0.37857136,0.41623253,0.34853017,0.36221257,0.37122703,0.4506728,0.47571412,0.4586537,0.41241175,0.47766802,0.37808087,0.4996413,0.5153212,0.43851775,0.54488903,0.40816328
V350011809_L01_67,0.47857374,0.53648585,0.40667588,0.47890434,0.53327334,0.5600393,0.526329,0.48184827,0.4078342,0.45164144,0.4850057,0.48895046,0.4769987,0.4364389,0.4711522,0.37302148,0.3625123,0.4629565,0.36138043,0.48570842,0.36307344,0.59976137,0.48172003,0.5092707,0.5976569,0.6186129,0.69713473,0.6214949,0.6114802,0.6171226,1.0,0.784516,0.7037927,0.40086994,0.8845749,0.8782819,0.700248,0.6256768,0.7236906,0.8646951,0.8774229,0.6159618,0.69757354,0.6976112,0.45674297,0.51456875,0.5148158,0.45738974,0.51648754,0.43681252,0.50144005,0.42034584,0.47805786,0.46887165,0.47805786,0.42227674,0.43197125,0.519032,0.45448375,0.54499197,0.49803478,0.4920328,0.40668115,0.5431081,0.5657701,0.8791101,0.46697614,0.52858233,0.47142166,0.3325529,0.5709861,0.5192562,0.4562542,0.51879764,0.50798845,0.5785281,0.46362773,0.40580475,0.45225477,0.48693046,0.442052,0.35775423,0.6197864,0.44259667,0.49584004,0.5043531,0.4394404,0.42604786,0.41905928,0.475881,0.3985573,0.39270908,0.45731843,0.42604786,0.4222505,0.475881,0.42642975,0.42604786,0.34790266,0.4120459,0.44331002,0.42604786,0.4121209,0.42604786,0.43148535,0.37727895,0.41751322,0.42604786,0.4187445,0.4182498,0.32600245,0.5175888,0.5279998,0.39716738,0.39609742,0.34055978,0.4017915,0.5187507,0.37159562,0.5415087,0.39301783
V350011809_L04_37,0.32651943,0.3786223,0.30229968,0.3235757,0.38226014,0.40367177,0.56334877,0.41220075,0.30279124,0.4178244,0.3816789,0.38646752,0.3235424,0.30052602,0.32535833,0.42434153,0.4329204,0.3755371,0.33681354,0.42152166,0.3954504,0.5686017,0.5259914,0.3697455,0.7570081,0.8114984,0.7682812,0.81226003,0.59983224,0.74376935,0.784516,1.0,0.76878947,0.3018747,0.87598693,0.89362746,0.76938885,0.8146931,0.68393755,0.85457444,0.89438933,0.81083405,0.7639028,0.7639164,0.50834197,0.5743611,0.5756048,0.50830454,0.57524574,0.47053912,0.51099753,0.46628258,0.50426334,0.5236268,0.50426334,0.46726236,0.46579662,0.48037606,0.46413854,0.55857587,0.5057699,0.51373935,0.30335188,0.57450354,0.4942763,0.88537824,0.47586983,0.50257134,0.45628405,0.44864586,0.56396943,0.39443663,0.41211662,0.37997425,0.37371206,0.4406328,0.4397705,0.4286799,0.48371756,0.46619162,0.43482506,0.42490658,0.48777914,0.4262967,0.44656292,0.5835467,0.46416697,0.48915872,0.44664162,0.4842058,0.42253324,0.42419803,0.45904034,0.48915872,0.4568373,0.4842058,0.4894961,0.48915872,0.3948429,0.40622818,0.46432444,0.48915872,0.42436862,0.48915872,0.39307272,0.4055636,0.4521989,0.48915872,0.46853343,0.43628448,0.3822361,0.48118013,0.4939531,0.3568197,0.36789238,0.37801057,0.39495277,0.5194772,0.43243143,0.46606722,0.41365552
V350037201_L02_123,0.45438,0.37053376,0.47213304,0.45025653,0.40155196,0.45107278,0.51642877,0.47185957,0.47245827,0.41062933,0.44000423,0.4395319,0.4498937,0.42436254,0.44614652,0.44216087,0.4421553,0.38794008,0.4225318,0.47429028,0.3428924,0.45994148,0.5386251,0.5109706,0.8128609,0.9154494,0.9978255,0.91433895,0.5315145,0.845077,0.7037927,0.76878947,1.0,0.4693643,0.8177532,0.8156362,0.9977295,0.91416407,0.86389965,0.8056609,0.8163528,0.91469395,0.9974488,0.9976652,0.4691455,0.46325558,0.4663366,0.4669706,0.46625382,0.453368,0.4523862,0.48766032,0.4144752,0.48329055,0.4144752,0.33572403,0.4418049,0.48600465,0.4289021,0.5354978,0.49133176,0.50834084,0.47081986,0.5648784,0.6615154,0.82778573,0.48182073,0.495705,0.46779454,0.47064131,0.46657944,0.51637167,0.46934614,0.5200006,0.510994,0.5370178,0.41365337,0.42100468,0.44970804,0.3664483,0.38283223,0.36276948,0.50437707,0.38492426,0.5131845,0.5299389,0.42511964,0.35555542,0.43358326,0.3521137,0.36323404,0.36873075,0.3313185,0.35555542,0.44491273,0.3521137,0.35588223,0.35555542,0.3077858,0.3824873,0.33565575,0.35555542,0.39941767,0.35555542,0.39060736,0.35854137,0.43421823,0.35555542,0.33707994,0.403896,0.3861118,0.4480128,0.38346985,0.34498918,0.39103886,0.43212795,0.466778,0.45066962,0.48078644,0.42931587,0.45336747
V350011809_L04_131,0.9435674,0.7276099,0.9973,0.9426756,0.8036843,0.82069033,0.49182662,0.49090654,0.9973143,0.768782,0.86290604,0.8608266,0.9441421,0.922226,0.94580007,0.5018572,0.48900187,0.5241043,0.56422156,0.5456454,0.44480643,0.44082075,0.5458941,0.7393408,0.36428714,0.3963238,0.47014603,0.3970825,0.38872492,0.4446293,0.40086994,0.3018747,0.4693643,1.0,0.40741256,0.40304884,0.47268376,0.39184374,0.50350624,0.42211014,0.40293455,0.39586762,0.46512103,0.46768397,0.46476245,0.39945447,0.39801925,0.46278828,0.39765668,0.47598714,0.40743345,0.4358542,0.41664052,0.4495734,0.41664052,0.30724055,0.36846274,0.4575288,0.50333905,0.44473973,0.4756347,0.47920603,0.99756074,0.32195467,0.4496054,0.41315764,0.4859736,0.4432789,0.5033233,0.43916386,0.50178915,0.7110702,0.6765885,0.73686147,0.7358227,0.68248296,0.4517225,0.44458675,0.44203767,0.43013012,0.42800373,0.48738953,0.5021707,0.43468124,0.52089053,0.4816124,0.51035833,0.3069565,0.38155252,0.31935787,0.37517247,0.40102986,0.3217294,0.3069565,0.3817772,0.31935787,0.30634356,0.3069565,0.3836966,0.3774199,0.30527627,0.3069565,0.38594648,0.3069565,0.36321437,0.36508203,0.3715777,0.3069565,0.3050107,0.38274956,0.45885172,0.4960424,0.40402478,0.48954472,0.5470957,0.56521934,0.64117587,0.46568006,0.4697737,0.51205784,0.40575683
NK06292,0.44786644,0.4897596,0.4099862,0.4463228,0.497785,0.5616461,0.5138164,0.43972102,0.41015324,0.46416777,0.5086929,0.5103034,0.44539422,0.4051342,0.44221064,0.4066782,0.39444354,0.44124556,0.38689154,0.50041765,0.34974405,0.5990499,0.48982343,0.49610952,0.6568718,0.723186,0.81366134,0.7213681,0.6322038,0.6784948,0.8845749,0.87598693,0.8177532,0.40741256,1.0,0.9889141,0.81606436,0.724792,0.7469814,0.9789854,0.98928094,0.7205805,0.81192064,0.811651,0.4401484,0.5132068,0.51430583,0.4390921,0.51514935,0.40628737,0.47960466,0.4323402,0.4764053,0.5138538,0.4764053,0.39072835,0.41738594,0.46809635,0.44611406,0.55930275,0.48995587,0.4909654,0.40980643,0.5369079,0.5821868,0.9912131,0.43796498,0.54545283,0.44556874,0.4123477,0.5454708,0.51369715,0.43501276,0.508788,0.49849898,0.58689654,0.40645617,0.39818954,0.40929994,0.42491254,0.3995434,0.3560532,0.57886386,0.3873662,0.4530198,0.5210016,0.4109838,0.4191659,0.40641302,0.44338888,0.35837057,0.38103086,0.4017756,0.4191659,0.41782096,0.44338888,0.42278016,0.4191659,0.33555767,0.3946631,0.39081,0.4191659,0.38582313,0.4191659,0.3814571,0.35715452,0.40817797,0.4191659,0.38755453,0.40229097,0.3438298,0.44265544,0.44145593,0.32583293,0.34402207,0.38882998,0.4099003,0.48550758,0.39644295,0.46357125,0.3960614
V300073501_L01_88,0.44331104,0.49300998,0.4058048,0.4409166,0.49606794,0.55607986,0.5266496,0.43196106,0.40613276,0.47616243,0.5031979,0.50517994,0.4405487,0.39760157,0.43851122,0.40713167,0.40422115,0.43770474,0.38156542,0.48606598,0.36821836,0.5998664,0.48798466,0.48773372,0.67302334,0.7220342,0.8155929,0.72145927,0.6465971,0.6834127,0.8782819,0.89362746,0.8156362,0.40304884,0.9889141,1.0,0.81814206,0.72446615,0.7457496,0.97344863,0.9993873,0.71989584,0.80685794,0.80698854,0.4462317,0.51148915,0.5125656,0.4449015,0.5131895,0.40882176,0.47550818,0.42258692,0.47726187,0.50574785,0.47726187,0.38725471,0.4064825,0.47282565,0.46167275,0.55395603,0.4917695,0.49303237,0.40566158,0.5267027,0.5692357,0.991566,0.44473445,0.538578,0.42632878,0.4155711,0.5410052,0.5081366,0.42850935,0.4990635,0.48875204,0.574815,0.41355705,0.39795914,0.42520356,0.42612493,0.40581006,0.36833972,0.5696439,0.4007901,0.46509534,0.5178606,0.42687362,0.41379353,0.39351493,0.44440562,0.3610068,0.37204942,0.40219435,0.41379353,0.40323967,0.44440562,0.41701424,0.41379353,0.34152493,0.37414336,0.3956865,0.41379353,0.37684613,0.41379353,0.3745469,0.35541657,0.3971641,0.41379353,0.38638616,0.39250946,0.3555354,0.4464479,0.4615178,0.3435291,0.3475546,0.3809625,0.4133174,0.4984645,0.39987653,0.47108698,0.3753384
V350011903_L04_117,0.45551106,0.3720147,0.47435296,0.4512898,0.4023326,0.4490628,0.5098142,0.4677774,0.47487548,0.41271168,0.43956456,0.4391838,0.45101577,0.42637286,0.44859546,0.44318232,0.44460732,0.3857587,0.42351034,0.4753468,0.3470428,0.45782673,0.5384101,0.5129839,0.8107901,0.90972555,0.999242,0.90899074,0.5340019,0.8396545,0.700248,0.76938885,0.9977295,0.47268376,0.81606436,0.81814206,1.0,0.90838397,0.86028886,0.80365807,0.8185852,0.9088902,0.995016,0.9954629,0.4721673,0.46611133,0.46913552,0.469818,0.46898314,0.45815015,0.44953266,0.47887754,0.4121429,0.4820922,0.4121429,0.33978283,0.44060928,0.48221,0.42988715,0.5306496,0.48706427,0.504578,0.473011,0.5672013,0.6630401,0.8255052,0.48061788,0.49468318,0.46107027,0.47857967,0.46690387,0.51831645,0.47181666,0.52077097,0.5125967,0.53727627,0.4141199,0.41784233,0.44778273,0.36214095,0.385144,0.36247915,0.5000217,0.3872147,0.5115212,0.52781403,0.4256739,0.35666677,0.4318828,0.35543904,0.36631447,0.37108442,0.33571613,0.35666677,0.44336838,0.35543904,0.3568726,0.35666677,0.312288,0.38014188,0.3383709,0.35666677,0.3984308,0.35666677,0.39142415,0.36125308,0.43307924,0.35666677,0.34100303,0.40264976,0.38949966,0.44673648,0.38590693,0.35495612,0.3906154,0.43327534,0.46664307,0.44673622,0.4837606,0.42451805,0.45294175
NK08152,0.37219143,0.31009877,0.39632437,0.36860794,0.33148617,0.36041766,0.53453356,0.46472406,0.39731365,0.36666143,0.36559886,0.36686972,0.3683345,0.35468388,0.3620069,0.44068515,0.42408133,0.3576311,0.4159505,0.42087984,0.36263674,0.45561627,0.5853406,0.43107843,0.87159306,0.99713373,0.90912634,0.99906886,0.48310342,0.8859348,0.6256768,0.8146931,0.91416407,0.39184374,0.724792,0.72446615,0.90838397,1.0,0.7927904,0.7121108,0.7265146,0.9964874,0.9186054,0.9176946,0.52687705,0.4847909,0.48726922,0.5259459,0.4861752,0.5017403,0.49511558,0.5538453,0.45542094,0.4971082,0.45542094,0.39622286,0.49738392,0.5001518,0.41383153,0.526287,0.469357,0.49454823,0.39626998,0.580272,0.58482337,0.73760957,0.48777285,0.47262868,0.5247445,0.45921484,0.48531812,0.43608516,0.4886923,0.44339603,0.43202507,0.44646123,0.44413754,0.4252341,0.5049598,0.41637695,0.43464357,0.41008008,0.47270113,0.41258287,0.5115907,0.5987246,0.47248685,0.4103369,0.48433784,0.37360704,0.38860342,0.39394003,0.37389094,0.4103369,0.49865976,0.37360704,0.40920365,0.4103369,0.35442835,0.41229147,0.38578558,0.4103369,0.44089535,0.4103369,0.40965196,0.3973995,0.49232998,0.4103369,0.39455968,0.45354906,0.4105903,0.4927794,0.40863124,0.35896936,0.4059687,0.4283941,0.4428605,0.4709223,0.47665685,0.44989207,0.47252727
NK08256,0.51305705,0.42348135,0.50620955,0.5127776,0.43171325,0.49864995,0.51712644,0.54045796,0.5083366,0.4298078,0.47542518,0.47176224,0.5105313,0.48838228,0.50253916,0.4843382,0.49065503,0.4518726,0.49110246,0.49355245,0.3339877,0.41102475,0.5118562,0.53093654,0.70297086,0.78844595,0.8587324,0.7919679,0.5026756,0.7311051,0.7236906,0.68393755,0.86389965,0.50350624,0.7469814,0.7457496,0.86028886,0.7927904,1.0,0.7582862,0.74710786,0.78599095,0.861712,0.86101127,0.456734,0.4403148,0.44237232,0.45420837,0.44118056,0.43052506,0.45228007,0.4810921,0.40825868,0.4544824,0.40825868,0.33955437,0.4365624,0.5028965,0.4780728,0.49487102,0.48249447,0.47600138,0.5070582,0.5476964,0.67106724,0.759268,0.5182175,0.49521458,0.50189704,0.4501011,0.47252747,0.52637583,0.48429173,0.5426133,0.53286797,0.5438942,0.44902474,0.407903,0.48677057,0.4084707,0.4064119,0.34371373,0.5560215,0.42060897,0.5589042,0.4931718,0.45077693,0.36886904,0.44031823,0.3455217,0.36144954,0.3686505,0.3610396,0.36886904,0.44493613,0.3455217,0.3664479,0.36886904,0.31368336,0.42060602,0.35612068,0.36886904,0.4158953,0.36886904,0.42261127,0.37097472,0.4292855,0.36886904,0.34279174,0.40304077,0.38949704,0.48893732,0.4465347,0.3657642,0.4193057,0.4323148,0.5167354,0.42889112,0.48928273,0.46996197,0.43802458
NK08348,0.4637627,0.5134334,0.42788792,0.46304715,0.51257396,0.5794175,0.5272953,0.42882514,0.42845145,0.46406478,0.52753943,0.529082,0.462186,0.42032483,0.45604476,0.42597914,0.41010576,0.44974545,0.3953364,0.51456374,0.3489685,0.60726595,0.4789652,0.5103089,0.6358189,0.71000373,0.8013413,0.70837724,0.6199231,0.66856396,0.8646951,0.85457444,0.8056609,0.42211014,0.9789854,0.97344863,0.80365807,0.7121108,0.7582862,1.0,0.97327256,0.7078151,0.7963984,0.79676694,0.45610958,0.519707,0.52067006,0.45486486,0.52056444,0.42571688,0.45994693,0.42749652,0.469294,0.51084673,0.469294,0.3772595,0.40697706,0.46898824,0.45032427,0.56121653,0.49097505,0.49997976,0.42769495,0.5479652,0.59858733,0.97840023,0.43116757,0.5723132,0.4609001,0.41826805,0.54631567,0.52460593,0.4450152,0.5253018,0.51265466,0.59456885,0.40445668,0.39254656,0.4174171,0.40002146,0.37853834,0.34976465,0.57680875,0.38227305,0.44907132,0.52879673,0.42271653,0.40915453,0.40270197,0.42500678,0.35419518,0.37391424,0.38789988,0.40915453,0.4099099,0.42500678,0.4130615,0.40915453,0.33427495,0.39289218,0.37401563,0.40915453,0.3798274,0.40915453,0.3807479,0.33975822,0.4029144,0.40915453,0.3760343,0.39647317,0.34490174,0.4590932,0.43553928,0.32373905,0.34572318,0.4006342,0.40864295,0.46656272,0.39626658,0.46551308,0.38736054
NK08041,0.4423692,0.490651,0.40547907,0.4401166,0.4948168,0.55444545,0.5246516,0.43613687,0.40566534,0.47533172,0.5027498,0.5047062,0.43970272,0.39897862,0.43765748,0.40810478,0.40735433,0.43730545,0.38334563,0.48815155,0.36532998,0.5942075,0.48843518,0.48732942,0.6732167,0.72410786,0.81610703,0.7236177,0.6459982,0.68398964,0.8774229,0.89438933,0.8163528,0.40293455,0.98928094,0.9993873,0.8185852,0.7265146,0.74710786,0.97327256,1.0,0.72203356,0.807527,0.80772686,0.44659525,0.51210517,0.51315,0.44526893,0.513739,0.40761876,0.47284427,0.42201236,0.47364298,0.5068422,0.47364298,0.38705108,0.40698534,0.4737274,0.46140826,0.55420965,0.49100208,0.49166393,0.4052744,0.52594066,0.568991,0.9915445,0.44604787,0.5358214,0.4276956,0.41715795,0.5389299,0.5080554,0.42871886,0.49886566,0.48866904,0.5739922,0.41539472,0.397697,0.4249231,0.42859527,0.40600345,0.3672385,0.5718256,0.401946,0.46777737,0.5166572,0.42692316,0.41311178,0.39388067,0.4438772,0.3617596,0.37159,0.40270376,0.41311178,0.4034387,0.4438772,0.41634455,0.41311178,0.34040254,0.3742298,0.39542213,0.41311178,0.37780723,0.41311178,0.3738405,0.3551371,0.39751,0.41311178,0.3859231,0.39175093,0.35596642,0.44556835,0.46030462,0.34356746,0.35019818,0.3832723,0.41353062,0.49510843,0.40321025,0.47054935,0.37616992
NK08059,0.37360874,0.3065592,0.40029004,0.37001255,0.33620554,0.3640147,0.5376257,0.45948723,0.40101713,0.37314397,0.3744736,0.37557086,0.36964568,0.35630482,0.36332577,0.45431057,0.43869877,0.3533223,0.41844037,0.4244726,0.36862883,0.4583233,0.58491206,0.43070018,0.86661166,0.99953943,0.91018146,0.9973061,0.49258292,0.8884226,0.6159618,0.81083405,0.91469395,0.39586762,0.7205805,0.71989584,0.9088902,0.9964874,0.78599095,0.7078151,0.72203356,1.0,0.9199569,0.9191444,0.52147865,0.48979422,0.49259627,0.5206163,0.4919505,0.49940565,0.4936601,0.5560856,0.45641047,0.4988308,0.45641047,0.3980586,0.4889509,0.49454072,0.41523615,0.52990776,0.47554445,0.50429046,0.4000637,0.5872496,0.5800411,0.7343997,0.48199818,0.4716739,0.5088954,0.47211266,0.49097925,0.4353429,0.48401824,0.44355926,0.43223667,0.45193723,0.43491587,0.43143183,0.4989874,0.408629,0.428044,0.4162248,0.4627577,0.4039144,0.50145924,0.5869195,0.46591353,0.40882593,0.47696686,0.372915,0.39490828,0.39575377,0.37520033,0.40882593,0.49150681,0.372915,0.40773505,0.40882593,0.35618642,0.41146174,0.38955694,0.40882593,0.43137378,0.40882593,0.40349063,0.4011082,0.48399192,0.40882593,0.39631656,0.4471352,0.41769964,0.4777143,0.4081027,0.35293636,0.40222728,0.44432443,0.45187113,0.47033766,0.48567575,0.4473973,0.47202873
7-50,0.44652978,0.36083177,0.46760193,0.4422694,0.3928411,0.43808267,0.51425004,0.47538608,0.46771738,0.39950886,0.43208325,0.4315417,0.4418972,0.41913188,0.43785986,0.44701773,0.4444015,0.3858539,0.426203,0.47103816,0.34128296,0.4557806,0.53972983,0.5047589,0.8124521,0.920804,0.99549824,0.9187627,0.52753085,0.84194374,0.69757354,0.7639028,0.9974488,0.46512103,0.81192064,0.80685794,0.995016,0.9186054,0.861712,0.7963984,0.807527,0.9199569,1.0,0.9994311,0.46864462,0.46504235,0.46819198,0.4664727,0.46849442,0.4559731,0.45822,0.49544463,0.41767392,0.4880152,0.41767392,0.34624112,0.45185718,0.48528633,0.41882724,0.5373581,0.49188295,0.51057035,0.46622726,0.5712698,0.6652617,0.8208556,0.4771441,0.49474818,0.46769303,0.47121805,0.46464694,0.5089812,0.46404672,0.5138879,0.5051113,0.52994955,0.41267627,0.42176628,0.44660586,0.36596888,0.38250655,0.36032155,0.49850908,0.3823198,0.5115209,0.5311152,0.42131466,0.3621747,0.4440481,0.3561855,0.36867437,0.37415463,0.33905134,0.3621747,0.45670503,0.3561855,0.36223167,0.3621747,0.31832072,0.38972598,0.34563577,0.3621747,0.40568575,0.3621747,0.40302488,0.36861444,0.44454014,0.3621747,0.34674498,0.4148596,0.3919388,0.44547972,0.38414323,0.34684718,0.38530836,0.4390328,0.46672818,0.4493379,0.482147,0.41995552,0.4665857
8-4,0.44864157,0.36228663,0.4702319,0.44429132,0.39548326,0.44003463,0.5143257,0.47621274,0.4703521,0.40189594,0.4350894,0.4346047,0.4439757,0.41979912,0.4399705,0.44792122,0.44502208,0.38785312,0.42949045,0.4704606,0.34008485,0.45664847,0.5377443,0.50603634,0.81333685,0.9198898,0.99590933,0.9177765,0.5287639,0.8418042,0.6976112,0.7639164,0.9976652,0.46768397,0.811651,0.80698854,0.9954629,0.9176946,0.86101127,0.79676694,0.80772686,0.9191444,0.9994311,1.0,0.47009122,0.46725404,0.47031716,0.4678561,0.4705652,0.4565449,0.45958978,0.49579492,0.41931173,0.48963952,0.41931173,0.34409976,0.448708,0.48714226,0.41990867,0.5372401,0.49026692,0.50971144,0.46884456,0.570755,0.6653658,0.8207117,0.47923997,0.494776,0.4656328,0.4705502,0.46554148,0.5096805,0.46462852,0.5149032,0.50628704,0.530343,0.412071,0.42067307,0.44647402,0.3636823,0.38153872,0.36261904,0.49882436,0.38349015,0.5124191,0.5290646,0.421048,0.35938865,0.44117472,0.35465428,0.3684472,0.37233663,0.33781445,0.35938865,0.45360613,0.35465428,0.3594188,0.35938865,0.31464177,0.38777125,0.34379122,0.35938865,0.40332878,0.35938865,0.40061125,0.36734027,0.44168904,0.35938865,0.3448457,0.4121902,0.39055303,0.44505787,0.383197,0.34538597,0.3841937,0.44003195,0.46739146,0.44928396,0.48182312,0.42125323,0.46169674
NK04161,0.4781393,0.47971675,0.46828425,0.47978964,0.46109134,0.4339721,0.46186736,0.43043283,0.4675666,0.4310137,0.418188,0.4225452,0.48039675,0.4841582,0.47703007,0.5067272,0.4472939,0.43100476,0.4039527,0.41528767,0.42748722,0.56046176,0.55934775,0.47772664,0.52846277,0.52162856,0.47244954,0.5273912,0.4264078,0.4747624,0.45674297,0.50834197,0.4691455,0.46476245,0.4401484,0.4462317,0.4721673,0.52687705,0.456734,0.45610958,0.44659525,0.52147865,0.46864462,0.47009122,1.0,0.8210171,0.8218318,0.99934596,0.8197121,0.89024025,0.48846224,0.4876784,0.4889606,0.5429891,0.4889606,0.45320857,0.51434886,0.61007404,0.50462794,0.53442985,0.5024989,0.50275373,0.46562356,0.5385674,0.5335134,0.43220508,0.49955675,0.56978256,0.60534483,0.4223317,0.58572644,0.49164787,0.51943034,0.48825008,0.48288208,0.4556036,0.514687,0.3988396,0.5165703,0.43207625,0.46920246,0.48707485,0.45692822,0.51282537,0.53690803,0.6723424,0.6798316,0.4310975,0.511177,0.46465325,0.43597245,0.45493773,0.42921838,0.4310975,0.5078219,0.46465325,0.43380922,0.4310975,0.40046492,0.42524743,0.43692148,0.4310975,0.5269906,0.4310975,0.47291362,0.4116677,0.51478356,0.4310975,0.4507726,0.50863296,0.39959425,0.6080216,0.5418091,0.4417347,0.3987574,0.4437682,0.38661373,0.45444256,0.40108886,0.51520866,0.47040868
V300073501_L04_115,0.43416026,0.5054479,0.39986455,0.43592912,0.50349647,0.46206978,0.50904644,0.4395358,0.3980102,0.44548962,0.45178097,0.45473307,0.43472844,0.4155147,0.43549562,0.52984315,0.50191724,0.45390147,0.3876785,0.4994213,0.41967753,0.5714399,0.44147623,0.37218755,0.532068,0.48985437,0.46888426,0.48512942,0.48787647,0.43553764,0.51456875,0.5743611,0.46325558,0.39945447,0.5132068,0.51148915,0.46611133,0.4847909,0.4403148,0.519707,0.51210517,0.48979422,0.46504235,0.46725404,0.8210171,1.0,0.9994777,0.8213068,0.99863535,0.7465544,0.53701174,0.45785874,0.53009707,0.6548604,0.53009707,0.5193186,0.47186866,0.53808004,0.4875801,0.6053754,0.5636691,0.5734395,0.39750543,0.64281785,0.5343486,0.501422,0.42194122,0.59727347,0.46815547,0.44955814,0.57773703,0.38270426,0.37361968,0.37932312,0.3751852,0.4307006,0.42445588,0.3876732,0.509063,0.42967272,0.45855555,0.49800882,0.45899734,0.4690369,0.43970162,0.5878875,0.57903516,0.50891936,0.47023863,0.5166607,0.49076566,0.4679801,0.49986464,0.50891936,0.47297418,0.5166607,0.51243865,0.50891936,0.4280845,0.4565403,0.5170345,0.50891936,0.47745946,0.50891936,0.4578218,0.47027144,0.46761504,0.50891936,0.52000535,0.46578103,0.38687336,0.5278223,0.5766919,0.41246104,0.34160605,0.44224578,0.3775691,0.47649127,0.43756744,0.4520921,0.44769767
V350011797_L02_128,0.43196708,0.50225765,0.398255,0.43359953,0.50075006,0.45946524,0.5087391,0.439518,0.39637473,0.4445466,0.45041767,0.4532646,0.43237892,0.41420752,0.43327674,0.5318114,0.5045862,0.45317397,0.38944045,0.4998293,0.42171878,0.56988513,0.4404745,0.3704679,0.53490424,0.49262336,0.4720706,0.4876823,0.48829535,0.43760806,0.5148158,0.5756048,0.4663366,0.39801925,0.51430583,0.5125656,0.46913552,0.48726922,0.44237232,0.52067006,0.51315,0.49259627,0.46819198,0.47031716,0.8218318,0.9994777,1.0,0.8220875,0.9988898,0.7475679,0.53736204,0.46027282,0.5311673,0.655512,0.5311673,0.517811,0.4718315,0.5381592,0.48820993,0.60567755,0.56395614,0.5765362,0.39591292,0.6436919,0.5343105,0.50256777,0.42250535,0.5958281,0.4652285,0.4508325,0.5744637,0.3819102,0.37156165,0.3776014,0.37356704,0.4296546,0.42453682,0.38870502,0.5091912,0.42821082,0.4585284,0.49897426,0.45552394,0.46841317,0.4379872,0.58769774,0.5790526,0.5077891,0.47037494,0.51472306,0.4912818,0.46776366,0.49869406,0.5077891,0.47279686,0.51472306,0.5113711,0.5077891,0.4275127,0.45742315,0.51579094,0.5077891,0.47750175,0.5077891,0.45812973,0.4680925,0.46753374,0.5077891,0.5187201,0.46464416,0.38740927,0.5257329,0.57472134,0.41154718,0.34270525,0.44362667,0.37958297,0.47721475,0.44012764,0.44939914,0.44978026
V350011903_L01_36,0.47583035,0.47653896,0.46653113,0.4775521,0.45751855,0.43143353,0.4592889,0.4286943,0.4657877,0.42546904,0.4147639,0.41922638,0.4780911,0.4820753,0.47450688,0.5080253,0.44769788,0.43143702,0.4023753,0.41804248,0.42881596,0.5601997,0.5608989,0.4767509,0.52731067,0.52066433,0.47013873,0.52640533,0.4259415,0.47418156,0.45738974,0.50830454,0.4669706,0.46278828,0.4390921,0.4449015,0.469818,0.5259459,0.45420837,0.45486486,0.44526893,0.5206163,0.4664727,0.4678561,0.99934596,0.8213068,0.8220875,1.0,0.8204252,0.89061856,0.48803794,0.48560965,0.4891291,0.54537624,0.4891291,0.45487028,0.51602435,0.61446255,0.50272554,0.5389598,0.50556123,0.5066844,0.46379247,0.54043144,0.53401583,0.43087435,0.49540153,0.57214874,0.6052323,0.42376074,0.58482087,0.49066544,0.51884437,0.48704344,0.48183158,0.45495242,0.51301163,0.4019289,0.5167882,0.43332505,0.46863997,0.48400176,0.45698342,0.5102354,0.53505915,0.67268306,0.67820936,0.43334457,0.5131424,0.46527776,0.43674752,0.45642263,0.43061414,0.43334457,0.509644,0.46527776,0.43605512,0.43334457,0.40273777,0.42383686,0.43800765,0.43334457,0.52824813,0.43334457,0.47356522,0.41170177,0.51704514,0.43334457,0.45209184,0.5105611,0.3996905,0.60999024,0.54458445,0.4453316,0.4018303,0.44318515,0.38606033,0.4539644,0.4028781,0.5163924,0.47222584
V350037201_L04_39,0.43166047,0.4962918,0.39796746,0.4333266,0.49878967,0.4582021,0.510179,0.43992415,0.39606717,0.44338545,0.4477511,0.45068336,0.43217346,0.41267756,0.43299758,0.5325089,0.5032029,0.45696753,0.38969588,0.49905553,0.42230266,0.56939524,0.44091895,0.36562783,0.53369576,0.49201494,0.47216606,0.48660058,0.49128154,0.4387803,0.51648754,0.57524574,0.46625382,0.39765668,0.51514935,0.5131895,0.46898314,0.4861752,0.44118056,0.52056444,0.513739,0.4919505,0.46849442,0.4705652,0.8197121,0.99863535,0.9988898,0.8204252,1.0,0.747438,0.5427391,0.46401525,0.5371124,0.65569484,0.5371124,0.51754403,0.472291,0.54288054,0.48941898,0.60963184,0.566507,0.57879895,0.3955074,0.64238125,0.5330594,0.5033544,0.4216342,0.5983113,0.46393323,0.44964078,0.5737247,0.37709546,0.36649203,0.37258187,0.368594,0.4274196,0.42274955,0.39054865,0.50777024,0.42800194,0.45886028,0.49717844,0.45356444,0.46713677,0.43600246,0.5854142,0.57600486,0.5076762,0.4710366,0.5163903,0.49083328,0.4657049,0.4973868,0.5076762,0.47317272,0.5163903,0.51124936,0.5076762,0.4283931,0.45674953,0.51699525,0.5076762,0.47929144,0.5076762,0.45973247,0.46485445,0.46848267,0.5076762,0.51818687,0.46513745,0.3868857,0.5246517,0.5794198,0.4135006,0.34526283,0.4415183,0.37762532,0.48273715,0.44080368,0.44947615,0.4499153
NK06094,0.4874122,0.46116742,0.48085755,0.49111673,0.47056046,0.44851384,0.46600294,0.45195213,0.48226142,0.41281605,0.43036702,0.43468624,0.4899025,0.4960541,0.48777515,0.45689994,0.46111768,0.41296086,0.4173781,0.43417388,0.44763988,0.5542179,0.5286889,0.49184284,0.49587905,0.49833006,0.45795208,0.5027594,0.4208954,0.46229032,0.43681252,0.47053912,0.453368,0.47598714,0.40628737,0.40882176,0.45815015,0.5017403,0.43052506,0.42571688,0.40761876,0.49940565,0.4559731,0.4565449,0.89024025,0.7465544,0.7475679,0.89061856,0.747438,1.0,0.47050056,0.44114858,0.45762956,0.5209433,0.45762956,0.46862346,0.5197062,0.6799496,0.5083355,0.5928898,0.5397368,0.57326996,0.47867337,0.56213456,0.525455,0.4052438,0.5259447,0.5888597,0.5925738,0.4387266,0.6142111,0.49535218,0.5379575,0.49990368,0.49358404,0.4624924,0.5543885,0.45278317,0.52250177,0.4646438,0.45028573,0.4484235,0.4563954,0.53285986,0.5115774,0.5968816,0.6257312,0.4395948,0.5217869,0.45875707,0.45953187,0.4955792,0.4210431,0.4395948,0.51425874,0.45875707,0.44187412,0.4395948,0.45989615,0.4485648,0.4179084,0.4395948,0.53232795,0.4395948,0.49472097,0.41844416,0.5231065,0.4395948,0.46664807,0.5345388,0.39615047,0.6595056,0.5092799,0.49132156,0.45828438,0.4532853,0.41212344,0.4221824,0.41694194,0.5177666,0.47039145
V350037201_L02_59,0.4055432,0.44213116,0.4095112,0.40550935,0.4951436,0.4129508,0.5376388,0.50787365,0.40795064,0.46608818,0.43248546,0.4345777,0.40672046,0.4307217,0.3990448,0.5709945,0.47467253,0.65721714,0.5666662,0.42892858,0.49199086,0.66897255,0.53414184,0.41617757,0.5203156,0.4950671,0.44969755,0.49254203,0.53784937,0.4982673,0.50144005,0.51099753,0.4523862,0.40743345,0.47960466,0.47550818,0.44953266,0.49511558,0.45228007,0.45994693,0.47284427,0.4936601,0.45822,0.45958978,0.48846224,0.53701174,0.53736204,0.48803794,0.5427391,0.47050056,1.0,0.8229091,0.90517277,0.6500988,0.90517277,0.4533812,0.41292155,0.5758967,0.57177556,0.586174,0.53123605,0.5668949,0.40687844,0.52668685,0.512204,0.48356277,0.5029337,0.5356718,0.4426246,0.46142107,0.5067378,0.42210567,0.45375195,0.414315,0.41339034,0.41849113,0.47879153,0.47066608,0.5076557,0.49917778,0.53668535,0.5703947,0.484675,0.5147374,0.4680454,0.5433672,0.43319297,0.44549575,0.4076107,0.4684405,0.4399367,0.38310617,0.45875207,0.44549575,0.41745466,0.4684405,0.4457032,0.44549575,0.42381325,0.4366382,0.48507094,0.44549575,0.40735504,0.44549575,0.425503,0.4601013,0.41664636,0.44549575,0.44776046,0.41820508,0.5064558,0.45951676,0.5534908,0.42415303,0.44671974,0.47861704,0.497309,0.7601299,0.46259248,0.52739584,0.41260147
NK04021,0.4081143,0.4255858,0.43608037,0.40702894,0.4498192,0.37091404,0.5228853,0.49301636,0.43479908,0.4391272,0.41919285,0.4172271,0.40929615,0.44425315,0.4023636,0.67512167,0.5572555,0.7028331,0.7023275,0.41149047,0.53205603,0.58257073,0.5694782,0.43705225,0.52605176,0.5565362,0.48172563,0.5519531,0.49851584,0.5441942,0.42034584,0.46628258,0.48766032,0.4358542,0.4323402,0.42258692,0.47887754,0.5538453,0.4810921,0.42749652,0.42201236,0.5560856,0.49544463,0.49579492,0.4876784,0.45785874,0.46027282,0.48560965,0.46401525,0.44114858,0.8229091,1.0,0.86523664,0.6218865,0.86523664,0.4245441,0.41469985,0.55430424,0.57219857,0.5256788,0.5366135,0.5367508,0.4363265,0.46324912,0.5045843,0.4345687,0.5005451,0.5106741,0.53250116,0.5201952,0.4678764,0.4283652,0.4739479,0.43403912,0.4392556,0.4273939,0.4961564,0.5155562,0.51554495,0.48768097,0.5332102,0.6087188,0.42047748,0.51745856,0.46086076,0.510026,0.46261558,0.4036897,0.40904593,0.4279678,0.43898293,0.3862211,0.43516812,0.4036897,0.4165261,0.4279678,0.40231296,0.4036897,0.44166833,0.45479065,0.46641907,0.4036897,0.42236418,0.4036897,0.4511479,0.45510554,0.4203947,0.4036897,0.42090052,0.4117576,0.56507736,0.4455349,0.5208566,0.46836543,0.48792592,0.5921166,0.52807915,0.7024839,0.5222593,0.5030327,0.43486825
NK04006,0.40518922,0.47395584,0.4202271,0.40538156,0.4900085,0.42887896,0.56175375,0.47407576,0.41872835,0.4769743,0.44465327,0.4453828,0.40701205,0.43147692,0.39677885,0.5932496,0.49678802,0.72215295,0.64024544,0.4208916,0.52964646,0.6600044,0.5454347,0.42449573,0.4778899,0.4574888,0.41224116,0.45155108,0.5490071,0.46797213,0.47805786,0.50426334,0.4144752,0.41664052,0.4764053,0.47726187,0.4121429,0.45542094,0.40825868,0.469294,0.47364298,0.45641047,0.41767392,0.41931173,0.4889606,0.53009707,0.5311673,0.4891291,0.5371124,0.45762956,0.90517277,0.86523664,1.0,0.6264395,1.0,0.45942247,0.40857428,0.54076445,0.5558926,0.54800457,0.4965448,0.52539474,0.4186298,0.50237143,0.5158476,0.4797432,0.46952793,0.52181214,0.44568893,0.48051387,0.50321203,0.42025036,0.4493858,0.4210757,0.42485726,0.45557883,0.48552153,0.47677696,0.50720423,0.48492727,0.5256922,0.58195794,0.45719635,0.51730126,0.4320719,0.5187925,0.47676992,0.4611587,0.40616953,0.48364025,0.46031398,0.40647888,0.4687406,0.4611587,0.41732904,0.48364025,0.4624994,0.4611587,0.44473958,0.46111685,0.49070525,0.4611587,0.41919556,0.4611587,0.44683188,0.475788,0.4191404,0.4611587,0.4497636,0.42991877,0.51244533,0.4617502,0.54821014,0.4249112,0.4420715,0.50520283,0.471807,0.7614448,0.45658192,0.5222757,0.4076782
V300093475_L03_15,0.43235645,0.48046896,0.450908,0.430632,0.49877137,0.41691786,0.47415954,0.43805623,0.44947758,0.4364403,0.45578066,0.45459574,0.43111193,0.46285927,0.42921114,0.56619734,0.5536655,0.6093327,0.54391396,0.58557475,0.45438358,0.5502588,0.4311969,0.40092945,0.5063304,0.5002226,0.48466587,0.49362493,0.565202,0.44671392,0.46887165,0.5236268,0.48329055,0.4495734,0.5138538,0.50574785,0.4820922,0.4971082,0.4544824,0.51084673,0.5068422,0.4988308,0.4880152,0.48963952,0.5429891,0.6548604,0.655512,0.54537624,0.65569484,0.5209433,0.6500988,0.6218865,0.6264395,1.0,0.6264395,0.44439927,0.4452423,0.7209986,0.5742402,0.84282213,0.6717973,0.7420136,0.45018756,0.514118,0.5071245,0.51528203,0.40731564,0.5904221,0.45508522,0.533855,0.45675933,0.40623066,0.41462618,0.3955036,0.3979972,0.39685863,0.3851164,0.43352827,0.42107308,0.44387612,0.44115826,0.5187339,0.43972027,0.43012953,0.38944313,0.5169858,0.4737812,0.4687064,0.44523612,0.47934544,0.42987615,0.43346527,0.42067772,0.4687064,0.4452585,0.47934544,0.46914303,0.4687064,0.4441077,0.42273495,0.4388635,0.4687064,0.4347089,0.4687064,0.3981857,0.43192568,0.44537538,0.4687064,0.44466278,0.43832853,0.48842597,0.44016418,0.5160803,0.45095277,0.4218603,0.57781506,0.47844183,0.5384267,0.542799,0.47699097,0.40216383
V350011797_L04_45,0.40518922,0.47395584,0.4202271,0.40538156,0.4900085,0.42887896,0.56175375,0.47407576,0.41872835,0.4769743,0.44465327,0.4453828,0.40701205,0.43147692,0.39677885,0.5932496,0.49678802,0.72215295,0.64024544,0.4208916,0.52964646,0.6600044,0.5454347,0.42449573,0.4778899,0.4574888,0.41224116,0.45155108,0.5490071,0.46797213,0.47805786,0.50426334,0.4144752,0.41664052,0.4764053,0.47726187,0.4121429,0.45542094,0.40825868,0.469294,0.47364298,0.45641047,0.41767392,0.41931173,0.4889606,0.53009707,0.5311673,0.4891291,0.5371124,0.45762956,0.90517277,0.86523664,1.0,0.6264395,1.0,0.45942247,0.40857428,0.54076445,0.5558926,0.54800457,0.4965448,0.52539474,0.4186298,0.50237143,0.5158476,0.4797432,0.46952793,0.52181214,0.44568893,0.48051387,0.50321203,0.42025036,0.4493858,0.4210757,0.42485726,0.45557883,0.48552153,0.47677696,0.50720423,0.48492727,0.5256922,0.58195794,0.45719635,0.51730126,0.4320719,0.5187925,0.47676992,0.4611587,0.40616953,0.48364025,0.46031398,0.40647888,0.4687406,0.4611587,0.41732904,0.48364025,0.4624994,0.4611587,0.44473958,0.46111685,0.49070525,0.4611587,0.41919556,0.4611587,0.44683188,0.475788,0.4191404,0.4611587,0.4497636,0.42991877,0.51244533,0.4617502,0.54821014,0.4249112,0.4420715,0.50520283,0.471807,0.7614448,0.45658192,0.5222757,0.4076782
V350037201_L03_47,0.3026067,0.37268752,0.30290717,0.30527025,0.36323988,0.34824094,0.45067778,0.4799179,0.3027219,0.36076263,0.35058084,0.3514536,0.30400494,0.34112448,0.31421584,0.43663788,0.5518615,0.4591813,0.46556887,0.49874112,0.55153215,0.40345606,0.37161508,0.3340503,0.41748315,0.39609736,0.33727112,0.3939498,0.46118715,0.3594639,0.42227674,0.46726236,0.33572403,0.30724055,0.39072835,0.38725471,0.33978283,0.39622286,0.33955437,0.3772595,0.38705108,0.3980586,0.34624112,0.34409976,0.45320857,0.5193186,0.517811,0.45487028,0.51754403,0.46862346,0.4533812,0.4245441,0.45942247,0.44439927,0.45942247,1.0,0.745346,0.40398055,0.34582183,0.4016012,0.35801393,0.38937545,0.3028935,0.659399,0.4707335,0.37864766,0.41755122,0.47130376,0.5001989,0.5373839,0.47627228,0.33375517,0.37956992,0.3279748,0.3400886,0.35206577,0.44021943,0.5631746,0.4888978,0.5149231,0.48367718,0.44170555,0.4317776,0.44539526,0.39856696,0.48162052,0.48912808,0.91255283,0.7489588,0.7998461,0.79678977,0.84538865,0.93463886,0.91255283,0.75201076,0.7998461,0.91105694,0.91255283,0.8334202,0.7682451,0.92470133,0.91255283,0.7170204,0.91255283,0.80858225,0.86768514,0.74257493,0.91255283,0.99556005,0.77069557,0.52804023,0.48956007,0.55867106,0.55896664,0.49863574,0.4859382,0.39103943,0.39259514,0.52990335,0.3464595,0.7353482
V350037201_L03_13,0.36638236,0.35816807,0.36707503,0.3648318,0.34012705,0.34570202,0.41502523,0.4147519,0.36437187,0.35932934,0.33594853,0.33891413,0.36583835,0.3909622,0.3753368,0.40540972,0.47827697,0.40884686,0.3866921,0.57210165,0.5843934,0.36471355,0.44300348,0.37996775,0.46819776,0.48977834,0.43856347,0.4936997,0.40682074,0.41796952,0.43197125,0.46579662,0.4418049,0.36846274,0.41738594,0.4064825,0.44060928,0.49738392,0.4365624,0.40697706,0.40698534,0.4889509,0.45185718,0.448708,0.51434886,0.47186866,0.4718315,0.51602435,0.472291,0.5197062,0.41292155,0.41469985,0.40857428,0.4452423,0.40857428,0.745346,1.0,0.40825734,0.36757055,0.3951136,0.3405469,0.36128452,0.36433148,0.5565109,0.49365944,0.40884584,0.40554154,0.41182974,0.5215121,0.5079348,0.44828874,0.3919062,0.43682566,0.37850398,0.38153136,0.37258714,0.4245685,0.5821253,0.4455513,0.41066104,0.42972875,0.4408975,0.36880827,0.3997537,0.38513392,0.59076935,0.522412,0.79993,0.99390805,0.7585557,0.6673361,0.7533767,0.68012345,0.79993,0.9880092,0.7585557,0.8001675,0.79993,0.704512,0.69310313,0.6835617,0.79993,0.9472489,0.79993,0.8010126,0.67996895,0.99337554,0.79993,0.7467367,0.9482114,0.5279183,0.49926984,0.4629277,0.54440665,0.54584306,0.49409348,0.4050061,0.36717743,0.5168567,0.343392,0.8912399
NK01117,0.45662448,0.45461285,0.4662405,0.4593339,0.49294055,0.4434008,0.50282,0.49050528,0.4677192,0.4104042,0.44971976,0.45253626,0.4588703,0.48275626,0.45051268,0.4756031,0.47328806,0.55868065,0.5101035,0.4559537,0.4130363,0.6110145,0.48587435,0.45644513,0.48526686,0.49473578,0.48402023,0.497047,0.5378048,0.5312854,0.519032,0.48037606,0.48600465,0.4575288,0.46809635,0.47282565,0.48221,0.5001518,0.5028965,0.46898824,0.4737274,0.49454072,0.48528633,0.48714226,0.61007404,0.53808004,0.5381592,0.61446255,0.54288054,0.6799496,0.5758967,0.55430424,0.54076445,0.7209986,0.54076445,0.40398055,0.40825734,1.0,0.6450857,0.85473204,0.68078744,0.7502835,0.46465304,0.47481173,0.5474263,0.4833111,0.5701072,0.6368542,0.5645344,0.40248704,0.5771686,0.46882507,0.47309914,0.45922235,0.45431092,0.42690676,0.522547,0.45028952,0.50755787,0.508944,0.45135438,0.4334845,0.5665688,0.5101012,0.551068,0.5090564,0.5255754,0.40408373,0.41230088,0.4188344,0.3950045,0.37562355,0.37764436,0.40408373,0.40074113,0.4188344,0.40452957,0.40408373,0.43037218,0.36918092,0.38979718,0.40408373,0.4333954,0.40408373,0.39333868,0.391056,0.41101,0.40408373,0.40168214,0.42573994,0.43254417,0.6316172,0.5583252,0.48932275,0.5196178,0.4307928,0.48681474,0.5001674,0.42307138,0.6381191,0.3265842
V300063714_L03_93,0.5161539,0.50747234,0.5039559,0.51612633,0.54704344,0.49175394,0.52022105,0.5044987,0.5053638,0.5850638,0.5055618,0.504847,0.5176848,0.530403,0.51685846,0.595162,0.55366564,0.5903125,0.56059724,0.51144063,0.55196697,0.60820216,0.4904552,0.49604088,0.48579302,0.41425896,0.4320755,0.4155286,0.6077684,0.49727452,0.45448375,0.46413854,0.4289021,0.50333905,0.44611406,0.46167275,0.42988715,0.41383153,0.4780728,0.45032427,0.46140826,0.41523615,0.41882724,0.41990867,0.50462794,0.4875801,0.48820993,0.50272554,0.48941898,0.5083355,0.57177556,0.57219857,0.5558926,0.5742402,0.5558926,0.34582183,0.36757055,0.6450857,1.0,0.6143136,0.6570642,0.64667726,0.5044447,0.36434394,0.40228578,0.45507282,0.56988925,0.55302685,0.5041141,0.5304029,0.52348256,0.5115449,0.5086653,0.49597993,0.49327675,0.46989462,0.53949153,0.54071414,0.5472445,0.55929196,0.574209,0.5989282,0.5152529,0.5444949,0.53746295,0.477076,0.5016985,0.34867918,0.3633952,0.40579522,0.39751327,0.34348604,0.35365164,0.34867918,0.3481898,0.40579522,0.3506793,0.34867918,0.41444156,0.39368755,0.3791319,0.34867918,0.42211077,0.34867918,0.3386036,0.39496997,0.3690071,0.34867918,0.3547096,0.35297814,0.56180525,0.47099578,0.52367866,0.50747174,0.5344095,0.5119931,0.61611676,0.62183297,0.53907645,0.6586305,0.3268962
V350011809_L01_25,0.44430718,0.4630096,0.45184526,0.44556743,0.5313881,0.45900026,0.5053336,0.43730414,0.4530622,0.43392622,0.47498637,0.47663936,0.4457265,0.47215593,0.43716702,0.45778573,0.5010345,0.5344418,0.4564756,0.51984537,0.39829695,0.6231051,0.43905744,0.41250807,0.52206516,0.52997744,0.53401077,0.52428824,0.5737796,0.53268915,0.54499197,0.55857587,0.5354978,0.44473973,0.55930275,0.55395603,0.5306496,0.526287,0.49487102,0.56121653,0.55420965,0.52990776,0.5373581,0.5372401,0.53442985,0.6053754,0.60567755,0.5389598,0.60963184,0.5928898,0.586174,0.5256788,0.54800457,0.84282213,0.54800457,0.4016012,0.3951136,0.85473204,0.6143136,1.0,0.77618575,0.8783734,0.4512983,0.5087515,0.49993554,0.5736879,0.47049546,0.6558871,0.4963452,0.4497189,0.53342766,0.42645115,0.42449763,0.41478384,0.40976298,0.42865682,0.4231156,0.42684293,0.45835578,0.4754318,0.41081744,0.45789337,0.52504563,0.4349081,0.43651396,0.49521947,0.45063266,0.42913616,0.39602488,0.41906795,0.40462714,0.394871,0.37643236,0.42913616,0.389192,0.41906795,0.43054122,0.42913616,0.4408782,0.38290334,0.3847015,0.42913616,0.3978547,0.42913616,0.34680158,0.36236557,0.39434713,0.42913616,0.40125358,0.39449143,0.4366795,0.51376605,0.51646507,0.4475118,0.4661032,0.47485903,0.4684556,0.53858984,0.4891265,0.56080157,0.34116495
NK01018,0.47211674,0.49741942,0.4753344,0.47171086,0.53356886,0.4576906,0.4869033,0.4926651,0.4759373,0.48067093,0.47437948,0.47567412,0.47255194,0.50416464,0.47277892,0.53765124,0.53950095,0.51752824,0.51828974,0.47743532,0.5058203,0.5903674,0.47310987,0.47799006,0.50264996,0.47518197,0.4903508,0.4722245,0.5929691,0.5327394,0.49803478,0.5057699,0.49133176,0.4756347,0.48995587,0.4917695,0.48706427,0.469357,0.48249447,0.49097505,0.49100208,0.47554445,0.49188295,0.49026692,0.5024989,0.5636691,0.56395614,0.50556123,0.566507,0.5397368,0.53123605,0.5366135,0.4965448,0.6717973,0.4965448,0.35801393,0.3405469,0.68078744,0.6570642,0.77618575,1.0,0.8760451,0.47633666,0.4526114,0.4416571,0.50167125,0.540394,0.5896702,0.46437776,0.49343985,0.5324602,0.48915514,0.4717473,0.47572806,0.47570163,0.46826613,0.5222522,0.52592784,0.5371863,0.55763996,0.5241613,0.54928505,0.50924295,0.5292696,0.5209206,0.42684072,0.4673685,0.37137628,0.33741793,0.3744137,0.45102316,0.39725852,0.38489458,0.37137628,0.3242256,0.3744137,0.37096465,0.37137628,0.43239275,0.3976885,0.39676723,0.37137628,0.35796088,0.37137628,0.36301675,0.38865867,0.33426082,0.37137628,0.3685385,0.33124733,0.5100854,0.4525998,0.54807425,0.50001657,0.493017,0.52031815,0.57596064,0.5765124,0.52542144,0.5716747,0.3707245
NK12042,0.4708642,0.4606312,0.4824028,0.46940187,0.52341676,0.4468775,0.52850896,0.47378927,0.4820095,0.45178205,0.4827909,0.48383942,0.4695862,0.49568632,0.46695894,0.49404675,0.55935204,0.50877386,0.49341097,0.51162857,0.46237653,0.60240716,0.4259892,0.429807,0.52116776,0.50323987,0.5090872,0.49617302,0.5730228,0.53812,0.4920328,0.51373935,0.50834084,0.47920603,0.4909654,0.49303237,0.504578,0.49454823,0.47600138,0.49997976,0.49166393,0.50429046,0.51057035,0.50971144,0.50275373,0.5734395,0.5765362,0.5066844,0.57879895,0.57326996,0.5668949,0.5367508,0.52539474,0.7420136,0.52539474,0.38937545,0.36128452,0.7502835,0.64667726,0.8783734,0.8760451,1.0,0.48154944,0.48757562,0.44080028,0.5110567,0.5028568,0.63794154,0.4464401,0.49338537,0.5057263,0.44443324,0.42563534,0.42786956,0.4254067,0.4364828,0.4834326,0.51883656,0.4856047,0.51841635,0.45968696,0.53192294,0.47890386,0.48681855,0.4669753,0.43129292,0.44542834,0.39771208,0.3626119,0.3709215,0.44738445,0.41787377,0.39364824,0.39771208,0.35026664,0.3709215,0.39819366,0.39771208,0.45848426,0.3943298,0.39533025,0.39771208,0.3704858,0.39771208,0.35716677,0.3952429,0.3600123,0.39771208,0.3981432,0.35229886,0.50891876,0.47385934,0.5157495,0.47768506,0.4842034,0.5177482,0.55627847,0.5736731,0.5304143,0.54482824,0.37178645
V350011809_L04_30,0.946559,0.73436964,0.999424,0.94583416,0.8092374,0.8289457,0.49910092,0.4923973,0.9995712,0.76928663,0.8683655,0.8665773,0.94730926,0.9229959,0.9451251,0.4975372,0.48327348,0.52866375,0.5636207,0.5452174,0.43780804,0.44585788,0.54586875,0.7399051,0.3674964,0.40040493,0.47059065,0.4011572,0.38522533,0.45085102,0.40668115,0.30335188,0.47081986,0.99756074,0.40980643,0.40566158,0.473011,0.39626998,0.5070582,0.42769495,0.4052744,0.4000637,0.46622726,0.46884456,0.46562356,0.39750543,0.39591292,0.46379247,0.3955074,0.47867337,0.40687844,0.4363265,0.4186298,0.45018756,0.4186298,0.3028935,0.36433148,0.46465304,0.5044447,0.4512983,0.47633666,0.48154944,1.0,0.32103163,0.45618474,0.4168787,0.4829141,0.44627053,0.5076257,0.43192935,0.49941197,0.71021175,0.6776473,0.7390454,0.73608446,0.6837433,0.44998342,0.44482872,0.44618002,0.43153265,0.42293218,0.4832422,0.5127863,0.4332618,0.526027,0.48200184,0.5165032,0.3016211,0.37810647,0.3155246,0.372016,0.39417484,0.31655684,0.3016211,0.37731683,0.3155246,0.30106243,0.3016211,0.37828273,0.3717664,0.30178773,0.3016211,0.38106424,0.3016211,0.3596671,0.35956326,0.36920068,0.3016211,0.30046245,0.38115445,0.45735747,0.50296193,0.40220705,0.4829159,0.5416058,0.556486,0.6429834,0.46458426,0.46211714,0.5213226,0.39250702
V300063692_L02_32,0.33221197,0.40755382,0.32428923,0.3357229,0.39532042,0.37304047,0.51607996,0.49444085,0.32346308,0.31044576,0.36474335,0.36644506,0.33416507,0.35262436,0.33144087,0.5044071,0.51815283,0.4533896,0.4789496,0.43991184,0.42034364,0.49708816,0.46494368,0.39472908,0.57779205,0.58688235,0.56511617,0.5810966,0.462408,0.5340265,0.5431081,0.57450354,0.5648784,0.32195467,0.5369079,0.5267027,0.5672013,0.580272,0.5476964,0.5479652,0.52594066,0.5872496,0.5712698,0.570755,0.5385674,0.64281785,0.6436919,0.54043144,0.64238125,0.56213456,0.52668685,0.46324912,0.50237143,0.514118,0.50237143,0.659399,0.5565109,0.47481173,0.36434394,0.5087515,0.4526114,0.48757562,0.32103163,1.0,0.7826642,0.53064567,0.44098684,0.57581306,0.49163127,0.48896605,0.535275,0.39993238,0.40460908,0.39784065,0.39721698,0.41348043,0.4338271,0.42983186,0.5375687,0.4580464,0.45966905,0.3844724,0.4758662,0.4467835,0.42263725,0.55093175,0.4739629,0.6013461,0.5633032,0.5946973,0.60777557,0.5903522,0.6571827,0.6013461,0.572484,0.5946973,0.60063547,0.6013461,0.5009617,0.59950155,0.64479506,0.6013461,0.51132274,0.6013461,0.64533854,0.643785,0.5534763,0.6013461,0.65827775,0.56675285,0.4040688,0.57149297,0.54785764,0.41214973,0.38099778,0.43499488,0.4210887,0.39365745,0.4741105,0.4147867,0.57856995
V350037201_L03_57,0.43859932,0.46529764,0.45989794,0.44104952,0.43944252,0.45438913,0.516568,0.539808,0.45865226,0.354617,0.43589848,0.43352798,0.4404449,0.45641986,0.42896667,0.48181638,0.46425247,0.5399004,0.55375594,0.4481796,0.37858993,0.47854733,0.47889447,0.530789,0.5613195,0.5815903,0.6604495,0.583004,0.46535695,0.5587649,0.5657701,0.4942763,0.6615154,0.4496054,0.5821868,0.5692357,0.6630401,0.58482337,0.67106724,0.59858733,0.568991,0.5800411,0.6652617,0.6653658,0.5335134,0.5343486,0.5343105,0.53401583,0.5330594,0.525455,0.512204,0.5045843,0.5158476,0.5071245,0.5158476,0.4707335,0.49365944,0.5474263,0.40228578,0.49993554,0.4416571,0.44080028,0.45618474,0.7826642,1.0,0.5727965,0.49546346,0.57746375,0.5188828,0.45587367,0.48668218,0.51824325,0.48377538,0.5360626,0.53272647,0.5096032,0.46602327,0.41410774,0.49217507,0.42160463,0.42571178,0.3385227,0.5669129,0.4697204,0.5477702,0.5796795,0.51381946,0.47928244,0.51322657,0.46695057,0.46329057,0.47748727,0.47044635,0.47928244,0.5226586,0.46695057,0.48244798,0.47928244,0.40817958,0.5381764,0.46794838,0.47928244,0.48310798,0.47928244,0.5832963,0.5074975,0.5102229,0.47928244,0.46271005,0.5209203,0.38696942,0.5998656,0.4930718,0.4041279,0.4016481,0.42423055,0.42420205,0.3685645,0.43382043,0.43945587,0.49614203
V350011900_L04_36,0.45217958,0.48391062,0.4171938,0.45024207,0.50355023,0.5678676,0.5352279,0.44273847,0.41748872,0.47728774,0.5170762,0.51917756,0.4495336,0.40401822,0.44568616,0.40607476,0.40334916,0.43650773,0.38589358,0.49875596,0.34853673,0.6037972,0.48502684,0.4879278,0.66860807,0.7366568,0.82323515,0.73420215,0.63554525,0.69460106,0.8791101,0.88537824,0.82778573,0.41315764,0.9912131,0.991566,0.8255052,0.73760957,0.759268,0.97840023,0.9915445,0.7343997,0.8208556,0.8207117,0.43220508,0.501422,0.50256777,0.43087435,0.5033544,0.4052438,0.48356277,0.4345687,0.4797432,0.51528203,0.4797432,0.37864766,0.40884584,0.4833111,0.45507282,0.5736879,0.50167125,0.5110567,0.4168787,0.53064567,0.5727965,1.0,0.4481156,0.54250026,0.43348867,0.406496,0.53610945,0.50685436,0.42921406,0.50068307,0.48898247,0.57763255,0.41179022,0.40037978,0.42231452,0.42135033,0.3925875,0.36268145,0.5818217,0.39039975,0.4678039,0.515776,0.40618062,0.4053908,0.39826566,0.42751896,0.35415542,0.36555767,0.3912377,0.4053908,0.40792888,0.42751896,0.40850025,0.4053908,0.3330987,0.375186,0.38344887,0.4053908,0.37730426,0.4053908,0.37058303,0.34706908,0.3997825,0.4053908,0.37783152,0.39262938,0.3435451,0.44275057,0.4379778,0.31823292,0.34605932,0.3878678,0.4234618,0.49433127,0.3921623,0.46977684,0.3778278
V350037201_L03_15,0.46028304,0.45291758,0.4796537,0.4583238,0.4378667,0.44922826,0.5490342,0.69355136,0.4811349,0.52954054,0.44638693,0.44502985,0.4593025,0.44824943,0.46162313,0.4924888,0.43879965,0.44303828,0.498282,0.3582264,0.49003825,0.5056827,0.51028615,0.47471607,0.5016673,0.48301286,0.4821756,0.487297,0.49183518,0.5370963,0.46697614,0.47586983,0.48182073,0.4859736,0.43796498,0.44473445,0.48061788,0.48777285,0.5182175,0.43116757,0.44604787,0.48199818,0.4771441,0.47923997,0.49955675,0.42194122,0.42250535,0.49540153,0.4216342,0.5259447,0.5029337,0.5005451,0.46952793,0.40731564,0.46952793,0.41755122,0.40554154,0.5701072,0.56988925,0.47049546,0.540394,0.5028568,0.4829141,0.44098684,0.49546346,0.4481156,1.0,0.45510972,0.5562045,0.49430543,0.4874544,0.4733375,0.4733063,0.47002637,0.47425932,0.3972109,0.78634226,0.49998415,0.6815125,0.6687979,0.6801615,0.6464595,0.6579523,0.7600772,0.7506561,0.48360413,0.51791966,0.42923337,0.41134143,0.3940583,0.4572367,0.42647994,0.4348083,0.42923337,0.40664443,0.3940583,0.4276862,0.42923337,0.4589654,0.53228915,0.42825115,0.42923337,0.46215552,0.42923337,0.45389628,0.43158445,0.39994723,0.42923337,0.42349374,0.41274142,0.4992154,0.57384163,0.47014752,0.54252774,0.52855295,0.41019782,0.5134946,0.5706827,0.49747172,0.62466866,0.41894463
V350011903_L01_32,0.43550408,0.50617146,0.4493138,0.43703714,0.49994457,0.4817604,0.5227481,0.45803064,0.44810808,0.41138506,0.48668736,0.48626095,0.43802056,0.44087887,0.43363655,0.56509507,0.54923546,0.52582943,0.50791055,0.5023059,0.42533746,0.7194474,0.47724867,0.47040963,0.46627024,0.47259942,0.49542722,0.47189897,0.42814294,0.51668286,0.52858233,0.50257134,0.495705,0.4432789,0.54545283,0.538578,0.49468318,0.47262868,0.49521458,0.5723132,0.5358214,0.4716739,0.49474818,0.494776,0.56978256,0.59727347,0.5958281,0.57214874,0.5983113,0.5888597,0.5356718,0.5106741,0.52181214,0.5904221,0.52181214,0.47130376,0.41182974,0.6368542,0.55302685,0.6558871,0.5896702,0.63794154,0.44627053,0.57581306,0.57746375,0.54250026,0.45510972,1.0,0.597985,0.51513904,0.5797272,0.4876851,0.4524581,0.4756731,0.47100064,0.5184592,0.4504136,0.4656446,0.46462044,0.46578985,0.44197708,0.38537404,0.529045,0.46088693,0.44235727,0.51477855,0.5393812,0.44707724,0.4223163,0.4686672,0.41418475,0.40249237,0.44375458,0.44707724,0.42404652,0.4686672,0.44626936,0.44707724,0.45157745,0.43784875,0.43801725,0.44707724,0.4407835,0.44707724,0.44367558,0.42343923,0.4223544,0.44707724,0.46728805,0.420788,0.48586425,0.5660878,0.5591989,0.46725783,0.3966956,0.5008817,0.38400838,0.50879616,0.4591822,0.5801113,0.40635604
V350011904_L04_66,0.49824595,0.48323226,0.5056254,0.5036491,0.46501735,0.4728449,0.46911076,0.46697962,0.5064114,0.4351245,0.47028258,0.46940058,0.5018671,0.5142685,0.49900693,0.48655254,0.40242976,0.47773305,0.48677096,0.4348029,0.45833206,0.5041755,0.58046323,0.5210996,0.47543103,0.51029974,0.4581507,0.5245153,0.37463453,0.51097894,0.47142166,0.45628405,0.46779454,0.5033233,0.44556874,0.42632878,0.46107027,0.5247445,0.50189704,0.4609001,0.4276956,0.5088954,0.46769303,0.4656328,0.60534483,0.46815547,0.4652285,0.6052323,0.46393323,0.5925738,0.4426246,0.53250116,0.44568893,0.45508522,0.44568893,0.5001989,0.5215121,0.5645344,0.5041141,0.4963452,0.46437776,0.4464401,0.5076257,0.49163127,0.5188828,0.43348867,0.5562045,0.597985,1.0,0.46131855,0.52168006,0.52710944,0.59009683,0.53076535,0.5288733,0.4810217,0.5258863,0.46391028,0.5303843,0.50690746,0.5123946,0.47630844,0.5549411,0.49001116,0.51470196,0.6034627,0.6566769,0.4679701,0.51385593,0.47805542,0.4540208,0.5343702,0.47914848,0.4679701,0.52185637,0.47805542,0.46571445,0.4679701,0.47820476,0.5309749,0.43470505,0.4679701,0.53420126,0.4679701,0.4965087,0.4370854,0.510823,0.4679701,0.49093905,0.5162667,0.46309823,0.6857338,0.5478686,0.5359302,0.5447021,0.48617458,0.41631293,0.4347813,0.4415838,0.5944199,0.4882213
V350011809_L03_57,0.3937359,0.40415466,0.43055183,0.391095,0.35595822,0.38379455,0.44486067,0.50591695,0.4307171,0.45192134,0.42042115,0.416492,0.3918742,0.41036105,0.3994803,0.673838,0.7549199,0.4997244,0.6006619,0.6267377,0.6172564,0.443204,0.47789055,0.44042188,0.42620105,0.47275853,0.48050058,0.46215612,0.56960654,0.4269929,0.3325529,0.44864586,0.47064131,0.43916386,0.4123477,0.4155711,0.47857967,0.45921484,0.4501011,0.41826805,0.41715795,0.47211266,0.47121805,0.4705502,0.4223317,0.44955814,0.4508325,0.42376074,0.44964078,0.4387266,0.46142107,0.5201952,0.48051387,0.533855,0.48051387,0.5373839,0.5079348,0.40248704,0.5304029,0.4497189,0.49343985,0.49338537,0.43192935,0.48896605,0.45587367,0.406496,0.49430543,0.51513904,0.46131855,1.0,0.40555835,0.44966966,0.44592008,0.43367046,0.4430865,0.42876765,0.54624385,0.62107635,0.49103785,0.49237865,0.5407736,0.61037385,0.38209325,0.55828357,0.44489023,0.43844813,0.48384905,0.5103624,0.51503253,0.54258984,0.5408619,0.5240653,0.51670223,0.5103624,0.5100678,0.54258984,0.50891477,0.5103624,0.5988581,0.51142114,0.5057384,0.5103624,0.5203733,0.5103624,0.51035035,0.5179386,0.5191071,0.5103624,0.5335796,0.5033736,0.74391425,0.4100973,0.45366716,0.61146504,0.5369149,0.7602837,0.5334615,0.48825103,0.85918534,0.42942268,0.5740608
V300073501_L01_80,0.49254733,0.593672,0.4993528,0.49858132,0.5974275,0.5624547,0.5364264,0.3400687,0.5014017,0.5313682,0.5620594,0.56410253,0.49502856,0.5350783,0.50129485,0.4559226,0.44701946,0.44590932,0.4173813,0.45177183,0.44274879,0.684756,0.5792233,0.5233272,0.46678203,0.48954773,0.46516585,0.48493335,0.51451504,0.5153901,0.5709861,0.56396943,0.46657944,0.50178915,0.5454708,0.5410052,0.46690387,0.48531812,0.47252747,0.54631567,0.5389299,0.49097925,0.46464694,0.46554148,0.58572644,0.57773703,0.5744637,0.58482087,0.5737247,0.6142111,0.5067378,0.4678764,0.50321203,0.45675933,0.50321203,0.47627228,0.44828874,0.5771686,0.52348256,0.53342766,0.5324602,0.5057263,0.49941197,0.535275,0.48668218,0.53610945,0.4874544,0.5797272,0.52168006,0.40555835,1.0,0.53219056,0.520947,0.5350898,0.52763647,0.58214897,0.39373115,0.43161446,0.51104206,0.44085446,0.3856448,0.47067288,0.44835398,0.4055735,0.36180145,0.5122549,0.51432276,0.48197344,0.44296166,0.50070363,0.45724136,0.46167278,0.45655742,0.48197344,0.4510823,0.50070363,0.48368177,0.48197344,0.46595523,0.44686455,0.4587724,0.48197344,0.4277022,0.48197344,0.41198012,0.47967616,0.4378351,0.48197344,0.47592568,0.47841686,0.440331,0.57925254,0.5078496,0.43628952,0.4343592,0.49195832,0.46798995,0.5115204,0.39714244,0.60092264,0.41552857
NK04082,0.7372788,0.6697719,0.7108135,0.7381688,0.6019105,0.66484785,0.3745571,0.49920017,0.70882696,0.59341544,0.6367805,0.63669413,0.73891455,0.68728757,0.7391472,0.49700716,0.42753938,0.47845265,0.488883,0.5199265,0.43306753,0.50465363,0.70125854,0.9777171,0.396968,0.43703556,0.5129526,0.44067192,0.44847465,0.48207366,0.5192562,0.39443663,0.51637167,0.7110702,0.51369715,0.5081366,0.51831645,0.43608516,0.52637583,0.52460593,0.5080554,0.4353429,0.5089812,0.5096805,0.49164787,0.38270426,0.3819102,0.49066544,0.37709546,0.49535218,0.42210567,0.4283652,0.42025036,0.40623066,0.42025036,0.33375517,0.3919062,0.46882507,0.5115449,0.42645115,0.48915514,0.44443324,0.71021175,0.39993238,0.51824325,0.50685436,0.4733375,0.4876851,0.52710944,0.44966966,0.53219056,1.0,0.9158834,0.9781355,0.97903466,0.8644893,0.49437478,0.41611856,0.4228071,0.45859385,0.45299736,0.40435815,0.5454497,0.46057892,0.5548354,0.44884914,0.5194924,0.32704112,0.38220146,0.39005435,0.4346474,0.4380173,0.3748899,0.32704112,0.3859379,0.39005435,0.32762486,0.32704112,0.35859197,0.39497554,0.34247354,0.32704112,0.3893442,0.32704112,0.39970785,0.393028,0.38869998,0.32704112,0.33542034,0.39144528,0.4659188,0.49076855,0.40045288,0.4979967,0.5355368,0.5082091,0.5448049,0.4374664,0.4210103,0.58793575,0.4088224
V300073501_L01_85,0.6971549,0.6230555,0.67676556,0.69878674,0.5557487,0.6007629,0.38289005,0.47738066,0.6772227,0.57243407,0.57969505,0.5793534,0.69981295,0.65501714,0.69827855,0.47371748,0.41172653,0.46895763,0.4990583,0.48471263,0.44768783,0.4743134,0.7484349,0.9300767,0.4306144,0.4849202,0.46575135,0.4935578,0.4032599,0.5008321,0.4562542,0.41211662,0.46934614,0.6765885,0.43501276,0.42850935,0.47181666,0.4886923,0.48429173,0.4450152,0.42871886,0.48401824,0.46404672,0.46462852,0.51943034,0.37361968,0.37156165,0.51884437,0.36649203,0.5379575,0.45375195,0.4739479,0.4493858,0.41462618,0.4493858,0.37956992,0.43682566,0.47309914,0.5086653,0.42449763,0.4717473,0.42563534,0.6776473,0.40460908,0.48377538,0.42921406,0.4733063,0.4524581,0.59009683,0.44592008,0.520947,0.9158834,1.0,0.92995775,0.9310497,0.8098819,0.51517045,0.4246114,0.44101942,0.46387193,0.4828503,0.43343425,0.5051484,0.48317823,0.5419448,0.51531625,0.54856277,0.37578887,0.4237203,0.4099493,0.45658568,0.47904724,0.39970255,0.37578887,0.43171126,0.4099493,0.3755355,0.37578887,0.38895515,0.4376504,0.37116593,0.37578887,0.4182935,0.37578887,0.43017328,0.4161312,0.43255478,0.37578887,0.37789243,0.42581642,0.45763886,0.5399011,0.41687113,0.5078234,0.562069,0.49725935,0.5321821,0.44221133,0.42730558,0.59425914,0.42277262
V300073501_L01_52,0.7686341,0.69114035,0.7393536,0.77066463,0.624938,0.6859462,0.39436832,0.5055091,0.73800176,0.60113347,0.6574056,0.6562077,0.77063894,0.71160996,0.7668184,0.4846238,0.43389958,0.48541442,0.51127243,0.5157566,0.41731563,0.48648548,0.6883477,0.9966489,0.403665,0.44425577,0.5158681,0.4479937,0.43842077,0.4836716,0.51879764,0.37997425,0.5200006,0.73686147,0.508788,0.4990635,0.52077097,0.44339603,0.5426133,0.5253018,0.49886566,0.44355926,0.5138879,0.5149032,0.48825008,0.37932312,0.3776014,0.48704344,0.37258187,0.49990368,0.414315,0.43403912,0.4210757,0.3955036,0.4210757,0.3279748,0.37850398,0.45922235,0.49597993,0.41478384,0.47572806,0.42786956,0.7390454,0.39784065,0.5360626,0.50068307,0.47002637,0.4756731,0.53076535,0.43367046,0.5350898,0.9781355,0.92995775,1.0,0.99718213,0.8868791,0.4878744,0.40654665,0.41469654,0.44658297,0.43906912,0.3959226,0.5482335,0.45949945,0.5640592,0.4470176,0.5272951,0.3148018,0.3728636,0.37201592,0.42938763,0.43587482,0.36887413,0.3148018,0.3793332,0.37201592,0.3156284,0.3148018,0.35261708,0.40710393,0.33904085,0.3148018,0.37293205,0.3148018,0.4028947,0.39846855,0.3787379,0.3148018,0.32853416,0.38207948,0.4537677,0.4995233,0.39456138,0.49365392,0.5360139,0.5060663,0.5630501,0.41995856,0.41226786,0.58123684,0.3939825
V350011900_L04_67,0.76370865,0.6865949,0.7363652,0.7655553,0.61627024,0.67558205,0.38640836,0.5095676,0.7348951,0.5978212,0.6485605,0.6473359,0.7657392,0.70969635,0.76402277,0.4927423,0.4422266,0.49373743,0.5185327,0.51735556,0.4239635,0.4740553,0.6871165,0.99853384,0.39376417,0.43279943,0.5077618,0.43675914,0.4332096,0.47336504,0.50798845,0.37371206,0.510994,0.7358227,0.49849898,0.48875204,0.5125967,0.43202507,0.53286797,0.51265466,0.48866904,0.43223667,0.5051113,0.50628704,0.48288208,0.3751852,0.37356704,0.48183158,0.368594,0.49358404,0.41339034,0.4392556,0.42485726,0.3979972,0.42485726,0.3400886,0.38153136,0.45431092,0.49327675,0.40976298,0.47570163,0.4254067,0.73608446,0.39721698,0.53272647,0.48898247,0.47425932,0.47100064,0.5288733,0.4430865,0.52763647,0.97903466,0.9310497,0.99718213,1.0,0.88414633,0.4941502,0.4125809,0.40875378,0.45395598,0.44448054,0.3988937,0.54332316,0.4666394,0.5614202,0.44092,0.52455443,0.32625556,0.37538582,0.37941015,0.44385818,0.44796956,0.3809605,0.32625556,0.38205642,0.37941015,0.32681912,0.32625556,0.36619565,0.4150338,0.34919113,0.32625556,0.37594515,0.32625556,0.41201374,0.40676954,0.38043398,0.32625556,0.3407844,0.38554353,0.45887285,0.495892,0.39211097,0.50563395,0.5435716,0.512969,0.5574747,0.4200273,0.42143577,0.57688916,0.40450174
NK06054,0.7220903,0.7131457,0.68562156,0.7240708,0.67153496,0.7502773,0.38471043,0.44609398,0.6831378,0.6517376,0.7241523,0.72324514,0.72124845,0.65528566,0.71845067,0.48771966,0.43213758,0.49357426,0.4979058,0.5545852,0.45588714,0.51921546,0.6425884,0.88307834,0.41724598,0.45232418,0.53434175,0.45055425,0.4780559,0.513717,0.5785281,0.4406328,0.5370178,0.68248296,0.58689654,0.574815,0.53727627,0.44646123,0.5438942,0.59456885,0.5739922,0.45193723,0.52994955,0.530343,0.4556036,0.4307006,0.4296546,0.45495242,0.4274196,0.4624924,0.41849113,0.4273939,0.45557883,0.39685863,0.45557883,0.35206577,0.37258714,0.42690676,0.46989462,0.42865682,0.46826613,0.4364828,0.6837433,0.41348043,0.5096032,0.57763255,0.3972109,0.5184592,0.4810217,0.42876765,0.58214897,0.8644893,0.8098819,0.8868791,0.88414633,1.0,0.41791975,0.44069234,0.372177,0.4078728,0.40192437,0.392242,0.5209927,0.3901753,0.46273795,0.42163214,0.4557328,0.3456056,0.36490285,0.40237206,0.45200887,0.43678784,0.39561516,0.3456056,0.37016672,0.40237206,0.34716794,0.3456056,0.3748906,0.417688,0.37506297,0.3456056,0.37027586,0.3456056,0.39837068,0.4078659,0.37158602,0.3456056,0.35206908,0.37128368,0.47177383,0.45124516,0.42382187,0.49471417,0.52448624,0.51697797,0.52554584,0.44185397,0.41512215,0.5660856,0.41655582
NK04142,0.46110535,0.4817181,0.44645897,0.4600495,0.40517673,0.44182184,0.5372576,0.76931536,0.449183,0.5142571,0.42381078,0.42375395,0.4617547,0.4217478,0.4617959,0.50286984,0.46026063,0.4596575,0.49199474,0.37572867,0.53238136,0.49409944,0.51489115,0.4977129,0.45407778,0.4368406,0.4169047,0.44318876,0.50577015,0.47453943,0.46362773,0.4397705,0.41365337,0.4517225,0.40645617,0.41355705,0.4141199,0.44413754,0.44902474,0.40445668,0.41539472,0.43491587,0.41267627,0.412071,0.514687,0.42445588,0.42453682,0.51301163,0.42274955,0.5543885,0.47879153,0.4961564,0.48552153,0.3851164,0.48552153,0.44021943,0.4245685,0.522547,0.53949153,0.4231156,0.5222522,0.4834326,0.44998342,0.4338271,0.46602327,0.41179022,0.78634226,0.4504136,0.5258863,0.54624385,0.39373115,0.49437478,0.51517045,0.4878744,0.4941502,0.41791975,1.0,0.48518783,0.59724414,0.7479001,0.77638364,0.6159456,0.6854602,0.9542435,0.8303515,0.49367964,0.5716617,0.45074612,0.42769235,0.43052155,0.46512106,0.4636217,0.46702695,0.45074612,0.41682076,0.43052155,0.45152646,0.45074612,0.48700753,0.4992941,0.45728302,0.45074612,0.46782997,0.45074612,0.49431306,0.45909476,0.43302703,0.45074612,0.44574326,0.43402538,0.4928012,0.600399,0.55284214,0.54901797,0.52113926,0.4241613,0.47044724,0.58186936,0.47774163,0.61947036,0.4354471
V350011809_L04_114,0.43206766,0.37094715,0.446186,0.42995766,0.43007118,0.4226429,0.46283638,0.4667231,0.4440048,0.45299757,0.43013018,0.42902043,0.42945462,0.47141477,0.43624946,0.54683965,0.5987926,0.5603667,0.538123,0.5840576,0.80655575,0.49087343,0.43915927,0.4110796,0.4712585,0.42852193,0.41829526,0.42680815,0.55499744,0.4484209,0.40580475,0.4286799,0.42100468,0.44458675,0.39818954,0.39795914,0.41784233,0.4252341,0.407903,0.39254656,0.397697,0.43143183,0.42176628,0.42067307,0.3988396,0.3876732,0.38870502,0.4019289,0.39054865,0.45278317,0.47066608,0.5155562,0.47677696,0.43352827,0.47677696,0.5631746,0.5821253,0.45028952,0.54071414,0.42684293,0.52592784,0.51883656,0.44482872,0.42983186,0.41410774,0.40037978,0.49998415,0.4656446,0.46391028,0.62107635,0.43161446,0.41611856,0.4246114,0.40654665,0.4125809,0.44069234,0.48518783,1.0,0.49139374,0.53247356,0.5210182,0.571753,0.4064312,0.46543372,0.4428659,0.40262395,0.41658872,0.55778277,0.5889172,0.5737295,0.6029689,0.5967503,0.5662178,0.55778277,0.576756,0.5737295,0.55796933,0.55778277,0.64670575,0.55318296,0.5719136,0.55778277,0.60023385,0.55778277,0.57939494,0.5587039,0.5895205,0.55778277,0.56346667,0.59411776,0.66573036,0.42752796,0.5084579,0.63423705,0.66780365,0.6000195,0.5593803,0.5179419,0.6585255,0.46598944,0.6372019
NK01111,0.43197834,0.44682103,0.442888,0.43195403,0.41289437,0.4250746,0.5626636,0.6087064,0.44590902,0.4466885,0.41451347,0.41618553,0.43234804,0.4103142,0.43012828,0.5574288,0.48005757,0.43680096,0.51841974,0.38215476,0.51993304,0.507969,0.5418692,0.40811813,0.5335832,0.50090563,0.44950736,0.50284827,0.48999032,0.5227741,0.45225477,0.48371756,0.44970804,0.44203767,0.40929994,0.42520356,0.44778273,0.5049598,0.48677057,0.4174171,0.4249231,0.4989874,0.44660586,0.44647402,0.5165703,0.509063,0.5091912,0.5167882,0.50777024,0.52250177,0.5076557,0.51554495,0.50720423,0.42107308,0.50720423,0.4888978,0.4455513,0.50755787,0.5472445,0.45835578,0.5371863,0.4856047,0.44618002,0.5375687,0.49217507,0.42231452,0.6815125,0.46462044,0.5303843,0.49103785,0.51104206,0.4228071,0.44101942,0.41469654,0.40875378,0.372177,0.59724414,0.49139374,1.0,0.65607727,0.6443993,0.5993576,0.59443563,0.59908605,0.59281194,0.50101155,0.52496284,0.47205442,0.4444864,0.44326445,0.53516906,0.43447217,0.50067306,0.47205442,0.44345582,0.44326445,0.47079688,0.47205442,0.5002689,0.5455526,0.51286685,0.47205442,0.4656117,0.47205442,0.53525925,0.5281905,0.44618297,0.47205442,0.4930713,0.45548403,0.49677697,0.5825959,0.558422,0.5327634,0.48663795,0.4163491,0.5606391,0.5407774,0.51705945,0.57605857,0.44391435
V350011903_L01_128,0.44613433,0.46499592,0.4288857,0.446429,0.4458375,0.45924872,0.5597477,0.73467046,0.43141901,0.4929329,0.4342413,0.4369933,0.44658956,0.4584131,0.44714302,0.48565713,0.46687648,0.47568712,0.47607487,0.39763224,0.53451747,0.47241065,0.47528216,0.45770702,0.46308854,0.408441,0.36428392,0.41580784,0.53737366,0.4782609,0.48693046,0.46619162,0.3664483,0.43013012,0.42491254,0.42612493,0.36214095,0.41637695,0.4084707,0.40002146,0.42859527,0.408629,0.36596888,0.3636823,0.43207625,0.42967272,0.42821082,0.43332505,0.42800194,0.4646438,0.49917778,0.48768097,0.48492727,0.44387612,0.48492727,0.5149231,0.41066104,0.508944,0.55929196,0.4754318,0.55763996,0.51841635,0.43153265,0.4580464,0.42160463,0.42135033,0.6687979,0.46578985,0.50690746,0.49237865,0.44085446,0.45859385,0.46387193,0.44658297,0.45395598,0.4078728,0.7479001,0.53247356,0.65607727,1.0,0.7906481,0.6245034,0.75385034,0.7358149,0.7137743,0.48262927,0.5260553,0.48024222,0.40876305,0.47614002,0.5317999,0.48004922,0.5564977,0.48024222,0.40459967,0.47614002,0.4788251,0.48024222,0.53251094,0.5136987,0.5381054,0.48024222,0.43833584,0.48024222,0.51473105,0.54413915,0.41372153,0.48024222,0.51944613,0.43316305,0.5217048,0.58027303,0.613662,0.57143307,0.5609773,0.41041952,0.5228748,0.5987174,0.46622437,0.6142572,0.4216463
V350011903_L02_117,0.44788593,0.4848645,0.4181174,0.44594356,0.40802363,0.43625322,0.51914513,0.6884477,0.42085394,0.5342179,0.40145016,0.40088862,0.44822636,0.40486306,0.45288303,0.5120216,0.42320597,0.48617628,0.52065116,0.39300048,0.6094641,0.50471026,0.49739784,0.45116225,0.50253165,0.42961228,0.3887353,0.43518782,0.546475,0.48487973,0.442052,0.43482506,0.38283223,0.42800373,0.3995434,0.40581006,0.385144,0.43464357,0.4064119,0.37853834,0.40600345,0.428044,0.38250655,0.38153872,0.46920246,0.45855555,0.4585284,0.46863997,0.45886028,0.45028573,0.53668535,0.5332102,0.5256922,0.44115826,0.5256922,0.48367718,0.42972875,0.45135438,0.574209,0.41081744,0.5241613,0.45968696,0.42293218,0.45966905,0.42571178,0.3925875,0.6801615,0.44197708,0.5123946,0.5407736,0.3856448,0.45299736,0.4828503,0.43906912,0.44448054,0.40192437,0.77638364,0.5210182,0.6443993,0.7906481,1.0,0.6928635,0.63245595,0.79489297,0.70076936,0.46454087,0.52205056,0.4819659,0.423333,0.4471314,0.47958064,0.4815474,0.5179583,0.4819659,0.41868624,0.4471314,0.48291484,0.4819659,0.5142974,0.53602934,0.52723306,0.4819659,0.45022333,0.4819659,0.5026994,0.51103586,0.4317031,0.4819659,0.48557773,0.42067915,0.54414403,0.53884923,0.5934391,0.557775,0.49814528,0.4296575,0.5422463,0.67322254,0.5004561,0.58695847,0.45531696
V350037201_L02_88,0.4650017,0.5305073,0.47991848,0.46046326,0.5513403,0.47008064,0.5952162,0.5319215,0.48077044,0.61995435,0.5059824,0.5058093,0.46269897,0.47123092,0.46641386,0.60234857,0.53194165,0.51922894,0.54373574,0.4137688,0.6623368,0.5415573,0.48485717,0.4021914,0.4928905,0.4163941,0.36599422,0.41006264,0.63126326,0.44271865,0.35775423,0.42490658,0.36276948,0.48738953,0.3560532,0.36833972,0.36247915,0.41008008,0.34371373,0.34976465,0.3672385,0.4162248,0.36032155,0.36261904,0.48707485,0.49800882,0.49897426,0.48400176,0.49717844,0.4484235,0.5703947,0.6087188,0.58195794,0.5187339,0.58195794,0.44170555,0.4408975,0.4334845,0.5989282,0.45789337,0.54928505,0.53192294,0.4832422,0.3844724,0.3385227,0.36268145,0.6464595,0.38537404,0.47630844,0.61037385,0.47067288,0.40435815,0.43343425,0.3959226,0.3988937,0.392242,0.6159456,0.571753,0.5993576,0.6245034,0.6928635,1.0,0.45969775,0.6576921,0.5409798,0.46491712,0.5068553,0.4405007,0.42929643,0.4801138,0.47002527,0.44181708,0.4697211,0.4405007,0.42413568,0.4801138,0.4404578,0.4405007,0.5024186,0.5233413,0.4816034,0.4405007,0.47726035,0.4405007,0.44311512,0.49421328,0.43612543,0.4405007,0.4486644,0.42928785,0.6247066,0.44359225,0.53046423,0.5417716,0.5159591,0.60879415,0.5936255,0.68296146,0.5816682,0.53870857,0.46461004
NK06177,0.52822405,0.52790236,0.51131827,0.53204006,0.5513459,0.6023511,0.5440099,0.74352604,0.51468325,0.52485496,0.5558982,0.5591177,0.530425,0.5083262,0.51962507,0.42452204,0.4037555,0.49332395,0.45065528,0.46790555,0.39394158,0.52098835,0.45825437,0.5465095,0.47806588,0.46371967,0.49924543,0.47111085,0.50739366,0.54444677,0.6197864,0.48777914,0.50437707,0.5021707,0.57886386,0.5696439,0.5000217,0.47270113,0.5560215,0.57680875,0.5718256,0.4627577,0.49850908,0.49882436,0.45692822,0.45899734,0.45552394,0.45698342,0.45356444,0.4563954,0.484675,0.42047748,0.45719635,0.43972027,0.45719635,0.4317776,0.36880827,0.5665688,0.5152529,0.52504563,0.50924295,0.47890386,0.5127863,0.4758662,0.5669129,0.5818217,0.6579523,0.529045,0.5549411,0.38209325,0.44835398,0.5454497,0.5051484,0.5482335,0.54332316,0.5209927,0.6854602,0.4064312,0.59443563,0.75385034,0.63245595,0.45969775,1.0,0.65782857,0.81970304,0.50631154,0.5021668,0.4101279,0.37768725,0.424933,0.46225274,0.41816705,0.46766698,0.4101279,0.3751862,0.424933,0.41124076,0.4101279,0.38978636,0.44885835,0.41802436,0.4101279,0.40617624,0.4101279,0.4174086,0.43508443,0.37725934,0.4101279,0.43269965,0.402839,0.3874805,0.567552,0.49173224,0.46268758,0.5055317,0.33219227,0.46213806,0.4712894,0.3636675,0.62854904,0.35306317
NK06053,0.44878027,0.52572286,0.42948508,0.44763616,0.42425218,0.43862027,0.5894439,0.76049817,0.4323876,0.5207887,0.4226823,0.4211246,0.44988763,0.4151709,0.44999653,0.520333,0.49443978,0.50433636,0.5398476,0.38966995,0.5484633,0.4919596,0.4927654,0.4737758,0.49824166,0.40522826,0.39200342,0.41140208,0.51775753,0.437115,0.44259667,0.4262967,0.38492426,0.43468124,0.3873662,0.4007901,0.3872147,0.41258287,0.42060897,0.38227305,0.401946,0.4039144,0.3823198,0.38349015,0.51282537,0.4690369,0.46841317,0.5102354,0.46713677,0.53285986,0.5147374,0.51745856,0.51730126,0.43012953,0.51730126,0.44539526,0.3997537,0.5101012,0.5444949,0.4349081,0.5292696,0.48681855,0.4332618,0.4467835,0.4697204,0.39039975,0.7600772,0.46088693,0.49001116,0.55828357,0.4055735,0.46057892,0.48317823,0.45949945,0.4666394,0.3901753,0.9542435,0.46543372,0.59908605,0.7358149,0.79489297,0.6576921,0.65782857,1.0,0.8015644,0.46275628,0.5687411,0.45599476,0.40238586,0.46534345,0.46178922,0.45492557,0.47612286,0.45599476,0.39212304,0.46534345,0.456447,0.45599476,0.4932077,0.51703537,0.47917745,0.45599476,0.4473722,0.45599476,0.48089933,0.46873954,0.40696055,0.45599476,0.45081934,0.40720543,0.5062486,0.56922555,0.5699109,0.54706264,0.5094671,0.43476442,0.4927762,0.59769356,0.499983,0.6071169,0.41541976
NK08181,0.5297707,0.48379377,0.5240832,0.52856237,0.46878964,0.49020353,0.5298172,0.84009874,0.5254902,0.52239877,0.48123384,0.48185566,0.5300132,0.5030524,0.5230809,0.49665806,0.46824163,0.48021966,0.5186873,0.3973296,0.44683498,0.4519311,0.50172764,0.5653329,0.53562963,0.5019624,0.51365864,0.5100504,0.49848038,0.55924416,0.49584004,0.44656292,0.5131845,0.52089053,0.4530198,0.46509534,0.5115212,0.5115907,0.5589042,0.44907132,0.46777737,0.50145924,0.5115209,0.5124191,0.53690803,0.43970162,0.4379872,0.53505915,0.43600246,0.5115774,0.4680454,0.46086076,0.4320719,0.38944313,0.4320719,0.39856696,0.38513392,0.551068,0.53746295,0.43651396,0.5209206,0.4669753,0.526027,0.42263725,0.5477702,0.4678039,0.7506561,0.44235727,0.51470196,0.44489023,0.36180145,0.5548354,0.5419448,0.5640592,0.5614202,0.46273795,0.8303515,0.4428659,0.59281194,0.7137743,0.70076936,0.5409798,0.81970304,0.8015644,1.0,0.50043136,0.58494633,0.3657041,0.39348644,0.37492868,0.44988889,0.40120146,0.43496025,0.3657041,0.38476747,0.37492868,0.3652724,0.3657041,0.39022797,0.41831455,0.41737548,0.3657041,0.431937,0.3657041,0.44684318,0.42640126,0.39800638,0.3657041,0.40477133,0.39436328,0.45546162,0.54812086,0.5250767,0.50605154,0.5135245,0.36677906,0.5410157,0.5005905,0.41882956,0.6055179,0.3637378
NK10104,0.48133418,0.45962948,0.48448616,0.4816047,0.46152544,0.45720083,0.48278996,0.41757414,0.48439023,0.46791032,0.46310973,0.46840093,0.4822246,0.47672382,0.48033914,0.41707796,0.3610502,0.4184657,0.36167923,0.44423983,0.39964718,0.55104804,0.5101718,0.4398918,0.5256426,0.5886896,0.52380466,0.59771657,0.4292022,0.5383347,0.5043531,0.5835467,0.5299389,0.4816124,0.5210016,0.5178606,0.52781403,0.5987246,0.4931718,0.52879673,0.5166572,0.5869195,0.5311152,0.5290646,0.6723424,0.5878875,0.58769774,0.67268306,0.5854142,0.5968816,0.5433672,0.510026,0.5187925,0.5169858,0.5187925,0.48162052,0.59076935,0.5090564,0.477076,0.49521947,0.42684072,0.43129292,0.48200184,0.55093175,0.5796795,0.515776,0.48360413,0.51477855,0.6034627,0.43844813,0.5122549,0.44884914,0.51531625,0.4470176,0.44092,0.42163214,0.49367964,0.40262395,0.50101155,0.48262927,0.46454087,0.46491712,0.50631154,0.46275628,0.50043136,1.0,0.65186846,0.5236386,0.59052265,0.5006474,0.41710657,0.48214746,0.45056427,0.5236386,0.59736234,0.5006474,0.5238632,0.5236386,0.42572385,0.46185204,0.46194038,0.5236386,0.5856515,0.5236386,0.4985096,0.44956455,0.5897855,0.5236386,0.48062053,0.5770414,0.3921138,0.66618085,0.554404,0.41607556,0.43773156,0.3814717,0.3824931,0.4835561,0.40949327,0.46639857,0.5349884
V300093475_L03_86,0.5159768,0.5398573,0.5174527,0.51926744,0.5032262,0.47996804,0.53842014,0.45888266,0.51521903,0.5002563,0.4775168,0.47591037,0.5195987,0.5287296,0.5132019,0.48109865,0.4501679,0.45342338,0.45846832,0.43787628,0.4542206,0.46475965,0.5155761,0.51927423,0.47573572,0.46487033,0.4261622,0.47259519,0.41654047,0.44154412,0.4394404,0.46416697,0.42511964,0.51035833,0.4109838,0.42687362,0.4256739,0.47248685,0.45077693,0.42271653,0.42692316,0.46591353,0.42131466,0.421048,0.6798316,0.57903516,0.5790526,0.67820936,0.57600486,0.6257312,0.43319297,0.46261558,0.47676992,0.4737812,0.47676992,0.48912808,0.522412,0.5255754,0.5016985,0.45063266,0.4673685,0.44542834,0.5165032,0.4739629,0.51381946,0.40618062,0.51791966,0.5393812,0.6566769,0.48384905,0.51432276,0.5194924,0.54856277,0.5272951,0.52455443,0.4557328,0.5716617,0.41658872,0.52496284,0.5260553,0.52205056,0.5068553,0.5021668,0.5687411,0.58494633,0.65186846,1.0,0.49192375,0.5227472,0.5013009,0.4627746,0.530079,0.45383975,0.49192375,0.5259794,0.5013009,0.49246207,0.49192375,0.4583979,0.47834677,0.4615978,0.49192375,0.5406591,0.49192375,0.4963204,0.45116585,0.5170373,0.49192375,0.48359773,0.52320445,0.46524078,0.68670976,0.61731243,0.47163618,0.45866537,0.4688822,0.4371368,0.43700856,0.44527796,0.56155044,0.4549986
19101412,0.30176497,0.38313147,0.30066052,0.30380717,0.35595846,0.36351943,0.47500017,0.41752827,0.30131897,0.38751122,0.35524333,0.354419,0.302829,0.330997,0.3127189,0.3631558,0.4662755,0.45765227,0.4130726,0.52584374,0.5674186,0.40822145,0.38365564,0.32146496,0.42240462,0.40739816,0.35433668,0.40627807,0.43117076,0.34853017,0.42604786,0.48915872,0.35555542,0.3069565,0.4191659,0.41379353,0.35666677,0.4103369,0.36886904,0.40915453,0.41311178,0.40882593,0.3621747,0.35938865,0.4310975,0.50891936,0.5077891,0.43334457,0.5076762,0.4395948,0.44549575,0.4036897,0.4611587,0.4687064,0.4611587,0.91255283,0.79993,0.40408373,0.34867918,0.42913616,0.37137628,0.39771208,0.3016211,0.6013461,0.47928244,0.4053908,0.42923337,0.44707724,0.4679701,0.5103624,0.48197344,0.32704112,0.37578887,0.3148018,0.32625556,0.3456056,0.45074612,0.55778277,0.47205442,0.48024222,0.4819659,0.4405007,0.4101279,0.45599476,0.3657041,0.5236386,0.49192375,1.0,0.8055053,0.8037687,0.7176858,0.862713,0.83768237,1.0,0.80563945,0.8037687,0.9990838,1.0,0.8599189,0.79050237,0.8568333,1.0,0.7610482,1.0,0.7661552,0.815819,0.79680145,1.0,0.91601217,0.812158,0.5150444,0.4856155,0.5162895,0.53282857,0.48996824,0.4688561,0.3617129,0.39606404,0.5119849,0.3666236,0.76533765
19102703,0.3740699,0.35693595,0.38077733,0.37310418,0.3463008,0.35555944,0.4205187,0.42814642,0.37824166,0.3596453,0.34874135,0.3509808,0.3737564,0.40259993,0.38183916,0.41248876,0.4899992,0.4208498,0.40500826,0.5763551,0.58509034,0.35896716,0.4217687,0.37385708,0.45662606,0.4775664,0.43017733,0.48045525,0.39806846,0.40489107,0.41905928,0.44664162,0.43358326,0.38155252,0.40641302,0.39351493,0.4318828,0.48433784,0.44031823,0.40270197,0.39388067,0.47696686,0.4440481,0.44117472,0.511177,0.47023863,0.47037494,0.5131424,0.4710366,0.5217869,0.4076107,0.40904593,0.40616953,0.44523612,0.40616953,0.7489588,0.99390805,0.41230088,0.3633952,0.39602488,0.33741793,0.3626119,0.37810647,0.5633032,0.51322657,0.39826566,0.41134143,0.4223163,0.51385593,0.51503253,0.44296166,0.38220146,0.4237203,0.3728636,0.37538582,0.36490285,0.42769235,0.5889172,0.4444864,0.40876305,0.423333,0.42929643,0.37768725,0.40238586,0.39348644,0.59052265,0.5227472,0.8055053,1.0,0.7546551,0.66875446,0.75844574,0.6813582,0.8055053,0.991269,0.7546551,0.80541754,0.8055053,0.70900106,0.70268035,0.68617153,0.8055053,0.9531109,0.8055053,0.8172775,0.68463945,0.99449396,0.8055053,0.750365,0.9535401,0.52308595,0.5004226,0.4605427,0.537201,0.54145217,0.4960739,0.41213426,0.3548628,0.5236017,0.33448142,0.8964106
IM_19110207_result,0.32187766,0.4689435,0.3182634,0.3251041,0.411986,0.37189072,0.47166276,0.43319148,0.31661686,0.3971489,0.38011143,0.37928066,0.324154,0.37518913,0.32782814,0.44695628,0.5037697,0.52437234,0.4655757,0.53323984,0.60843396,0.47064525,0.40902632,0.3783117,0.40849972,0.3711766,0.35307667,0.37079287,0.52024615,0.34914544,0.475881,0.4842058,0.3521137,0.31935787,0.44338888,0.44440562,0.35543904,0.37360704,0.3455217,0.42500678,0.4438772,0.372915,0.3561855,0.35465428,0.46465325,0.5166607,0.51472306,0.46527776,0.5163903,0.45875707,0.4684405,0.4279678,0.48364025,0.47934544,0.48364025,0.7998461,0.7585557,0.4188344,0.40579522,0.41906795,0.3744137,0.3709215,0.3155246,0.5946973,0.46695057,0.42751896,0.3940583,0.4686672,0.47805542,0.54258984,0.50070363,0.39005435,0.4099493,0.37201592,0.37941015,0.40237206,0.43052155,0.5737295,0.44326445,0.47614002,0.4471314,0.4801138,0.424933,0.46534345,0.37492868,0.5006474,0.5013009,0.8037687,0.7546551,1.0,0.747168,0.7533954,0.7608043,0.8037687,0.7475377,1.0,0.8010461,0.8037687,0.70928085,0.6806401,0.76956713,0.8037687,0.75736076,0.8037687,0.71841025,0.71380556,0.74685097,0.8037687,0.803383,0.7501092,0.5303848,0.45441568,0.5314422,0.54008555,0.4991312,0.52350134,0.41159177,0.4087959,0.5108629,0.41294608,0.72980237
IM_20010403_result,0.3664301,0.42520112,0.37156603,0.36803076,0.3913129,0.38016796,0.39906898,0.5199046,0.3722268,0.41541135,0.38726872,0.3888674,0.3666252,0.40908578,0.3748351,0.48397675,0.5623147,0.46902853,0.50172323,0.5289956,0.5784556,0.3796788,0.42301542,0.43840373,0.4170984,0.39200836,0.36578897,0.38958076,0.49317703,0.4228336,0.3985573,0.42253324,0.36323404,0.37517247,0.35837057,0.3610068,0.36631447,0.38860342,0.36144954,0.35419518,0.3617596,0.39490828,0.36867437,0.3684472,0.43597245,0.49076566,0.4912818,0.43674752,0.49083328,0.45953187,0.4399367,0.43898293,0.46031398,0.42987615,0.46031398,0.79678977,0.6673361,0.3950045,0.39751327,0.40462714,0.45102316,0.44738445,0.372016,0.60777557,0.46329057,0.35415542,0.4572367,0.41418475,0.4540208,0.5408619,0.45724136,0.4346474,0.45658568,0.42938763,0.44385818,0.45200887,0.46512106,0.6029689,0.53516906,0.5317999,0.47958064,0.47002527,0.46225274,0.46178922,0.44988889,0.41710657,0.4627746,0.7176858,0.66875446,0.747168,1.0,0.7437066,0.84843004,0.7176858,0.65556645,0.747168,0.7156832,0.7176858,0.7168818,0.6693504,0.8135525,0.7176858,0.67109853,0.7176858,0.7715832,0.8020984,0.65801895,0.7176858,0.8012956,0.66392577,0.61982185,0.44857264,0.5115429,0.62475437,0.5672012,0.5043164,0.49055776,0.42298236,0.5546479,0.40824643,0.70716876
20010715,0.39712465,0.40079075,0.3932901,0.3993075,0.39129478,0.39648858,0.41927725,0.4158937,0.39321142,0.4050751,0.39691365,0.39589,0.39768586,0.42128325,0.41044837,0.36286342,0.47916728,0.4439112,0.44278762,0.5257928,0.5792664,0.33297175,0.40515953,0.44252205,0.40802863,0.39219114,0.3690948,0.3939851,0.41630408,0.36051065,0.39270908,0.42419803,0.36873075,0.40102986,0.38103086,0.37204942,0.37108442,0.39394003,0.3686505,0.37391424,0.37159,0.39575377,0.37415463,0.37233663,0.45493773,0.4679801,0.46776366,0.45642263,0.4657049,0.4955792,0.38310617,0.3862211,0.40647888,0.43346527,0.40647888,0.84538865,0.7533767,0.37562355,0.34348604,0.394871,0.39725852,0.41787377,0.39417484,0.5903522,0.47748727,0.36555767,0.42647994,0.40249237,0.5343702,0.5240653,0.46167278,0.4380173,0.47904724,0.43587482,0.44796956,0.43678784,0.4636217,0.5967503,0.43447217,0.48004922,0.4815474,0.44181708,0.41816705,0.45492557,0.40120146,0.48214746,0.530079,0.862713,0.75844574,0.7533954,0.7437066,1.0,0.8011017,0.862713,0.7480626,0.7533954,0.86276954,0.862713,0.7763111,0.80102766,0.7820689,0.862713,0.7126994,0.862713,0.75133723,0.7746724,0.7432897,0.862713,0.85188925,0.76525867,0.5089309,0.49508113,0.51433825,0.581391,0.6025636,0.50908726,0.42868152,0.33999422,0.5443785,0.35780457,0.77865916
19120508,0.33588308,0.41219705,0.31521338,0.33902115,0.39420435,0.38648814,0.4362806,0.5109113,0.3158065,0.40092537,0.37231684,0.37333477,0.33698964,0.3688464,0.34582055,0.45847264,0.54443866,0.47127524,0.48072356,0.47865295,0.558774,0.41519117,0.38883513,0.37538314,0.41709772,0.37347537,0.3329283,0.3716556,0.49333525,0.3624493,0.45731843,0.45904034,0.3313185,0.3217294,0.4017756,0.40219435,0.33571613,0.37389094,0.3610396,0.38789988,0.40270376,0.37520033,0.33905134,0.33781445,0.42921838,0.49986464,0.49869406,0.43061414,0.4973868,0.4210431,0.45875207,0.43516812,0.4687406,0.42067772,0.4687406,0.93463886,0.68012345,0.37764436,0.35365164,0.37643236,0.38489458,0.39364824,0.31655684,0.6571827,0.47044635,0.3912377,0.4348083,0.44375458,0.47914848,0.51670223,0.45655742,0.3748899,0.39970255,0.36887413,0.3809605,0.39561516,0.46702695,0.5662178,0.50067306,0.5564977,0.5179583,0.4697211,0.46766698,0.47612286,0.43496025,0.45056427,0.45383975,0.83768237,0.6813582,0.7608043,0.84843004,0.8011017,1.0,0.83768237,0.68138736,0.7608043,0.83478373,0.83768237,0.78248894,0.74856555,0.95927626,0.83768237,0.6573059,0.83768237,0.82908833,0.9066267,0.67441374,0.83768237,0.9341869,0.7069905,0.55356497,0.48151374,0.58391297,0.56923074,0.50095093,0.48833358,0.42587337,0.42137372,0.5111437,0.36170185,0.70542383
IM_20030103_result,0.30176497,0.38313147,0.30066052,0.30380717,0.35595846,0.36351943,0.47500017,0.41752827,0.30131897,0.38751122,0.35524333,0.354419,0.302829,0.330997,0.3127189,0.3631558,0.4662755,0.45765227,0.4130726,0.52584374,0.5674186,0.40822145,0.38365564,0.32146496,0.42240462,0.40739816,0.35433668,0.40627807,0.43117076,0.34853017,0.42604786,0.48915872,0.35555542,0.3069565,0.4191659,0.41379353,0.35666677,0.4103369,0.36886904,0.40915453,0.41311178,0.40882593,0.3621747,0.35938865,0.4310975,0.50891936,0.5077891,0.43334457,0.5076762,0.4395948,0.44549575,0.4036897,0.4611587,0.4687064,0.4611587,0.91255283,0.79993,0.40408373,0.34867918,0.42913616,0.37137628,0.39771208,0.3016211,0.6013461,0.47928244,0.4053908,0.42923337,0.44707724,0.4679701,0.5103624,0.48197344,0.32704112,0.37578887,0.3148018,0.32625556,0.3456056,0.45074612,0.55778277,0.47205442,0.48024222,0.4819659,0.4405007,0.4101279,0.45599476,0.3657041,0.5236386,0.49192375,1.0,0.8055053,0.8037687,0.7176858,0.862713,0.83768237,1.0,0.80563945,0.8037687,0.9990838,1.0,0.8599189,0.79050237,0.8568333,1.0,0.7610482,1.0,0.7661552,0.815819,0.79680145,1.0,0.91601217,0.812158,0.5150444,0.4856155,0.5162895,0.53282857,0.48996824,0.4688561,0.3617129,0.39606404,0.5119849,0.3666236,0.76533765
20040104_1,0.36968097,0.3568378,0.37996304,0.36867422,0.34006765,0.35646814,0.42327088,0.42430794,0.3769163,0.35510936,0.3471561,0.34896553,0.36967078,0.39849433,0.37759495,0.42073816,0.48106334,0.41883704,0.40599424,0.57117355,0.5822561,0.36732253,0.44380274,0.38004827,0.45548546,0.49235246,0.44119498,0.494924,0.3977326,0.40846515,0.4222505,0.4568373,0.44491273,0.3817772,0.41782096,0.40323967,0.44336838,0.49865976,0.44493613,0.4099099,0.4034387,0.49150681,0.45670503,0.45360613,0.5078219,0.47297418,0.47279686,0.509644,0.47317272,0.51425874,0.41745466,0.4165261,0.41732904,0.4452585,0.41732904,0.75201076,0.9880092,0.40074113,0.3481898,0.389192,0.3242256,0.35026664,0.37731683,0.572484,0.5226586,0.40792888,0.40664443,0.42404652,0.52185637,0.5100678,0.4510823,0.3859379,0.43171126,0.3793332,0.38205642,0.37016672,0.41682076,0.576756,0.44345582,0.40459967,0.41868624,0.42413568,0.3751862,0.39212304,0.38476747,0.59736234,0.5259794,0.80563945,0.991269,0.7475377,0.65556645,0.7480626,0.68138736,0.80563945,1.0,0.7475377,0.8054344,0.80563945,0.70685774,0.6984621,0.6874114,0.80563945,0.9394194,0.80563945,0.8158719,0.69102633,0.98857546,0.80563945,0.7477573,0.957812,0.51928645,0.50380415,0.45355716,0.525369,0.5309103,0.50423807,0.41094238,0.35469887,0.51349694,0.3266083,0.89770895
IM_20050511_result,0.32187766,0.4689435,0.3182634,0.3251041,0.411986,0.37189072,0.47166276,0.43319148,0.31661686,0.3971489,0.38011143,0.37928066,0.324154,0.37518913,0.32782814,0.44695628,0.5037697,0.52437234,0.4655757,0.53323984,0.60843396,0.47064525,0.40902632,0.3783117,0.40849972,0.3711766,0.35307667,0.37079287,0.52024615,0.34914544,0.475881,0.4842058,0.3521137,0.31935787,0.44338888,0.44440562,0.35543904,0.37360704,0.3455217,0.42500678,0.4438772,0.372915,0.3561855,0.35465428,0.46465325,0.5166607,0.51472306,0.46527776,0.5163903,0.45875707,0.4684405,0.4279678,0.48364025,0.47934544,0.48364025,0.7998461,0.7585557,0.4188344,0.40579522,0.41906795,0.3744137,0.3709215,0.3155246,0.5946973,0.46695057,0.42751896,0.3940583,0.4686672,0.47805542,0.54258984,0.50070363,0.39005435,0.4099493,0.37201592,0.37941015,0.40237206,0.43052155,0.5737295,0.44326445,0.47614002,0.4471314,0.4801138,0.424933,0.46534345,0.37492868,0.5006474,0.5013009,0.8037687,0.7546551,1.0,0.747168,0.7533954,0.7608043,0.8037687,0.7475377,1.0,0.8010461,0.8037687,0.70928085,0.6806401,0.76956713,0.8037687,0.75736076,0.8037687,0.71841025,0.71380556,0.74685097,0.8037687,0.803383,0.7501092,0.5303848,0.45441568,0.5314422,0.54008555,0.4991312,0.52350134,0.41159177,0.4087959,0.5108629,0.41294608,0.72980237
V350011903_L01_115,0.30230808,0.3845149,0.3000751,0.30425406,0.35627827,0.36608204,0.47665,0.41499543,0.30070132,0.38955703,0.35522747,0.35443044,0.30322996,0.3295701,0.31334147,0.35920185,0.46337694,0.45587716,0.40908957,0.52527845,0.570471,0.4121893,0.38255754,0.3219713,0.42215204,0.4063111,0.3545565,0.40522456,0.43366057,0.3478315,0.42642975,0.4894961,0.35588223,0.30634356,0.42278016,0.41701424,0.3568726,0.40920365,0.3664479,0.4130615,0.41634455,0.40773505,0.36223167,0.3594188,0.43380922,0.51243865,0.5113711,0.43605512,0.51124936,0.44187412,0.4457032,0.40231296,0.4624994,0.46914303,0.4624994,0.91105694,0.8001675,0.40452957,0.3506793,0.43054122,0.37096465,0.39819366,0.30106243,0.60063547,0.48244798,0.40850025,0.4276862,0.44626936,0.46571445,0.50891477,0.48368177,0.32762486,0.3755355,0.3156284,0.32681912,0.34716794,0.45152646,0.55796933,0.47079688,0.4788251,0.48291484,0.4404578,0.41124076,0.456447,0.3652724,0.5238632,0.49246207,0.9990838,0.80541754,0.8010461,0.7156832,0.86276954,0.83478373,0.9990838,0.8054344,0.8010461,1.0,0.9990838,0.85756844,0.78925467,0.85406375,0.9990838,0.76095396,0.9990838,0.7629427,0.8132586,0.7974708,0.9990838,0.9141698,0.8120756,0.51339597,0.48767462,0.5173415,0.5312986,0.49005586,0.46410593,0.3590715,0.3998431,0.50830233,0.36697078,0.7633573
20052815,0.30176497,0.38313147,0.30066052,0.30380717,0.35595846,0.36351943,0.47500017,0.41752827,0.30131897,0.38751122,0.35524333,0.354419,0.302829,0.330997,0.3127189,0.3631558,0.4662755,0.45765227,0.4130726,0.52584374,0.5674186,0.40822145,0.38365564,0.32146496,0.42240462,0.40739816,0.35433668,0.40627807,0.43117076,0.34853017,0.42604786,0.48915872,0.35555542,0.3069565,0.4191659,0.41379353,0.35666677,0.4103369,0.36886904,0.40915453,0.41311178,0.40882593,0.3621747,0.35938865,0.4310975,0.50891936,0.5077891,0.43334457,0.5076762,0.4395948,0.44549575,0.4036897,0.4611587,0.4687064,0.4611587,0.91255283,0.79993,0.40408373,0.34867918,0.42913616,0.37137628,0.39771208,0.3016211,0.6013461,0.47928244,0.4053908,0.42923337,0.44707724,0.4679701,0.5103624,0.48197344,0.32704112,0.37578887,0.3148018,0.32625556,0.3456056,0.45074612,0.55778277,0.47205442,0.48024222,0.4819659,0.4405007,0.4101279,0.45599476,0.3657041,0.5236386,0.49192375,1.0,0.8055053,0.8037687,0.7176858,0.862713,0.83768237,1.0,0.80563945,0.8037687,0.9990838,1.0,0.8599189,0.79050237,0.8568333,1.0,0.7610482,1.0,0.7661552,0.815819,0.79680145,1.0,0.91601217,0.812158,0.5150444,0.4856155,0.5162895,0.53282857,0.48996824,0.4688561,0.3617129,0.39606404,0.5119849,0.3666236,0.76533765
V350011900_L03_100,0.364154,0.4035583,0.37679875,0.36555517,0.38412672,0.3942302,0.46610564,0.44133335,0.37796393,0.42680246,0.3967557,0.3964218,0.36551026,0.40451977,0.3761862,0.4283094,0.5749496,0.47514293,0.4948159,0.5673417,0.6320181,0.3972826,0.3823591,0.36410517,0.36885196,0.35315964,0.31291282,0.35108632,0.4565232,0.3229751,0.34790266,0.3948429,0.3077858,0.3836966,0.33555767,0.34152493,0.312288,0.35442835,0.31368336,0.33427495,0.34040254,0.35618642,0.31832072,0.31464177,0.40046492,0.4280845,0.4275127,0.40273777,0.4283931,0.45989615,0.42381325,0.44166833,0.44473958,0.4441077,0.44473958,0.8334202,0.704512,0.43037218,0.41444156,0.4408782,0.43239275,0.45848426,0.37828273,0.5009617,0.40817958,0.3330987,0.4589654,0.45157745,0.47820476,0.5988581,0.46595523,0.35859197,0.38895515,0.35261708,0.36619565,0.3748906,0.48700753,0.64670575,0.5002689,0.53251094,0.5142974,0.5024186,0.38978636,0.4932077,0.39022797,0.42572385,0.4583979,0.8599189,0.70900106,0.70928085,0.7168818,0.7763111,0.78248894,0.8599189,0.70685774,0.70928085,0.85756844,0.8599189,1.0,0.7208672,0.8065661,0.8599189,0.6768422,0.8599189,0.7347822,0.77187616,0.7129803,0.8599189,0.8312292,0.74182373,0.67957515,0.4844115,0.5211598,0.68852204,0.5886796,0.6004674,0.44042355,0.4235822,0.62465805,0.3920612,0.7178837
V300073501_L04_85,0.37932986,0.4142676,0.37096173,0.38280997,0.41290435,0.40031546,0.49811074,0.5125451,0.37090802,0.41457912,0.39219356,0.3880989,0.38109857,0.4131827,0.38537872,0.4355978,0.48733047,0.48557943,0.5225676,0.47018763,0.5637018,0.34194753,0.4353532,0.4089256,0.448323,0.40988356,0.37894613,0.41014504,0.42825484,0.3912431,0.4120459,0.40622818,0.3824873,0.3774199,0.3946631,0.37414336,0.38014188,0.41229147,0.42060602,0.39289218,0.3742298,0.41146174,0.38972598,0.38777125,0.42524743,0.4565403,0.45742315,0.42383686,0.45674953,0.4485648,0.4366382,0.45479065,0.46111685,0.42273495,0.46111685,0.7682451,0.69310313,0.36918092,0.39368755,0.38290334,0.3976885,0.3943298,0.3717664,0.59950155,0.5381764,0.375186,0.53228915,0.43784875,0.5309749,0.51142114,0.44686455,0.39497554,0.4376504,0.40710393,0.4150338,0.417688,0.4992941,0.55318296,0.5455526,0.5136987,0.53602934,0.5233413,0.44885835,0.51703537,0.41831455,0.46185204,0.47834677,0.79050237,0.70268035,0.6806401,0.6693504,0.80102766,0.74856555,0.79050237,0.6984621,0.6806401,0.78925467,0.79050237,0.7208672,1.0,0.74136215,0.79050237,0.6910765,0.79050237,0.75503796,0.7581351,0.6906315,0.79050237,0.76901096,0.69636774,0.5163508,0.45912912,0.50235945,0.5472913,0.5729339,0.47171876,0.45319468,0.38774985,0.55247283,0.3961647,0.74016374
V350037201_L03_14,0.31733793,0.40783447,0.30090898,0.31943363,0.377709,0.365961,0.45768937,0.49618366,0.30072445,0.41220582,0.35778147,0.35785395,0.3185317,0.33812916,0.32479137,0.4739857,0.5424413,0.4809637,0.47966924,0.47402358,0.56278336,0.42001963,0.38561872,0.34549758,0.43606123,0.38760167,0.33763447,0.38305402,0.5019828,0.37070593,0.44331002,0.46432444,0.33565575,0.30527627,0.39081,0.3956865,0.3383709,0.38578558,0.35612068,0.37401563,0.39542213,0.38955694,0.34563577,0.34379122,0.43692148,0.5170345,0.51579094,0.43800765,0.51699525,0.4179084,0.48507094,0.46641907,0.49070525,0.4388635,0.49070525,0.92470133,0.6835617,0.38979718,0.3791319,0.3847015,0.39676723,0.39533025,0.30178773,0.64479506,0.46794838,0.38344887,0.42825115,0.43801725,0.43470505,0.5057384,0.4587724,0.34247354,0.37116593,0.33904085,0.34919113,0.37506297,0.45728302,0.5719136,0.51286685,0.5381054,0.52723306,0.4816034,0.41802436,0.47917745,0.41737548,0.46194038,0.4615978,0.8568333,0.68617153,0.76956713,0.8135525,0.7820689,0.95927626,0.8568333,0.6874114,0.76956713,0.85406375,0.8568333,0.8065661,0.74136215,1.0,0.8568333,0.65813744,0.8568333,0.8418778,0.8999692,0.6836858,0.8568333,0.92936856,0.70700645,0.5637231,0.45541105,0.5922151,0.55507326,0.48629564,0.49770117,0.44805765,0.45039368,0.5102341,0.3602767,0.70558465
NK10183,0.30176497,0.38313147,0.30066052,0.30380717,0.35595846,0.36351943,0.47500017,0.41752827,0.30131897,0.38751122,0.35524333,0.354419,0.302829,0.330997,0.3127189,0.3631558,0.4662755,0.45765227,0.4130726,0.52584374,0.5674186,0.40822145,0.38365564,0.32146496,0.42240462,0.40739816,0.35433668,0.40627807,0.43117076,0.34853017,0.42604786,0.48915872,0.35555542,0.3069565,0.4191659,0.41379353,0.35666677,0.4103369,0.36886904,0.40915453,0.41311178,0.40882593,0.3621747,0.35938865,0.4310975,0.50891936,0.5077891,0.43334457,0.5076762,0.4395948,0.44549575,0.4036897,0.4611587,0.4687064,0.4611587,0.91255283,0.79993,0.40408373,0.34867918,0.42913616,0.37137628,0.39771208,0.3016211,0.6013461,0.47928244,0.4053908,0.42923337,0.44707724,0.4679701,0.5103624,0.48197344,0.32704112,0.37578887,0.3148018,0.32625556,0.3456056,0.45074612,0.55778277,0.47205442,0.48024222,0.4819659,0.4405007,0.4101279,0.45599476,0.3657041,0.5236386,0.49192375,1.0,0.8055053,0.8037687,0.7176858,0.862713,0.83768237,1.0,0.80563945,0.8037687,0.9990838,1.0,0.8599189,0.79050237,0.8568333,1.0,0.7610482,1.0,0.7661552,0.815819,0.79680145,1.0,0.91601217,0.812158,0.5150444,0.4856155,0.5162895,0.53282857,0.48996824,0.4688561,0.3617129,0.39606404,0.5119849,0.3666236,0.76533765
NK10262,0.3828922,0.37908992,0.3837861,0.3831647,0.37118462,0.37555838,0.4266804,0.46480346,0.38105553,0.3937368,0.36846897,0.37020314,0.3836143,0.41438094,0.39211437,0.4358222,0.49369243,0.4532035,0.42676896,0.556624,0.60535693,0.37199724,0.4035203,0.3743236,0.44067523,0.4326083,0.396424,0.43845442,0.40953138,0.3965245,0.4121209,0.42436862,0.39941767,0.38594648,0.38582313,0.37684613,0.3984308,0.44089535,0.4158953,0.3798274,0.37780723,0.43137378,0.40568575,0.40332878,0.5269906,0.47745946,0.47750175,0.52824813,0.47929144,0.53232795,0.40735504,0.42236418,0.41919556,0.4347089,0.41919556,0.7170204,0.9472489,0.4333954,0.42211077,0.3978547,0.35796088,0.3704858,0.38106424,0.51132274,0.48310798,0.37730426,0.46215552,0.4407835,0.53420126,0.5203733,0.4277022,0.3893442,0.4182935,0.37293205,0.37594515,0.37027586,0.46782997,0.60023385,0.4656117,0.43833584,0.45022333,0.47726035,0.40617624,0.4473722,0.431937,0.5856515,0.5406591,0.7610482,0.9531109,0.75736076,0.67109853,0.7126994,0.6573059,0.7610482,0.9394194,0.75736076,0.76095396,0.7610482,0.6768422,0.6910765,0.65813744,0.7610482,1.0,0.7610482,0.7798455,0.65479267,0.9472323,0.7610482,0.7210313,0.9008245,0.5279292,0.49337542,0.4861893,0.5509036,0.570947,0.47670528,0.43047577,0.38377154,0.523159,0.36631453,0.85214967
NK10095,0.30176497,0.38313147,0.30066052,0.30380717,0.35595846,0.36351943,0.47500017,0.41752827,0.30131897,0.38751122,0.35524333,0.354419,0.302829,0.330997,0.3127189,0.3631558,0.4662755,0.45765227,0.4130726,0.52584374,0.5674186,0.40822145,0.38365564,0.32146496,0.42240462,0.40739816,0.35433668,0.40627807,0.43117076,0.34853017,0.42604786,0.48915872,0.35555542,0.3069565,0.4191659,0.41379353,0.35666677,0.4103369,0.36886904,0.40915453,0.41311178,0.40882593,0.3621747,0.35938865,0.4310975,0.50891936,0.5077891,0.43334457,0.5076762,0.4395948,0.44549575,0.4036897,0.4611587,0.4687064,0.4611587,0.91255283,0.79993,0.40408373,0.34867918,0.42913616,0.37137628,0.39771208,0.3016211,0.6013461,0.47928244,0.4053908,0.42923337,0.44707724,0.4679701,0.5103624,0.48197344,0.32704112,0.37578887,0.3148018,0.32625556,0.3456056,0.45074612,0.55778277,0.47205442,0.48024222,0.4819659,0.4405007,0.4101279,0.45599476,0.3657041,0.5236386,0.49192375,1.0,0.8055053,0.8037687,0.7176858,0.862713,0.83768237,1.0,0.80563945,0.8037687,0.9990838,1.0,0.8599189,0.79050237,0.8568333,1.0,0.7610482,1.0,0.7661552,0.815819,0.79680145,1.0,0.91601217,0.812158,0.5150444,0.4856155,0.5162895,0.53282857,0.48996824,0.4688561,0.3617129,0.39606404,0.5119849,0.3666236,0.76533765
V350037201_L02_126,0.3658781,0.3919738,0.3602909,0.36656672,0.351394,0.36925876,0.4352838,0.5476068,0.35911387,0.35993788,0.34563768,0.34503454,0.36751917,0.39071855,0.3714594,0.4678919,0.5214315,0.4766029,0.50212973,0.4831153,0.57588977,0.35510206,0.40066764,0.40919742,0.4150232,0.40387285,0.3897478,0.40482092,0.43351078,0.3610058,0.43148535,0.39307272,0.39060736,0.36321437,0.3814571,0.3745469,0.39142415,0.40965196,0.42261127,0.3807479,0.3738405,0.40349063,0.40302488,0.40061125,0.47291362,0.4578218,0.45812973,0.47356522,0.45973247,0.49472097,0.425503,0.4511479,0.44683188,0.3981857,0.44683188,0.80858225,0.8010126,0.39333868,0.3386036,0.34680158,0.36301675,0.35716677,0.3596671,0.64533854,0.5832963,0.37058303,0.45389628,0.44367558,0.4965087,0.51035035,0.41198012,0.39970785,0.43017328,0.4028947,0.41201374,0.39837068,0.49431306,0.57939494,0.53525925,0.51473105,0.5026994,0.44311512,0.4174086,0.48089933,0.44684318,0.4985096,0.4963204,0.7661552,0.8172775,0.71841025,0.7715832,0.75133723,0.82908833,0.7661552,0.8158719,0.71841025,0.7629427,0.7661552,0.7347822,0.75503796,0.8418778,0.7661552,0.7798455,0.7661552,1.0,0.8192232,0.8097921,0.7661552,0.80906653,0.83532745,0.5303842,0.5103414,0.52350867,0.5722338,0.5051691,0.5022242,0.4489154,0.38163897,0.5041643,0.33290428,0.8074411
V350037201_L02_63,0.35335234,0.43044227,0.35992163,0.35532734,0.40851453,0.39280653,0.46965912,0.5165207,0.36011726,0.42532754,0.4000883,0.3999728,0.3535292,0.398103,0.35956693,0.4618921,0.55261695,0.49006674,0.52285624,0.47125423,0.55195427,0.39859092,0.40544182,0.40394473,0.44715565,0.39966577,0.3591867,0.39560014,0.4849012,0.37857136,0.37727895,0.4055636,0.35854137,0.36508203,0.35715452,0.35541657,0.36125308,0.3973995,0.37097472,0.33975822,0.3551371,0.4011082,0.36861444,0.36734027,0.4116677,0.47027144,0.4680925,0.41170177,0.46485445,0.41844416,0.4601013,0.45510554,0.475788,0.43192568,0.475788,0.86768514,0.67996895,0.391056,0.39496997,0.36236557,0.38865867,0.3952429,0.35956326,0.643785,0.5074975,0.34706908,0.43158445,0.42343923,0.4370854,0.5179386,0.47967616,0.393028,0.4161312,0.39846855,0.40676954,0.4078659,0.45909476,0.5587039,0.5281905,0.54413915,0.51103586,0.49421328,0.43508443,0.46873954,0.42640126,0.44956455,0.45116585,0.815819,0.68463945,0.71380556,0.8020984,0.7746724,0.9066267,0.815819,0.69102633,0.71380556,0.8132586,0.815819,0.77187616,0.7581351,0.8999692,0.815819,0.65479267,0.815819,0.8192232,1.0,0.6810111,0.815819,0.8699614,0.71716666,0.577376,0.47973475,0.545561,0.5457894,0.49712464,0.50903714,0.495649,0.4041854,0.5022488,0.36644942,0.71546084
NK04252,0.36709654,0.3530636,0.37200946,0.3653788,0.3404252,0.3467604,0.42267466,0.42814803,0.3694886,0.35468662,0.33844373,0.34124184,0.36663848,0.39177245,0.3738848,0.4176196,0.4865311,0.4249165,0.4037825,0.5737977,0.5911369,0.36807206,0.4358331,0.37939808,0.46309978,0.48512942,0.43129706,0.4881797,0.41200033,0.41623253,0.41751322,0.4521989,0.43421823,0.3715777,0.40817797,0.3971641,0.43307924,0.49232998,0.4292855,0.4029144,0.39751,0.48399192,0.44454014,0.44168904,0.51478356,0.46761504,0.46753374,0.51704514,0.46848267,0.5231065,0.41664636,0.4203947,0.4191404,0.44537538,0.4191404,0.74257493,0.99337554,0.41101,0.3690071,0.39434713,0.33426082,0.3600123,0.36920068,0.5534763,0.5102229,0.3997825,0.39994723,0.4223544,0.510823,0.5191071,0.4378351,0.38869998,0.43255478,0.3787379,0.38043398,0.37158602,0.43302703,0.5895205,0.44618297,0.41372153,0.4317031,0.43612543,0.37725934,0.40696055,0.39800638,0.5897855,0.5170373,0.79680145,0.99449396,0.74685097,0.65801895,0.7432897,0.67441374,0.79680145,0.98857546,0.74685097,0.7974708,0.79680145,0.7129803,0.6906315,0.6836858,0.79680145,0.9472323,0.79680145,0.8097921,0.6810111,1.0,0.79680145,0.74307525,0.95520747,0.5346257,0.49887457,0.4674785,0.542044,0.54662555,0.49511588,0.40785295,0.36474964,0.5215687,0.33809593,0.8866038
NK06250,0.30176497,0.38313147,0.30066052,0.30380717,0.35595846,0.36351943,0.47500017,0.41752827,0.30131897,0.38751122,0.35524333,0.354419,0.302829,0.330997,0.3127189,0.3631558,0.4662755,0.45765227,0.4130726,0.52584374,0.5674186,0.40822145,0.38365564,0.32146496,0.42240462,0.40739816,0.35433668,0.40627807,0.43117076,0.34853017,0.42604786,0.48915872,0.35555542,0.3069565,0.4191659,0.41379353,0.35666677,0.4103369,0.36886904,0.40915453,0.41311178,0.40882593,0.3621747,0.35938865,0.4310975,0.50891936,0.5077891,0.43334457,0.5076762,0.4395948,0.44549575,0.4036897,0.4611587,0.4687064,0.4611587,0.91255283,0.79993,0.40408373,0.34867918,0.42913616,0.37137628,0.39771208,0.3016211,0.6013461,0.47928244,0.4053908,0.42923337,0.44707724,0.4679701,0.5103624,0.48197344,0.32704112,0.37578887,0.3148018,0.32625556,0.3456056,0.45074612,0.55778277,0.47205442,0.48024222,0.4819659,0.4405007,0.4101279,0.45599476,0.3657041,0.5236386,0.49192375,1.0,0.8055053,0.8037687,0.7176858,0.862713,0.83768237,1.0,0.80563945,0.8037687,0.9990838,1.0,0.8599189,0.79050237,0.8568333,1.0,0.7610482,1.0,0.7661552,0.815819,0.79680145,1.0,0.91601217,0.812158,0.5150444,0.4856155,0.5162895,0.53282857,0.48996824,0.4688561,0.3617129,0.39606404,0.5119849,0.3666236,0.76533765
NK06310,0.3017337,0.37102467,0.30034944,0.3040113,0.36354643,0.3434587,0.45245132,0.4842706,0.30030492,0.36273548,0.3484071,0.3497046,0.30275974,0.33716673,0.31382042,0.43729872,0.556507,0.45226896,0.46139997,0.4980958,0.55123436,0.40086132,0.3601605,0.33514833,0.42388856,0.39437345,0.33885765,0.3924215,0.465182,0.36221257,0.4187445,0.46853343,0.33707994,0.3050107,0.38755453,0.38638616,0.34100303,0.39455968,0.34279174,0.3760343,0.3859231,0.39631656,0.34674498,0.3448457,0.4507726,0.52000535,0.5187201,0.45209184,0.51818687,0.46664807,0.44776046,0.42090052,0.4497636,0.44466278,0.4497636,0.99556005,0.7467367,0.40168214,0.3547096,0.40125358,0.3685385,0.3981432,0.30046245,0.65827775,0.46271005,0.37783152,0.42349374,0.46728805,0.49093905,0.5335796,0.47592568,0.33542034,0.37789243,0.32853416,0.3407844,0.35206908,0.44574326,0.56346667,0.4930713,0.51944613,0.48557773,0.4486644,0.43269965,0.45081934,0.40477133,0.48062053,0.48359773,0.91601217,0.750365,0.803383,0.8012956,0.85188925,0.9341869,0.91601217,0.7477573,0.803383,0.9141698,0.91601217,0.8312292,0.76901096,0.92936856,0.91601217,0.7210313,0.91601217,0.80906653,0.8699614,0.74307525,0.91601217,1.0,0.76681006,0.525804,0.4814412,0.556411,0.5571156,0.49962306,0.47831652,0.39539704,0.3934209,0.5268004,0.347792,0.7343984
7-20,0.36547586,0.36323446,0.38396677,0.36526734,0.36312783,0.36664024,0.4361825,0.42862442,0.38181844,0.35077375,0.3623857,0.3649681,0.366409,0.40427193,0.37275174,0.41589245,0.4991268,0.44932893,0.41503328,0.5464401,0.6147629,0.39822274,0.4155222,0.3817243,0.42037845,0.44763434,0.4001282,0.44979495,0.43927652,0.37122703,0.4182498,0.43628448,0.403896,0.38274956,0.40229097,0.39250946,0.40264976,0.45354906,0.40304077,0.39647317,0.39175093,0.4471352,0.4148596,0.4121902,0.50863296,0.46578103,0.46464416,0.5105611,0.46513745,0.5345388,0.41820508,0.4117576,0.42991877,0.43832853,0.42991877,0.77069557,0.9482114,0.42573994,0.35297814,0.39449143,0.33124733,0.35229886,0.38115445,0.56675285,0.5209203,0.39262938,0.41274142,0.420788,0.5162667,0.5033736,0.47841686,0.39144528,0.42581642,0.38207948,0.38554353,0.37128368,0.43402538,0.59411776,0.45548403,0.43316305,0.42067915,0.42928785,0.402839,0.40720543,0.39436328,0.5770414,0.52320445,0.812158,0.9535401,0.7501092,0.66392577,0.76525867,0.7069905,0.812158,0.957812,0.7501092,0.8120756,0.812158,0.74182373,0.69636774,0.70700645,0.812158,0.9008245,0.812158,0.83532745,0.71716666,0.95520747,0.812158,0.76681006,1.0,0.5271552,0.52357256,0.4701982,0.5365136,0.537101,0.5132157,0.39864308,0.3561428,0.5035991,0.33358467,0.86259127
V350037201_L02_65,0.42225513,0.44785434,0.4554899,0.4193046,0.4192875,0.39576036,0.47362608,0.47267818,0.45553476,0.48031765,0.43713552,0.43475068,0.4203207,0.47152436,0.42382717,0.6164336,0.7187636,0.5559101,0.62383187,0.6249738,0.64893365,0.45996684,0.48670325,0.4559707,0.44353026,0.4162115,0.39155477,0.4120125,0.5388162,0.4506728,0.32600245,0.3822361,0.3861118,0.45885172,0.3438298,0.3555354,0.38949966,0.4105903,0.38949704,0.34490174,0.35596642,0.41769964,0.3919388,0.39055303,0.39959425,0.38687336,0.38740927,0.3996905,0.3868857,0.39615047,0.5064558,0.56507736,0.51244533,0.48842597,0.51244533,0.52804023,0.5279183,0.43254417,0.56180525,0.4366795,0.5100854,0.50891876,0.45735747,0.4040688,0.38696942,0.3435451,0.4992154,0.48586425,0.46309823,0.74391425,0.440331,0.4659188,0.45763886,0.4537677,0.45887285,0.47177383,0.4928012,0.66573036,0.49677697,0.5217048,0.54414403,0.6247066,0.3874805,0.5062486,0.45546162,0.3921138,0.46524078,0.5150444,0.52308595,0.5303848,0.61982185,0.5089309,0.55356497,0.5150444,0.51928645,0.5303848,0.51339597,0.5150444,0.67957515,0.5163508,0.5637231,0.5150444,0.5279292,0.5150444,0.5303842,0.577376,0.5346257,0.5150444,0.525804,0.5271552,1.0,0.39623544,0.49314326,0.7056385,0.6133194,0.742238,0.5823551,0.54850525,0.7390032,0.47055534,0.60118717
NK04150,0.5151038,0.52619016,0.50224364,0.5176255,0.4803608,0.5001022,0.55524564,0.4896933,0.50503916,0.44800645,0.45646268,0.45802364,0.5162492,0.5037093,0.5121088,0.4382273,0.37494138,0.41336533,0.42718145,0.40756777,0.40901285,0.52564025,0.5355068,0.49622703,0.4767739,0.4784197,0.44700748,0.49011582,0.4028407,0.47571412,0.5175888,0.48118013,0.4480128,0.4960424,0.44265544,0.4464479,0.44673648,0.4927794,0.48893732,0.4590932,0.44556835,0.4777143,0.44547972,0.44505787,0.6080216,0.5278223,0.5257329,0.60999024,0.5246517,0.6595056,0.45951676,0.4455349,0.4617502,0.44016418,0.4617502,0.48956007,0.49926984,0.6316172,0.47099578,0.51376605,0.4525998,0.47385934,0.50296193,0.57149297,0.5998656,0.44275057,0.57384163,0.5660878,0.6857338,0.4100973,0.57925254,0.49076855,0.5399011,0.4995233,0.495892,0.45124516,0.600399,0.42752796,0.5825959,0.58027303,0.53884923,0.44359225,0.567552,0.56922555,0.54812086,0.66618085,0.68670976,0.4856155,0.5004226,0.45441568,0.44857264,0.49508113,0.48151374,0.4856155,0.50380415,0.45441568,0.48767462,0.4856155,0.4844115,0.45912912,0.45541105,0.4856155,0.49337542,0.4856155,0.5103414,0.47973475,0.49887457,0.4856155,0.4814412,0.52357256,0.39623544,1.0,0.708708,0.5059882,0.47360554,0.37925908,0.39351133,0.4607256,0.3979372,0.58300835,0.4245547
NK04047,0.42743808,0.48494673,0.40321156,0.42814618,0.47749132,0.43328416,0.5335194,0.4917452,0.40309858,0.45723808,0.42971867,0.42906773,0.42763615,0.4439957,0.42982268,0.55930984,0.47647473,0.5317947,0.4857111,0.39903507,0.5442003,0.51279247,0.5019097,0.3905619,0.46888325,0.40747958,0.38961947,0.40966937,0.54287744,0.4586537,0.5279998,0.4939531,0.38346985,0.40402478,0.44145593,0.4615178,0.38590693,0.40863124,0.4465347,0.43553928,0.46030462,0.4081027,0.38414323,0.383197,0.5418091,0.5766919,0.57472134,0.54458445,0.5794198,0.5092799,0.5534908,0.5208566,0.54821014,0.5160803,0.54821014,0.55867106,0.4629277,0.5583252,0.52367866,0.51646507,0.54807425,0.5157495,0.40220705,0.54785764,0.4930718,0.4379778,0.47014752,0.5591989,0.5478686,0.45366716,0.5078496,0.40045288,0.41687113,0.39456138,0.39211097,0.42382187,0.55284214,0.5084579,0.558422,0.613662,0.5934391,0.53046423,0.49173224,0.5699109,0.5250767,0.554404,0.61731243,0.5162895,0.4605427,0.5314422,0.5115429,0.51433825,0.58391297,0.5162895,0.45355716,0.5314422,0.5173415,0.5162895,0.5211598,0.50235945,0.5922151,0.5162895,0.4861893,0.5162895,0.52350867,0.545561,0.4674785,0.5162895,0.556411,0.4701982,0.49314326,0.708708,1.0,0.53057706,0.49504265,0.4218241,0.47964126,0.54992795,0.4666374,0.55039513,0.43852088
V350011809_L01_61,0.48041546,0.4895111,0.483034,0.4785011,0.45444956,0.43769696,0.40129122,0.50009316,0.48276147,0.4886665,0.45227146,0.4520151,0.4785638,0.51114804,0.4903835,0.50724274,0.55930007,0.4863844,0.53686565,0.5615416,0.649155,0.39046562,0.4988103,0.50830466,0.38869077,0.3510412,0.35572296,0.36014786,0.48571435,0.41241175,0.39716738,0.3568197,0.34498918,0.48954472,0.32583293,0.3435291,0.35495612,0.35896936,0.3657642,0.32373905,0.34356746,0.35293636,0.34684718,0.34538597,0.4417347,0.41246104,0.41154718,0.4453316,0.4135006,0.49132156,0.42415303,0.46836543,0.4249112,0.45095277,0.4249112,0.55896664,0.54440665,0.48932275,0.50747174,0.4475118,0.50001657,0.47768506,0.4829159,0.41214973,0.4041279,0.31823292,0.54252774,0.46725783,0.5359302,0.61146504,0.43628952,0.4979967,0.5078234,0.49365392,0.50563395,0.49471417,0.54901797,0.63423705,0.5327634,0.57143307,0.557775,0.5417716,0.46268758,0.54706264,0.50605154,0.41607556,0.47163618,0.53282857,0.537201,0.54008555,0.62475437,0.581391,0.56923074,0.53282857,0.525369,0.54008555,0.5312986,0.53282857,0.68852204,0.5472913,0.55507326,0.53282857,0.5509036,0.53282857,0.5722338,0.5457894,0.542044,0.53282857,0.5571156,0.5365136,0.7056385,0.5059882,0.53057706,1.0,0.7577343,0.60276663,0.5108365,0.4882736,0.6543962,0.5021711,0.59908664
V350037201_L02_60,0.5486971,0.46447507,0.54252994,0.54930687,0.4999885,0.49235865,0.44280532,0.510209,0.54187745,0.522019,0.503902,0.50452685,0.5473184,0.5858203,0.5578776,0.4932123,0.53751695,0.52500504,0.5359307,0.600283,0.65263486,0.36345705,0.52093625,0.54469347,0.42547858,0.39926675,0.39123562,0.41022688,0.48649448,0.47766802,0.39609742,0.36789238,0.39103886,0.5470957,0.34402207,0.3475546,0.3906154,0.4059687,0.4193057,0.34572318,0.35019818,0.40222728,0.38530836,0.3841937,0.3987574,0.34160605,0.34270525,0.4018303,0.34526283,0.45828438,0.44671974,0.48792592,0.4420715,0.4218603,0.4420715,0.49863574,0.54584306,0.5196178,0.5344095,0.4661032,0.493017,0.4842034,0.5416058,0.38099778,0.4016481,0.34605932,0.52855295,0.3966956,0.5447021,0.5369149,0.4343592,0.5355368,0.562069,0.5360139,0.5435716,0.52448624,0.52113926,0.66780365,0.48663795,0.5609773,0.49814528,0.5159591,0.5055317,0.5094671,0.5135245,0.43773156,0.45866537,0.48996824,0.54145217,0.4991312,0.5672012,0.6025636,0.50095093,0.48996824,0.5309103,0.4991312,0.49005586,0.48996824,0.5886796,0.5729339,0.48629564,0.48996824,0.570947,0.48996824,0.5051691,0.49712464,0.54662555,0.48996824,0.49962306,0.537101,0.6133194,0.47360554,0.49504265,0.7577343,1.0,0.5141502,0.5952411,0.44844788,0.611504,0.5438947,0.5945293
V350011904_L04_30,0.5006802,0.48797786,0.55737704,0.49954993,0.51452595,0.47895056,0.4499301,0.42814296,0.5552183,0.52712846,0.5357854,0.52901495,0.5006546,0.56583375,0.5039827,0.68064517,0.7468124,0.5762447,0.6614224,0.6443331,0.5927204,0.44144994,0.5031267,0.5099085,0.38661826,0.44260865,0.43592784,0.4296704,0.58147115,0.37808087,0.34055978,0.37801057,0.43212795,0.56521934,0.38882998,0.3809625,0.43327534,0.4283941,0.4323148,0.4006342,0.3832723,0.44432443,0.4390328,0.44003195,0.4437682,0.44224578,0.44362667,0.44318515,0.4415183,0.4532853,0.47861704,0.5921166,0.50520283,0.57781506,0.50520283,0.4859382,0.49409348,0.4307928,0.5119931,0.47485903,0.52031815,0.5177482,0.556486,0.43499488,0.42423055,0.3878678,0.41019782,0.5008817,0.48617458,0.7602837,0.49195832,0.5082091,0.49725935,0.5060663,0.512969,0.51697797,0.4241613,0.6000195,0.4163491,0.41041952,0.4296575,0.60879415,0.33219227,0.43476442,0.36677906,0.3814717,0.4688822,0.4688561,0.4960739,0.52350134,0.5043164,0.50908726,0.48833358,0.4688561,0.50423807,0.52350134,0.46410593,0.4688561,0.6004674,0.47171876,0.49770117,0.4688561,0.47670528,0.4688561,0.5022242,0.50903714,0.49511588,0.4688561,0.47831652,0.5132157,0.742238,0.37925908,0.4218241,0.60276663,0.5141502,1.0,0.59366703,0.4565109,0.7624949,0.3911538,0.58717513
V350011900_L02_90,0.62882,0.57710063,0.64198756,0.62760484,0.59824204,0.5824148,0.49323058,0.56872815,0.6408362,0.60499287,0.63034415,0.62798285,0.6278751,0.62686723,0.6260719,0.6209618,0.5943389,0.6101498,0.6797594,0.5402808,0.5562306,0.41518664,0.52411056,0.56338596,0.46610242,0.4504031,0.4693173,0.4466108,0.5670478,0.4996413,0.4017915,0.39495277,0.466778,0.64117587,0.4099003,0.4133174,0.46664307,0.4428605,0.5167354,0.40864295,0.41353062,0.45187113,0.46672818,0.46739146,0.38661373,0.3775691,0.37958297,0.38606033,0.37762532,0.41212344,0.497309,0.52807915,0.471807,0.47844183,0.471807,0.39103943,0.4050061,0.48681474,0.61611676,0.4684556,0.57596064,0.55627847,0.6429834,0.4210887,0.42420205,0.4234618,0.5134946,0.38400838,0.41631293,0.5334615,0.46798995,0.5448049,0.5321821,0.5630501,0.5574747,0.52554584,0.47044724,0.5593803,0.5606391,0.5228748,0.5422463,0.5936255,0.46213806,0.4927762,0.5410157,0.3824931,0.4371368,0.3617129,0.41213426,0.41159177,0.49055776,0.42868152,0.42587337,0.3617129,0.41094238,0.41159177,0.3590715,0.3617129,0.44042355,0.45319468,0.44805765,0.3617129,0.43047577,0.3617129,0.4489154,0.495649,0.40785295,0.3617129,0.39539704,0.39864308,0.5823551,0.39351133,0.47964126,0.5108365,0.5952411,0.59366703,1.0,0.4948031,0.573306,0.49590257,0.45945552
V350011900_L03_16,0.47608072,0.5149733,0.46086493,0.47214118,0.5246164,0.49149063,0.5839573,0.51706374,0.46303624,0.5938251,0.47173655,0.4732243,0.4746184,0.45195946,0.47505653,0.53777003,0.45426804,0.5654842,0.49060476,0.40459228,0.6037353,0.7002615,0.5463274,0.42723855,0.5226084,0.47176084,0.44949746,0.4709196,0.57425356,0.5153212,0.5187507,0.5194772,0.45066962,0.46568006,0.48550758,0.4984645,0.44673622,0.4709223,0.42889112,0.46656272,0.49510843,0.47033766,0.4493379,0.44928396,0.45444256,0.47649127,0.47721475,0.4539644,0.48273715,0.4221824,0.7601299,0.7024839,0.7614448,0.5384267,0.7614448,0.39259514,0.36717743,0.5001674,0.62183297,0.53858984,0.5765124,0.5736731,0.46458426,0.39365745,0.3685645,0.49433127,0.5706827,0.50879616,0.4347813,0.48825103,0.5115204,0.4374664,0.44221133,0.41995856,0.4200273,0.44185397,0.58186936,0.5179419,0.5407774,0.5987174,0.67322254,0.68296146,0.4712894,0.59769356,0.5005905,0.4835561,0.43700856,0.39606404,0.3548628,0.4087959,0.42298236,0.33999422,0.42137372,0.39606404,0.35469887,0.4087959,0.3998431,0.39606404,0.4235822,0.38774985,0.45039368,0.39606404,0.38377154,0.39606404,0.38163897,0.4041854,0.36474964,0.39606404,0.3934209,0.3561428,0.54850525,0.4607256,0.54992795,0.4882736,0.44844788,0.4565109,0.4948031,1.0,0.4806934,0.62976325,0.37239814
V350037201_L02_87,0.42182636,0.37630722,0.46085763,0.41898513,0.39373577,0.37318465,0.4275376,0.49875575,0.4606234,0.4323189,0.41209364,0.4060117,0.41992265,0.4772978,0.4298962,0.63551533,0.7474895,0.52539796,0.6206399,0.64884627,0.60455036,0.37108743,0.4488308,0.41906908,0.46831706,0.4836138,0.48974597,0.47913662,0.58021593,0.43851775,0.37159562,0.43243143,0.48078644,0.4697737,0.39644295,0.39987653,0.4837606,0.47665685,0.48928273,0.39626658,0.40321025,0.48567575,0.482147,0.48182312,0.40108886,0.43756744,0.44012764,0.4028781,0.44080368,0.41694194,0.46259248,0.5222593,0.45658192,0.542799,0.45658192,0.52990335,0.5168567,0.42307138,0.53907645,0.4891265,0.52542144,0.5304143,0.46211714,0.4741105,0.43382043,0.3921623,0.49747172,0.4591822,0.4415838,0.85918534,0.39714244,0.4210103,0.42730558,0.41226786,0.42143577,0.41512215,0.47774163,0.6585255,0.51705945,0.46622437,0.5004561,0.5816682,0.3636675,0.499983,0.41882956,0.40949327,0.44527796,0.5119849,0.5236017,0.5108629,0.5546479,0.5443785,0.5111437,0.5119849,0.51349694,0.5108629,0.50830233,0.5119849,0.62465805,0.55247283,0.5102341,0.5119849,0.523159,0.5119849,0.5041643,0.5022488,0.5215687,0.5119849,0.5268004,0.5035991,0.7390032,0.3979372,0.4666374,0.6543962,0.611504,0.7624949,0.573306,0.4806934,1.0,0.39826262,0.60742426
V350011900_L03_70,0.5525474,0.59736353,0.51852727,0.5545223,0.5481907,0.56408936,0.57233924,0.5350894,0.52084553,0.5641164,0.54017675,0.543452,0.55312544,0.512591,0.54333,0.49104667,0.383077,0.48792997,0.44397664,0.43534017,0.49335608,0.6468692,0.5920983,0.5779457,0.48082513,0.44737113,0.42454022,0.45237148,0.46891373,0.54488903,0.5415087,0.46606722,0.42931587,0.51205784,0.46357125,0.47108698,0.42451805,0.44989207,0.46996197,0.46551308,0.47054935,0.4473973,0.41995552,0.42125323,0.51520866,0.4520921,0.44939914,0.5163924,0.44947615,0.5177666,0.52739584,0.5030327,0.5222757,0.47699097,0.5222757,0.3464595,0.343392,0.6381191,0.6586305,0.56080157,0.5716747,0.54482824,0.5213226,0.4147867,0.43945587,0.46977684,0.62466866,0.5801113,0.5944199,0.42942268,0.60092264,0.58793575,0.59425914,0.58123684,0.57688916,0.5660856,0.61947036,0.46598944,0.57605857,0.6142572,0.58695847,0.53870857,0.62854904,0.6071169,0.6055179,0.46639857,0.56155044,0.3666236,0.33448142,0.41294608,0.40824643,0.35780457,0.36170185,0.3666236,0.3266083,0.41294608,0.36697078,0.3666236,0.3920612,0.3961647,0.3602767,0.3666236,0.36631453,0.3666236,0.33290428,0.36644942,0.33809593,0.3666236,0.347792,0.33358467,0.47055534,0.58300835,0.55039513,0.5021711,0.5438947,0.3911538,0.49590257,0.62976325,0.39826262,1.0,0.29024962
7-80,0.37189692,0.34470323,0.39608493,0.37081382,0.3464747,0.35320616,0.3934398,0.44794676,0.39197293,0.36598846,0.36908993,0.36972752,0.3706953,0.4243216,0.38425955,0.4737383,0.53799486,0.43409666,0.4544919,0.5805723,0.6266028,0.32709515,0.45399955,0.40063933,0.4361743,0.47195518,0.45224065,0.47259143,0.42363703,0.40816328,0.39301783,0.41365552,0.45336747,0.40575683,0.3960614,0.3753384,0.45294175,0.47252727,0.43802458,0.38736054,0.37616992,0.47202873,0.4665857,0.46169674,0.47040868,0.44769767,0.44978026,0.47222584,0.4499153,0.47039145,0.41260147,0.43486825,0.4076782,0.40216383,0.4076782,0.7353482,0.8912399,0.3265842,0.3268962,0.34116495,0.3707245,0.37178645,0.39250702,0.57856995,0.49614203,0.3778278,0.41894463,0.40635604,0.4882213,0.5740608,0.41552857,0.4088224,0.42277262,0.3939825,0.40450174,0.41655582,0.4354471,0.6372019,0.44391435,0.4216463,0.45531696,0.46461004,0.35306317,0.41541976,0.3637378,0.5349884,0.4549986,0.76533765,0.8964106,0.72980237,0.70716876,0.77865916,0.70542383,0.76533765,0.89770895,0.72980237,0.7633573,0.76533765,0.7178837,0.74016374,0.70558465,0.76533765,0.85214967,0.76533765,0.8074411,0.71546084,0.8866038,0.76533765,0.7343984,0.86259127,0.60118717,0.4245547,0.43852088,0.59908664,0.5945293,0.58717513,0.45945552,0.37239814,0.60742426,0.29024962,1.0
