strain_id,NK10012,NK01065,NK04214,NK10226,V350011900_L02_44,V350011797_L04_29,V300093475_L04_114,V350011903_L02_77,NK01067,V350011809_L02_30,V350011900_L04_94,V350011900_L02_43,NK04051,NK08105,NK08202,V300093475_L04_98,V350037201_L02_35,V350037201_L04_45,V350011900_L04_133,V350011797_L02_49,V300063714_L03_29,V300073501_L01_16,V350037201_L02_38,V350037201_L03_44,NK01109,NK01144,NK10155,NK10223,V350037201_L02_44,V300093475_L02_33,V350011809_L01_67,V350011809_L04_37,V350037201_L02_123,V350011809_L04_131,NK06292,V300073501_L01_88,V350011903_L04_117,NK08152,NK08256,NK08348,NK08041,NK08059,7-50,8-4,NK04161,V300073501_L04_115,V350011797_L02_128,V350011903_L01_36,V350037201_L04_39,NK06094,V350037201_L02_59,NK04021,NK04006,V300093475_L03_15,V350011797_L04_45,V350037201_L03_47,V350037201_L03_13,NK01117,V300063714_L03_93,V350011809_L01_25,NK01018,NK12042,V350011809_L04_30,V300063692_L02_32,V350037201_L03_57,V350011900_L04_36,V350037201_L03_15,V350011903_L01_32,V350011904_L04_66,V350011809_L03_57,V300073501_L01_80,NK04082,V300073501_L01_85,V300073501_L01_52,V350011900_L04_67,NK06054,NK04142,V350011809_L04_114,NK01111,V350011903_L01_128,V350011903_L02_117,V350037201_L02_88,NK06177,NK06053,NK08181,NK10104,V300093475_L03_86,19101412,19102703,IM_19110207_result,IM_20010403_result,20010715,19120508,IM_20030103_result,20040104_1,IM_20050511_result,V350011903_L01_115,20052815,V350011900_L03_100,V300073501_L04_85,V350037201_L03_14,NK10183,NK10262,NK10095,V350037201_L02_126,V350037201_L02_63,NK04252,NK06250,NK06310,7-20,V350037201_L02_65,NK04150,NK04047,V350011809_L01_61,V350037201_L02_60,V350011904_L04_30,V350011900_L02_90,V350011900_L03_16,V350037201_L02_87,V350011900_L03_70,7-80
NK10012,1.0,0.8558232,0.9994587,0.9994168,0.78301555,0.99271214,0.48783746,0.41041228,0.99932206,0.8641521,0.9993825,0.9986619,0.9993769,0.75476724,0.99838644,0.519616,0.47943494,0.4803327,0.49138743,0.4737279,0.41279536,0.53894234,0.68316984,0.76362324,0.51295376,0.51164305,0.5312768,0.5156071,0.42476806,0.47553948,0.52812576,0.51147556,0.5329725,0.9985814,0.5249875,0.5295574,0.5276779,0.5123299,0.53339416,0.53144455,0.5313457,0.50990844,0.5314498,0.5315813,0.53673196,0.53410864,0.53196,0.5317774,0.53425896,0.53565913,0.41299623,0.45681977,0.45616937,0.4397842,0.4552136,0.3629792,0.3700536,0.42276445,0.43852073,0.42234004,0.4235385,0.42474678,0.99916804,0.44218004,0.48941448,0.5358494,0.44016713,0.50847507,0.46764934,0.4675524,0.5129597,0.74450576,0.67551976,0.7610394,0.7620447,0.7616796,0.40391773,0.3425669,0.38540277,0.43035486,0.3633027,0.38975096,0.410875,0.40148106,0.41175187,0.41712588,0.39241594,0.36528718,0.3658905,0.28215316,0.36819062,0.36592537,0.3689423,0.36527848,0.3656938,0.28239292,0.36834222,0.36802262,0.43064752,0.39956245,0.36600095,0.3656689,0.28239292,0.3672903,0.3653348,0.34987885,0.37072507,0.3673611,0.36675796,0.36586046,0.4392717,0.43696874,0.46123102,0.4753318,0.5051832,0.5466878,0.6534232,0.35099208,0.47132358,0.46788538,0.3903894
NK01065,0.8558232,1.0,0.8517242,0.85596573,0.860953,0.8532835,0.5806524,0.44608754,0.8513161,0.6731298,0.8509346,0.8524704,0.85133684,0.84315014,0.8483276,0.5645415,0.46682823,0.478233,0.49872628,0.38937005,0.3567208,0.68330026,0.58788764,0.6644291,0.62154627,0.57597303,0.59307957,0.58406395,0.5491457,0.54811513,0.6876733,0.578309,0.5966342,0.8501465,0.5861392,0.59273005,0.59221035,0.5776192,0.6951962,0.59638286,0.5952317,0.5748716,0.5954515,0.5957522,0.4561168,0.44475925,0.44742537,0.44746804,0.45464635,0.5153585,0.41670233,0.44237453,0.44078794,0.4816866,0.43970704,0.27356288,0.29277286,0.5304845,0.5799123,0.5305724,0.56083333,0.5333789,0.85081595,0.4416418,0.50822407,0.59863454,0.6182636,0.67916787,0.5883376,0.43022874,0.58826053,0.6395329,0.5791424,0.667332,0.66410685,0.6640292,0.5302336,0.36533096,0.48466265,0.49914077,0.38022524,0.48952782,0.44657606,0.5342287,0.44905457,0.35765374,0.36165243,0.2791999,0.27967128,0.27261662,0.27898565,0.28079936,0.28494275,0.2790395,0.27924198,0.2672423,0.28174567,0.28249282,0.3563604,0.42761028,0.27980015,0.28035215,0.2672423,0.27994958,0.27862495,0.26832983,0.28471798,0.28012687,0.2803867,0.27950636,0.37196732,0.47544047,0.32873908,0.40034908,0.4505461,0.50754726,0.60017097,0.33242238,0.42901608,0.5550744,0.32552573
NK04214,0.9994587,0.8517242,1.0,0.9996249,0.77959985,0.9927477,0.48678237,0.40994018,0.9996877,0.8649435,0.9997605,0.9990721,0.9999728,0.75051975,0.9986006,0.52075124,0.48304862,0.48309246,0.49514693,0.47645557,0.41490448,0.53637767,0.6857782,0.76460123,0.5122938,0.51190686,0.5323533,0.5155873,0.42523456,0.47616607,0.525164,0.5116019,0.5340423,0.9987653,0.52581584,0.53052294,0.52866817,0.5128477,0.53008646,0.5322404,0.53235835,0.5101443,0.53221416,0.5323735,0.535185,0.53300107,0.5305227,0.5303473,0.5328771,0.5315705,0.41488564,0.45983326,0.4591328,0.4431695,0.45816916,0.36353052,0.37019315,0.42213905,0.43582618,0.42164963,0.4218897,0.42413792,0.9995085,0.4433635,0.4910651,0.5369016,0.43458495,0.5053263,0.46714664,0.46970284,0.51012236,0.74659204,0.67551345,0.76198256,0.7631012,0.7627475,0.39971036,0.34263155,0.38367337,0.42712674,0.36147708,0.38699734,0.41047478,0.39768556,0.4112178,0.41692674,0.3912641,0.36585987,0.36640877,0.28009588,0.3688042,0.36633065,0.36947685,0.36584622,0.36620817,0.28071964,0.36897597,0.36853492,0.43140405,0.39420742,0.36667055,0.36627078,0.28071964,0.36787695,0.3658576,0.35225236,0.37126136,0.36802685,0.36735415,0.3664354,0.4412441,0.43222365,0.46063793,0.47709152,0.50517285,0.5508105,0.6537553,0.35326034,0.47336933,0.4642711,0.39022908
NK10226,0.9994168,0.85596573,0.9996249,1.0,0.7851492,0.99364024,0.49360827,0.41646883,0.99965596,0.86446965,0.999575,0.9989848,0.9996279,0.757375,0.9986956,0.5245411,0.48301673,0.4848292,0.4984574,0.46949542,0.40798634,0.5422658,0.67875856,0.75890553,0.52016586,0.5180405,0.53915817,0.521777,0.43206984,0.4828463,0.5332192,0.5177942,0.5408133,0.9986513,0.53278196,0.53739744,0.5355211,0.5189155,0.53845936,0.5391149,0.53920424,0.5162892,0.53916496,0.53931606,0.5313869,0.5290006,0.5266471,0.5266423,0.5290413,0.52765685,0.41797498,0.4615689,0.46085727,0.44647092,0.45992237,0.35770956,0.3645373,0.42596936,0.44305784,0.4255514,0.42533532,0.42795485,0.99955,0.44653836,0.49592686,0.54373586,0.4420881,0.5104181,0.47393826,0.46295834,0.51463044,0.7405044,0.66842926,0.7562858,0.75734305,0.75699914,0.40567878,0.33811876,0.38950396,0.42661852,0.36034173,0.3870348,0.41701952,0.40339798,0.4178354,0.41618356,0.39487037,0.35995066,0.3605231,0.2772915,0.36289525,0.36048496,0.36358026,0.3599382,0.36032847,0.27776664,0.3629929,0.36264807,0.42516726,0.3925578,0.36076483,0.36041403,0.27776664,0.36192378,0.35995284,0.34673786,0.36551213,0.36207312,0.36141962,0.36054367,0.4355317,0.43620962,0.45442307,0.47021654,0.49845123,0.54655135,0.6479201,0.35047898,0.46687114,0.4635998,0.3855582
V350011900_L02_44,0.78301555,0.860953,0.77959985,0.7851492,1.0,0.8079275,0.70540935,0.64217114,0.7819902,0.67344576,0.7803154,0.7872113,0.7800087,0.97734547,0.78546786,0.70146227,0.48548877,0.6032901,0.65176773,0.24382001,0.22222596,0.7998169,0.45485494,0.47175193,0.7222295,0.67427766,0.7329148,0.6794955,0.74649096,0.6765578,0.80904233,0.6775378,0.73342705,0.7833942,0.73013186,0.73247206,0.7306858,0.6743744,0.8131664,0.7367141,0.7342838,0.67427224,0.7307767,0.73130476,0.4458893,0.44077426,0.44145298,0.44234276,0.447268,0.41702324,0.6033355,0.5887759,0.588598,0.63765675,0.58817834,0.16298911,0.16746607,0.64103454,0.773208,0.64204115,0.66143584,0.6422019,0.78322005,0.57845086,0.6685105,0.7332571,0.753795,0.75752044,0.7291333,0.24282026,0.7013288,0.43721256,0.3719695,0.4729373,0.47062305,0.46978682,0.64858973,0.29096654,0.66900903,0.44807717,0.3640077,0.48905617,0.6423319,0.63545895,0.64444315,0.4538618,0.5567488,0.16262525,0.16307023,0.2389924,0.16354972,0.16455954,0.16382971,0.16265947,0.16390014,0.23555031,0.1640583,0.16376042,0.20154986,0.34419382,0.16158965,0.16355565,0.23555031,0.1627151,0.16402048,0.17400163,0.16607893,0.16342896,0.16337869,0.16442508,0.2189168,0.59325594,0.24625441,0.22644573,0.26019436,0.373276,0.4137746,0.35950372,0.2503851,0.49515358,0.21655166
V350011797_L04_29,0.99271214,0.8532835,0.9927477,0.99364024,0.8079275,1.0,0.52930534,0.46436256,0.9933672,0.87262416,0.9932575,0.99474025,0.99280006,0.7892996,0.9937786,0.54817414,0.47693384,0.49939802,0.5217026,0.42803416,0.37199768,0.5682074,0.65227133,0.71789336,0.5555516,0.55319273,0.5776587,0.5565944,0.47711527,0.52483517,0.56868476,0.5533823,0.5783355,0.99303627,0.5739184,0.5760255,0.5739907,0.5536746,0.57385755,0.57839733,0.5775491,0.55181235,0.5766956,0.57686484,0.5131782,0.5115866,0.50921005,0.50978,0.51102865,0.49932867,0.45448095,0.48700935,0.48660305,0.4774477,0.48591745,0.32630712,0.33072886,0.45009834,0.48955393,0.45016629,0.44540015,0.45179006,0.9938303,0.4750148,0.5288568,0.58138716,0.48253834,0.53244466,0.5119364,0.4162569,0.5388487,0.6967868,0.6246838,0.71508694,0.7162757,0.7157626,0.44287166,0.3205387,0.4340332,0.42034286,0.35542044,0.3779779,0.46487737,0.43650475,0.46575624,0.44078913,0.44120184,0.32704714,0.32762772,0.26611793,0.3304124,0.32797757,0.3297246,0.3270318,0.32762584,0.26705658,0.32972217,0.32939816,0.38589,0.36818427,0.32758737,0.32751733,0.26705658,0.32882512,0.32762873,0.3159539,0.33215454,0.32899454,0.32833844,0.32811666,0.3961498,0.47570944,0.42775053,0.4309996,0.45312122,0.5142041,0.5951003,0.35107008,0.4201115,0.44932634,0.36170673
V300093475_L04_114,0.48783746,0.5806524,0.48678237,0.49360827,0.70540935,0.52930534,1.0,0.8307849,0.48960066,0.472377,0.48699397,0.49538428,0.48658553,0.77327365,0.49432975,0.72030795,0.40566146,0.6612848,0.71785545,0.13322675,0.17777309,0.8446611,0.3111595,0.27679974,0.8181199,0.7731784,0.79784304,0.77653974,0.8243289,0.7604319,0.8411761,0.77784276,0.79684484,0.49022418,0.80070406,0.7990533,0.7980925,0.7718714,0.84030783,0.79870343,0.7986548,0.7751795,0.7950278,0.79479927,0.35888356,0.35610104,0.35775647,0.36167148,0.3580396,0.31267673,0.7904884,0.74529713,0.7452966,0.75178176,0.7458108,0.17062661,0.16712567,0.74899113,0.8542058,0.75161636,0.7218232,0.747589,0.4926925,0.6703337,0.72761023,0.7955377,0.8511194,0.7659365,0.8470076,0.16771385,0.72727644,0.25665766,0.22834867,0.2800326,0.27873954,0.27800125,0.8234136,0.31338248,0.8473233,0.5606497,0.49014834,0.45939377,0.8302908,0.8124896,0.8323934,0.61967075,0.75325245,0.16808614,0.16815272,0.28274,0.16637662,0.16820648,0.16437373,0.16787222,0.1680359,0.27965376,0.16633934,0.1660344,0.13371587,0.30298698,0.16552195,0.16796431,0.27965376,0.1660034,0.16738999,0.1785799,0.16796783,0.16661337,0.16685107,0.16822052,0.14552248,0.72232366,0.276289,0.13445494,0.1570636,0.26211095,0.20055982,0.42394432,0.16500899,0.49665874,0.20496368
V350011903_L02_77,0.41041228,0.44608754,0.40994018,0.41646883,0.64217114,0.46436256,0.8307849,1.0,0.41545147,0.482328,0.4124152,0.42085114,0.41070813,0.7263316,0.42264536,0.7505027,0.44400862,0.69788694,0.75500894,0.12596485,0.14627007,0.7428529,0.2017299,0.17689666,0.81696594,0.82110286,0.87114507,0.8174709,0.86495745,0.8242521,0.836641,0.82279265,0.8678495,0.416133,0.87783504,0.87274754,0.87140834,0.8182031,0.8347876,0.8715688,0.8710346,0.8228576,0.86723816,0.86716026,0.37861025,0.38171303,0.38267353,0.38718164,0.37974173,0.26951575,0.8308557,0.7545882,0.75623405,0.80859715,0.75746214,0.18500796,0.1688134,0.7528676,0.8700057,0.75569296,0.7211039,0.75097,0.41906604,0.77687234,0.83727825,0.86651534,0.851381,0.7002725,0.8062032,0.08862668,0.67108774,0.16743234,0.118406475,0.1769338,0.17721638,0.1767227,0.8641073,0.27763417,0.9258193,0.5456134,0.54734725,0.42624536,0.99996626,0.84390396,0.9998976,0.7097265,0.88129973,0.17768541,0.17801279,0.31599337,0.17861149,0.17767024,0.17121246,0.17769244,0.17812547,0.31684756,0.17428961,0.17509058,0.1112414,0.2279127,0.17511651,0.17785135,0.31684756,0.17625886,0.1791051,0.20138198,0.17412648,0.17610788,0.17625365,0.17834345,0.12912965,0.79272676,0.3072306,0.10422161,0.10418755,0.16319895,0.098917276,0.4705047,0.0880571,0.42758298,0.20143265
NK01067,0.99932206,0.8513161,0.9996877,0.99965596,0.7819902,0.9933672,0.48960066,0.41545147,1.0,0.8655413,0.99968565,0.9990554,0.99971867,0.75378084,0.9989481,0.5237409,0.48324865,0.48412374,0.49732113,0.4726648,0.4110499,0.5381696,0.6810884,0.7598823,0.5152207,0.5147252,0.53635484,0.5183034,0.42976803,0.47997984,0.5285869,0.51444197,0.5379703,0.998783,0.53005034,0.53453386,0.5326682,0.5156077,0.53353214,0.53632665,0.536363,0.5129863,0.5361469,0.53631985,0.53383493,0.5318287,0.5292472,0.5290978,0.5315222,0.5284502,0.41819224,0.462081,0.46139887,0.44511425,0.46048144,0.36124223,0.3674177,0.42267692,0.44065374,0.4222464,0.4225303,0.42463627,0.9999151,0.44670695,0.49517554,0.5409137,0.438182,0.50629115,0.47016266,0.46477798,0.5121673,0.7418317,0.6699753,0.7571664,0.75830436,0.7579503,0.40298137,0.34097475,0.3882035,0.42609602,0.36097512,0.3866863,0.41600263,0.40035766,0.4167778,0.41911787,0.39582017,0.36343735,0.36399752,0.27973545,0.3664258,0.36390424,0.36676455,0.36342847,0.36376455,0.2803436,0.36648843,0.36606306,0.42803672,0.3926676,0.3641578,0.3638476,0.2803436,0.36544728,0.3634565,0.34965277,0.3687921,0.3655739,0.36492288,0.36401385,0.43729722,0.43581483,0.45846945,0.47292775,0.5005223,0.54794914,0.6481152,0.35179433,0.46867955,0.46280184,0.3888337
V350011809_L02_30,0.8641521,0.6731298,0.8649435,0.86446965,0.67344576,0.87262416,0.472377,0.482328,0.8655413,1.0,0.86787564,0.8682389,0.8651888,0.65279,0.87080336,0.452628,0.45784968,0.4825275,0.48970968,0.47513136,0.48114637,0.39363003,0.6542811,0.6159983,0.5006364,0.49874663,0.48567948,0.49617139,0.4375702,0.524513,0.43553045,0.4973662,0.48349106,0.869378,0.48827282,0.48467085,0.48209584,0.4970571,0.43859434,0.4861914,0.48437503,0.49786112,0.4840986,0.48387772,0.5223112,0.5299669,0.524776,0.52536434,0.51876223,0.46585807,0.48064682,0.4674581,0.4682517,0.45121446,0.4688811,0.46564493,0.4561725,0.36667556,0.43492177,0.36738408,0.3667439,0.3667979,0.8668573,0.50686014,0.4951846,0.48529407,0.41416323,0.34689885,0.4096822,0.46293992,0.49185032,0.6159633,0.5996707,0.6098031,0.6136811,0.6132332,0.39976722,0.38173324,0.4359312,0.40301058,0.48182112,0.49319255,0.48300332,0.39426225,0.48190874,0.5425036,0.5550512,0.46131316,0.46183327,0.41245508,0.4660374,0.4621253,0.46330088,0.46125525,0.46416047,0.41807297,0.46233064,0.46192995,0.47966293,0.43446925,0.4593349,0.46183592,0.41807297,0.46235728,0.46321976,0.47878817,0.46422535,0.4628809,0.46157014,0.46315873,0.49949887,0.5272524,0.5810146,0.5066997,0.49669734,0.49981305,0.57324183,0.52971995,0.4720744,0.3800302,0.4529884
V350011900_L04_94,0.9993825,0.8509346,0.9997605,0.999575,0.7803154,0.9932575,0.48699397,0.4124152,0.99968565,0.86787564,1.0,0.9991993,0.9997951,0.751207,0.9988117,0.51927936,0.48252586,0.48069268,0.49299178,0.47655493,0.416002,0.53283423,0.68443906,0.7606897,0.5119144,0.5114843,0.53115815,0.51499945,0.4252047,0.4783588,0.5232715,0.51117545,0.5327333,0.99896073,0.52485293,0.5293408,0.5274139,0.5124016,0.52834153,0.5310973,0.53113866,0.5097384,0.5308578,0.5310155,0.534287,0.53235924,0.52978235,0.5295907,0.53177655,0.5299955,0.41473266,0.45814413,0.45748138,0.44284824,0.45657894,0.36480504,0.37107143,0.42073113,0.4367446,0.4202884,0.4210077,0.42272404,0.99955726,0.4432685,0.4900252,0.5355999,0.43601844,0.5020055,0.46657807,0.4688872,0.51065886,0.74306357,0.67342824,0.75790966,0.75913787,0.7587736,0.40111423,0.3442943,0.3863711,0.4281475,0.3645861,0.38966817,0.41293454,0.398773,0.4136575,0.41736856,0.39529592,0.3670091,0.36755133,0.28263867,0.36992866,0.36752456,0.370431,0.36699295,0.367369,0.2833522,0.37011033,0.36964297,0.43242458,0.39367265,0.36769202,0.3674047,0.2833522,0.36901233,0.3670409,0.35345083,0.3723258,0.36919034,0.36850885,0.36762053,0.4422504,0.4356163,0.4626034,0.47820398,0.50576437,0.54886574,0.6510949,0.35650718,0.47286472,0.46324039,0.39082128
V350011900_L02_43,0.9986619,0.8524704,0.9990721,0.9989848,0.7872113,0.99474025,0.49538428,0.42085114,0.9990554,0.8682389,0.9991993,1.0,0.9990463,0.7599845,0.9983996,0.5254672,0.48308122,0.48575306,0.49897292,0.46777043,0.40731782,0.54361975,0.6780776,0.75061744,0.5195402,0.5191713,0.53987277,0.5228743,0.43678477,0.48815647,0.5323521,0.51916784,0.5413361,0.9984411,0.5340947,0.5381134,0.5360236,0.5201457,0.53756887,0.53994226,0.53990716,0.51754636,0.5394285,0.5395766,0.53027946,0.52861834,0.52585393,0.5257539,0.5279605,0.5247519,0.42297256,0.46341836,0.4627706,0.45088172,0.46191823,0.3556193,0.3617235,0.42878348,0.44947162,0.42839625,0.42778653,0.43074602,0.99899846,0.44716838,0.49585602,0.5443047,0.4452161,0.51224554,0.4766516,0.45978078,0.51378363,0.73227644,0.66253185,0.74782205,0.74904716,0.7486523,0.4087965,0.34182954,0.3963285,0.42603222,0.35985202,0.3896456,0.42133498,0.4055286,0.42207843,0.42210358,0.40173882,0.35750693,0.35806552,0.27832213,0.3608246,0.35818574,0.3611732,0.35747066,0.35801715,0.27899086,0.36061582,0.36007994,0.42361903,0.3886354,0.35835403,0.35797933,0.27899086,0.35947877,0.35772339,0.34451452,0.3629077,0.35962266,0.35893917,0.35832146,0.43388537,0.44247103,0.4524211,0.47054422,0.49737793,0.5422963,0.6389102,0.35382628,0.46352312,0.46145472,0.38452744
NK04051,0.9993769,0.85133684,0.9999728,0.9996279,0.7800087,0.99280006,0.48658553,0.41070813,0.99971867,0.8651888,0.9997951,0.9990463,1.0,0.7507465,0.9986342,0.52135664,0.4837178,0.48382533,0.49607953,0.4761373,0.41474533,0.5359713,0.6851896,0.76425266,0.5128725,0.5123818,0.53319454,0.51598513,0.4258351,0.47708616,0.5253737,0.5120344,0.5348689,0.99875605,0.5266313,0.53134006,0.5294942,0.51334214,0.5302813,0.5330692,0.5331844,0.51061475,0.53299093,0.5331581,0.5349449,0.532808,0.5303088,0.53013664,0.5326413,0.5307296,0.4154223,0.46046373,0.45976672,0.44363466,0.4588119,0.36323032,0.36980653,0.42186993,0.43610114,0.42137694,0.4215356,0.42387822,0.9995537,0.44429556,0.49216002,0.53771234,0.43450248,0.5048423,0.467197,0.46919033,0.51013786,0.746423,0.6748525,0.76162183,0.7627395,0.76238894,0.39951664,0.34241825,0.38390028,0.4262779,0.36137086,0.38690817,0.41125602,0.39748356,0.41198957,0.41637605,0.39177263,0.36555398,0.36608797,0.27969784,0.36847925,0.3660148,0.36910295,0.36554205,0.36588264,0.2803792,0.3686744,0.36822623,0.43101212,0.3932848,0.3663333,0.36596492,0.2803792,0.3675726,0.365565,0.3521927,0.3709501,0.36773902,0.36705935,0.36613667,0.44113705,0.43179333,0.4601014,0.47659814,0.5044417,0.5507829,0.65330535,0.3538894,0.47301885,0.4630826,0.3900009
NK08105,0.75476724,0.84315014,0.75051975,0.757375,0.97734547,0.7892996,0.77327365,0.7263316,0.75378084,0.65279,0.751207,0.7599845,0.7507465,1.0,0.75782406,0.73138267,0.46128595,0.61771846,0.67279524,0.17998582,0.16417947,0.8485123,0.39264673,0.4113515,0.786564,0.74124086,0.80143964,0.74650776,0.8000295,0.73880374,0.8727154,0.7453206,0.80151534,0.75462615,0.8016463,0.8015879,0.79981494,0.74037176,0.8759701,0.80576587,0.80269545,0.74171144,0.8001921,0.8005829,0.40546495,0.39994454,0.401601,0.40342546,0.40612024,0.37808076,0.6554355,0.6260543,0.6261039,0.6831521,0.625908,0.11517066,0.11840299,0.6940804,0.8364473,0.69582117,0.6995081,0.6948379,0.7557458,0.6209441,0.71929336,0.8020202,0.82092476,0.80197275,0.7932333,0.17054084,0.73262596,0.37412536,0.30517998,0.41283026,0.41069937,0.40987188,0.7254858,0.2715146,0.7339504,0.46236107,0.3714365,0.4497539,0.72634983,0.70695925,0.72880405,0.5064403,0.6218027,0.113729715,0.11408585,0.21867904,0.114246726,0.1154407,0.11271247,0.11373916,0.11421487,0.21500528,0.11404133,0.11420539,0.13743952,0.28986463,0.11232114,0.11435479,0.21500528,0.113396406,0.11458677,0.116591185,0.1159426,0.11358243,0.113778144,0.11495051,0.1502141,0.6575389,0.21028063,0.16198546,0.19447064,0.30571556,0.32446235,0.3537191,0.17553851,0.5025385,0.17331919
NK08202,0.99838644,0.8483276,0.9986006,0.9986956,0.78546786,0.9937786,0.49432975,0.42264536,0.9989481,0.87080336,0.9988117,0.9983996,0.9986342,0.75782406,1.0,0.52305686,0.4809127,0.4838971,0.49756366,0.46781516,0.40698722,0.5396718,0.6783,0.75395554,0.51796997,0.51789767,0.53825784,0.52108127,0.43302834,0.48594913,0.5301156,0.51735026,0.53958076,0.9996594,0.5320689,0.53647846,0.5344525,0.51837456,0.5353081,0.53823763,0.5382115,0.51618165,0.5377586,0.53794193,0.53318965,0.5317086,0.5288102,0.5289808,0.5309282,0.52440375,0.42251748,0.4623536,0.46174243,0.446968,0.46093184,0.35989612,0.36531404,0.422054,0.4459446,0.42171252,0.4216341,0.4238249,0.9989728,0.45263705,0.4996201,0.54264283,0.44326884,0.50425994,0.47292587,0.45951307,0.516325,0.7355753,0.6654573,0.751035,0.7523344,0.751968,0.40871543,0.33684114,0.39631674,0.42589262,0.36316273,0.38948852,0.42320994,0.4052324,0.4239581,0.42440215,0.40532988,0.36155117,0.36208183,0.2803864,0.3646438,0.36229292,0.36462134,0.36156178,0.36209095,0.28123876,0.3645822,0.36408016,0.42489862,0.38988376,0.36233604,0.36197966,0.28123876,0.36348936,0.3618158,0.34813756,0.3671137,0.36366618,0.3630244,0.3624048,0.43483654,0.44292054,0.45794892,0.46947744,0.49611902,0.5452573,0.6410787,0.35305965,0.46343064,0.4590344,0.38864857
V300093475_L04_98,0.519616,0.5645415,0.52075124,0.5245411,0.70146227,0.54817414,0.72030795,0.7505027,0.5237409,0.452628,0.51927936,0.5254672,0.52135664,0.73138267,0.52305686,1.0,0.7142969,0.88458455,0.9291962,0.26953977,0.18199429,0.75845385,0.3131054,0.35673046,0.729576,0.72265947,0.8354136,0.7224055,0.8395505,0.6740422,0.793121,0.72400355,0.8355917,0.5184485,0.8338841,0.8348026,0.8343331,0.72269046,0.788401,0.83308804,0.83515406,0.7231148,0.8348465,0.8347399,0.36453503,0.36415786,0.36546564,0.36632285,0.36753,0.19407067,0.84385794,0.87138706,0.8707977,0.8733951,0.8704926,0.22041011,0.21307409,0.7142008,0.7922839,0.7154295,0.6945236,0.71444356,0.52589655,0.74538076,0.85391283,0.8319044,0.61803824,0.74652946,0.7605511,0.23582095,0.5093539,0.35199815,0.21990865,0.3581967,0.35764605,0.3577307,0.5407367,0.27498066,0.6551861,0.30902755,0.28769052,0.35969925,0.7510382,0.51650643,0.75187546,0.46004617,0.65033686,0.22291344,0.22244817,0.28114927,0.21856883,0.21687788,0.2132706,0.22283801,0.2162464,0.281788,0.2216351,0.22054127,0.16547152,0.2895475,0.21509022,0.22261703,0.281788,0.22273713,0.21758711,0.26313555,0.21629435,0.22293499,0.2226907,0.21781561,0.23985347,0.45877925,0.20282796,0.1556553,0.14740428,0.38688588,0.28838515,0.32311088,0.23877001,0.28522503,0.25778273
V350037201_L02_35,0.47943494,0.46682823,0.48304862,0.48301673,0.48548877,0.47693384,0.40566146,0.44400862,0.48324865,0.45784968,0.48252586,0.48308122,0.4837178,0.46128595,0.4809127,0.7142969,1.0,0.7121101,0.7091051,0.6843982,0.5510805,0.45511,0.44352326,0.45327774,0.4166736,0.39067432,0.51684123,0.3882122,0.5677008,0.44311044,0.45153177,0.39131492,0.5154044,0.47955737,0.51406425,0.5156914,0.51545066,0.39457822,0.45162272,0.51407915,0.51561,0.39001268,0.5152284,0.51511616,0.31762397,0.3214721,0.31963778,0.31591174,0.3199259,0.25937882,0.5513542,0.5810686,0.5805281,0.6010746,0.58031946,0.5604382,0.5522464,0.44814426,0.51385736,0.44761878,0.45184198,0.44895315,0.4829667,0.43162224,0.5330648,0.5120835,0.3189339,0.5011976,0.44590306,0.6293012,0.31658283,0.47492862,0.38044316,0.45120794,0.45195284,0.4521457,0.2573943,0.5611494,0.360921,0.26069474,0.31115526,0.5190154,0.44450772,0.24997354,0.44364744,0.27334085,0.3904158,0.5640674,0.5636329,0.55547684,0.55807,0.5577985,0.55652374,0.5640698,0.5583748,0.5577349,0.5636379,0.5621498,0.5759328,0.52432513,0.558617,0.5648391,0.5577349,0.56409985,0.55941695,0.6329327,0.56084394,0.56502837,0.56420904,0.56025696,0.6719812,0.24987474,0.38187742,0.5768921,0.5067699,0.7245798,0.5253743,0.4396706,0.63254213,0.30165064,0.54458576
V350037201_L04_45,0.4803327,0.478233,0.48309246,0.4848292,0.6032901,0.49939802,0.6612848,0.69788694,0.48412374,0.4825275,0.48069268,0.48575306,0.48382533,0.61771846,0.4838971,0.88458455,0.7121101,1.0,0.9667735,0.3399632,0.28419614,0.6623534,0.35981333,0.38770533,0.6294772,0.6246573,0.7288213,0.6214368,0.7571888,0.5866362,0.6761683,0.6234947,0.7283441,0.4799501,0.7261694,0.72813046,0.72802734,0.623623,0.6698281,0.72464556,0.7282909,0.6254813,0.728763,0.72847116,0.38737202,0.39000365,0.3896141,0.3906218,0.39054033,0.22079113,0.8506639,0.8833577,0.8827943,0.8509838,0.882591,0.30988604,0.29875857,0.68834877,0.7162793,0.6884349,0.6625091,0.68801814,0.4858787,0.70743877,0.7888662,0.72503483,0.51891756,0.623253,0.6491418,0.32390028,0.42627645,0.3986068,0.28100866,0.38889277,0.3889772,0.3891452,0.4697684,0.33835846,0.5959003,0.32473207,0.35061738,0.4192491,0.6983016,0.4564345,0.69763315,0.4412126,0.6190304,0.31041372,0.30943698,0.32141846,0.3078898,0.3063162,0.3044281,0.31029683,0.3064409,0.3243935,0.3098163,0.30832005,0.25576937,0.3261447,0.30328965,0.31055844,0.3243935,0.30990946,0.3079551,0.36494416,0.30575433,0.31061253,0.31007126,0.30772468,0.3350162,0.41758212,0.28758365,0.24843898,0.23618945,0.43080044,0.36083448,0.42561126,0.32856354,0.23487154,0.32922214
V350011900_L04_133,0.49138743,0.49872628,0.49514693,0.4984574,0.65176773,0.5217026,0.71785545,0.75500894,0.49732113,0.48970968,0.49299178,0.49897292,0.49607953,0.67279524,0.49756366,0.9291962,0.7091051,0.9667735,1.0,0.27534747,0.21293777,0.7053193,0.3381691,0.3552407,0.7012359,0.701149,0.80926365,0.6976558,0.831668,0.654758,0.73849285,0.7002812,0.8081031,0.4926967,0.8058273,0.8084534,0.8083283,0.7009341,0.7332147,0.80437315,0.8080925,0.7019958,0.80704486,0.8068247,0.37745404,0.38021013,0.37961835,0.38170907,0.3813116,0.17942828,0.89150774,0.9222516,0.9218141,0.8920046,0.9215842,0.25046277,0.23713747,0.7016432,0.7646121,0.7024213,0.6735119,0.7012785,0.49971282,0.7470182,0.8437235,0.80443716,0.5702174,0.662047,0.70837224,0.26234663,0.47847125,0.36185175,0.23074698,0.35604647,0.35621935,0.3562749,0.50977117,0.26517922,0.65053475,0.29937774,0.33154297,0.39633402,0.7555764,0.49112085,0.7553719,0.46724808,0.6688965,0.24981296,0.24877045,0.27703214,0.24742812,0.2450802,0.24300015,0.24976102,0.24583367,0.28102568,0.24879465,0.2473943,0.18943825,0.28611037,0.24327582,0.24974763,0.28102568,0.24929264,0.24709123,0.31527603,0.24528277,0.2501855,0.24949256,0.24703595,0.27825353,0.44259393,0.24434704,0.17321283,0.1542345,0.4247156,0.30484396,0.39587975,0.26505673,0.22187912,0.27550602
V350011797_L02_49,0.4737279,0.38937005,0.47645557,0.46949542,0.24382001,0.42803416,0.13322675,0.12596485,0.4726648,0.47513136,0.47655493,0.46777043,0.4761373,0.17998582,0.46781516,0.26953977,0.6843982,0.3399632,0.27534747,1.0,0.8892444,0.15684384,0.66755885,0.72014785,0.10550663,0.110208035,0.11021286,0.1101546,0.13923112,0.15281647,0.09839997,0.109808356,0.110090554,0.4715368,0.10570958,0.1089544,0.109886676,0.11400077,0.102975786,0.10841307,0.108570635,0.10955173,0.109728605,0.10967556,0.54857606,0.55299944,0.5497181,0.5441878,0.54798424,0.63051456,0.21659753,0.26214144,0.26180506,0.23534277,0.26131958,0.8724487,0.8739934,0.23986411,0.14180055,0.23711681,0.26499975,0.24004677,0.46997982,0.19374716,0.15911591,0.11036539,0.12620103,0.23225391,0.15377545,0.93836427,0.2705375,0.7434961,0.78346187,0.7169255,0.7187525,0.71906936,0.15442443,0.79181886,0.14170414,0.45524317,0.50914115,0.5753031,0.12575161,0.17337942,0.12398824,0.32597363,0.22523475,0.87630236,0.8761231,0.7604501,0.8748118,0.8745018,0.8791886,0.8763771,0.87595344,0.7625412,0.876989,0.8766693,0.9295553,0.7301591,0.87760806,0.87590194,0.7625412,0.87688994,0.87473285,0.86455834,0.87585354,0.8772869,0.8771639,0.8752487,0.947981,0.25335056,0.74443716,0.9453968,0.9193047,0.8210529,0.791886,0.5838324,0.9351163,0.576984,0.79388785
V300063714_L03_29,0.41279536,0.3567208,0.41490448,0.40798634,0.22222596,0.37199768,0.17777309,0.14627007,0.4110499,0.48114637,0.416002,0.40731782,0.41474533,0.16417947,0.40698722,0.18199429,0.5510805,0.28419614,0.21293777,0.8892444,1.0,0.16433829,0.6661834,0.65966964,0.12348944,0.102160454,0.08067456,0.09985298,0.14306352,0.18212578,0.08843762,0.10050398,0.080551445,0.41259864,0.08196139,0.08042744,0.081260085,0.10367599,0.09066564,0.08133328,0.08017182,0.1016109,0.081266165,0.08129126,0.5442714,0.5484476,0.5455315,0.53997517,0.5396034,0.6903124,0.19958198,0.2129046,0.21277863,0.15971425,0.21266067,0.8883474,0.88926554,0.22688323,0.16901529,0.22438505,0.26742816,0.22670248,0.4079532,0.20232299,0.14077336,0.08018792,0.2050952,0.21257767,0.16509154,0.89335036,0.3409333,0.692991,0.76019734,0.65706253,0.65976334,0.65972203,0.24589616,0.8893063,0.19383061,0.60260147,0.67093945,0.7222138,0.145991,0.27252588,0.14388296,0.36100057,0.24061903,0.89077735,0.8906268,0.8138006,0.8912363,0.89099216,0.89505565,0.89072984,0.8922008,0.8154288,0.8916067,0.8909979,0.93011755,0.7863766,0.893995,0.89053243,0.8154288,0.8909427,0.89114547,0.88394856,0.8923311,0.891263,0.8909017,0.8902432,0.9059503,0.33831263,0.81431055,0.9329041,0.8969204,0.7415616,0.79932845,0.7575853,0.8996335,0.5884157,0.8214338
V300073501_L01_16,0.53894234,0.68330026,0.53637767,0.5422658,0.7998169,0.5682074,0.8446611,0.7428529,0.5381696,0.39363003,0.53283423,0.54361975,0.5359713,0.8485123,0.5396718,0.75845385,0.45511,0.6623534,0.7053193,0.15684384,0.16433829,1.0,0.31478208,0.34465507,0.7918167,0.76471967,0.8231298,0.77140796,0.84451205,0.73538625,0.9093877,0.7688259,0.8256325,0.5373667,0.82011575,0.8241615,0.8237151,0.76439893,0.9070704,0.82582045,0.82570285,0.76565677,0.82322776,0.8236362,0.39464033,0.38473773,0.38845232,0.39090562,0.39868808,0.4105551,0.7126282,0.68907136,0.68858886,0.7477443,0.68774873,0.09420884,0.1035786,0.8358746,0.8811811,0.83676934,0.8228903,0.8361194,0.5395806,0.6445615,0.74108636,0.82554495,0.8699585,0.9461992,0.8921437,0.1808708,0.75787836,0.30633098,0.24984086,0.35076624,0.3461884,0.34582615,0.81863636,0.32613176,0.805919,0.5586271,0.40946794,0.45962822,0.742521,0.80488074,0.7454945,0.51301116,0.5876201,0.09446633,0.09440306,0.20741919,0.094136685,0.09659922,0.09570587,0.09452012,0.09481031,0.2002371,0.094926864,0.0943732,0.11120525,0.29298118,0.09683627,0.094845295,0.2002371,0.09353432,0.09501219,0.097684324,0.0969041,0.09355965,0.0944033,0.09545937,0.11819592,0.6359423,0.16780046,0.13110816,0.1838499,0.28807133,0.27823046,0.35216206,0.18064925,0.61059713,0.16161871
V350037201_L02_38,0.68316984,0.58788764,0.6857782,0.67875856,0.45485494,0.65227133,0.3111595,0.2017299,0.6810884,0.6542811,0.68443906,0.6780776,0.6851896,0.39264673,0.6783,0.3131054,0.44352326,0.35981333,0.3381691,0.66755885,0.6661834,0.31478208,1.0,0.8385427,0.34920508,0.39937538,0.30635738,0.39839834,0.25888535,0.3503725,0.27262336,0.39485374,0.30889556,0.68286,0.29963768,0.30461293,0.30466688,0.40039712,0.2709782,0.30273783,0.3061362,0.39746502,0.307249,0.30682966,0.6696151,0.66871226,0.66719335,0.6667781,0.66879857,0.68030196,0.31084782,0.3696895,0.3688386,0.31138015,0.36801103,0.6185245,0.626928,0.30574554,0.23833877,0.30438936,0.33073908,0.3072579,0.6791716,0.33973342,0.2739619,0.30987573,0.2858386,0.33232477,0.25660315,0.7328545,0.39297986,0.83483577,0.8736679,0.838007,0.8401458,0.839988,0.2734053,0.5163816,0.24001026,0.48115593,0.48413438,0.5086994,0.20156974,0.2760089,0.20142975,0.434952,0.2584703,0.62198627,0.6213961,0.48752615,0.6228626,0.6226376,0.6273217,0.6219092,0.622997,0.49147832,0.6260377,0.6238647,0.67803335,0.555066,0.6239662,0.62142724,0.49147832,0.624106,0.62199825,0.6369898,0.6245023,0.62429833,0.6233034,0.6230529,0.6810365,0.293504,0.6267803,0.7084323,0.71144724,0.75499356,0.80079436,0.49182984,0.7223317,0.45988813,0.62667763
V350037201_L03_44,0.76362324,0.6644291,0.76460123,0.75890553,0.47175193,0.71789336,0.27679974,0.17689666,0.7598823,0.6159983,0.7606897,0.75061744,0.76425266,0.4113515,0.75395554,0.35673046,0.45327774,0.38770533,0.3552407,0.72014785,0.65966964,0.34465507,0.8385427,1.0,0.3020838,0.3257506,0.2971447,0.33022037,0.18191317,0.23719293,0.30143222,0.32339132,0.30107406,0.75810534,0.28355426,0.29490566,0.2971124,0.3287059,0.307141,0.29519108,0.29646754,0.32378513,0.29899508,0.2991411,0.66158664,0.6545193,0.655123,0.65411663,0.66177773,0.71628207,0.25298637,0.35142696,0.34982085,0.26734316,0.34786123,0.60295916,0.618142,0.3019385,0.18987143,0.29923224,0.31152704,0.30340064,0.757143,0.32770747,0.3073669,0.3035073,0.24742812,0.38157824,0.2577896,0.7445283,0.3831673,0.9923794,0.95609057,0.9996313,0.9997426,0.99972975,0.25809482,0.50455654,0.17944843,0.49445146,0.46925053,0.42887557,0.17732757,0.27545607,0.17769724,0.34812003,0.20786425,0.6090464,0.6083934,0.42714682,0.61050117,0.60973054,0.6171886,0.60911745,0.60982805,0.4281512,0.61230594,0.6123876,0.67383814,0.5637554,0.613849,0.60803926,0.4281512,0.6111538,0.6091636,0.58486944,0.6140599,0.6110182,0.610788,0.6086916,0.68558514,0.26500988,0.644914,0.70346713,0.7373444,0.7310837,0.8627002,0.42217565,0.73741055,0.54553545,0.6007601
NK01109,0.51295376,0.62154627,0.5122938,0.52016586,0.7222295,0.5555516,0.8181199,0.81696594,0.5152207,0.5006364,0.5119144,0.5195402,0.5128725,0.786564,0.51796997,0.729576,0.4166736,0.6294772,0.7012359,0.10550663,0.12348944,0.7918167,0.34920508,0.3020838,1.0,0.95448196,0.93962526,0.95638734,0.83825564,0.9222908,0.9047715,0.9567494,0.9395943,0.51438314,0.93997586,0.9399384,0.9402702,0.9554796,0.9040067,0.9409915,0.93984294,0.9550562,0.94068587,0.94067466,0.4208889,0.4149968,0.42000097,0.42539757,0.42298627,0.33798188,0.72335166,0.690799,0.6907987,0.7387111,0.69126517,0.1352635,0.13403833,0.7043198,0.80945647,0.70674723,0.67659426,0.70493746,0.5178731,0.7606368,0.8100354,0.9415586,0.81012934,0.74905676,0.7982399,0.12502655,0.7134769,0.27726224,0.22775751,0.30448312,0.30217665,0.30212244,0.759314,0.19690141,0.75988424,0.44090974,0.40960127,0.34816656,0.81785536,0.7452194,0.8199474,0.59717816,0.7023986,0.13355213,0.13321954,0.22295603,0.13179982,0.13270006,0.12902093,0.13358721,0.13156614,0.2222378,0.1322855,0.13304478,0.10501328,0.24467331,0.13071302,0.13395432,0.2222378,0.13302046,0.13279629,0.16315901,0.1326817,0.13306716,0.13313392,0.13294742,0.1397483,0.6460879,0.19895118,0.106681615,0.115246415,0.2617994,0.23629242,0.3841678,0.12346387,0.39799193,0.19977683
NK01144,0.51164305,0.57597303,0.51190686,0.5180405,0.67427766,0.55319273,0.7731784,0.82110286,0.5147252,0.49874663,0.5114843,0.5191713,0.5123818,0.74124086,0.51789767,0.72265947,0.39067432,0.6246573,0.701149,0.110208035,0.102160454,0.76471967,0.39937538,0.3257506,0.95448196,1.0,0.9529921,0.9992569,0.8142306,0.93443936,0.8784303,0.9993547,0.9534842,0.51416117,0.9526565,0.9530038,0.9529188,0.99941516,0.8761169,0.95137936,0.95279986,0.9999082,0.9540783,0.9539377,0.47317654,0.46924722,0.47340453,0.47938228,0.47584212,0.36142576,0.7373,0.71106297,0.711164,0.76318383,0.7115793,0.13827527,0.13655406,0.71630436,0.7633005,0.7183366,0.66656494,0.7168058,0.5173247,0.7968649,0.8215513,0.9548596,0.766355,0.7247685,0.7776545,0.123913735,0.6830079,0.30141485,0.26220196,0.32745332,0.32624352,0.32659814,0.7434915,0.15159947,0.7577324,0.43531626,0.40029916,0.29922396,0.8218494,0.72094095,0.8233385,0.6545161,0.7125441,0.13581681,0.13547549,0.19109961,0.13587114,0.13488063,0.13250029,0.13582993,0.13384047,0.19242042,0.13527149,0.13553834,0.10054794,0.20459339,0.13391572,0.1360169,0.19242042,0.1361745,0.13498232,0.16929871,0.1333512,0.13566428,0.13550696,0.13537645,0.1341545,0.6358543,0.22632667,0.11167508,0.12441841,0.25897187,0.24232432,0.35641408,0.11659181,0.3863354,0.21110982
NK10155,0.5312768,0.59307957,0.5323533,0.53915817,0.7329148,0.5776587,0.79784304,0.87114507,0.53635484,0.48567948,0.53115815,0.53987277,0.53319454,0.80143964,0.53825784,0.8354136,0.51684123,0.7288213,0.80926365,0.11021286,0.08067456,0.8231298,0.30635738,0.2971447,0.93962526,0.9529921,1.0,0.95210063,0.8918029,0.9039705,0.9284042,0.95342493,0.9997535,0.53294444,0.9981002,0.99992704,0.99984944,0.95297813,0.9261938,0.9992539,0.9998883,0.9535502,0.999081,0.99909633,0.38000584,0.3763464,0.38001654,0.38487506,0.3831471,0.26326483,0.7970631,0.77766776,0.7777879,0.82288384,0.777923,0.0981797,0.0927113,0.7461035,0.8445914,0.74802613,0.70140123,0.7464958,0.53934765,0.794049,0.89013493,0.99903744,0.7819952,0.7892511,0.8229292,0.09205699,0.6739733,0.27621934,0.1709435,0.29913098,0.29768968,0.29763234,0.7353759,0.1737298,0.7794422,0.39530092,0.3526814,0.30504113,0.8721912,0.71092314,0.873617,0.58537203,0.7193141,0.09632242,0.096034974,0.17846966,0.095234126,0.093875825,0.09030095,0.096384615,0.093286455,0.17895082,0.09494394,0.09520638,0.058887184,0.18880707,0.09296882,0.09640026,0.17895082,0.09619492,0.09493399,0.13872236,0.0935224,0.0959771,0.095866114,0.09461367,0.107078105,0.61106855,0.15974742,0.06419426,0.06339538,0.2605406,0.20061749,0.33847892,0.0892517,0.35359466,0.16462544
NK10223,0.5156071,0.58406395,0.5155873,0.521777,0.6794955,0.5565944,0.77653974,0.8174709,0.5183034,0.49617139,0.51499945,0.5228743,0.51598513,0.74650776,0.52108127,0.7224055,0.3882122,0.6214368,0.6976558,0.1101546,0.09985298,0.77140796,0.39839834,0.33022037,0.95638734,0.9992569,0.95210063,1.0,0.81202716,0.93154484,0.8826702,0.999776,0.9527741,0.5174689,0.9517896,0.952106,0.95209885,0.9994596,0.88095635,0.9508405,0.95200574,0.9992597,0.95336646,0.95322394,0.47532532,0.47084588,0.47525808,0.48106614,0.47801232,0.36790723,0.73308635,0.7072357,0.7072761,0.76039994,0.70763004,0.13447788,0.13346747,0.7201466,0.76376736,0.72206473,0.66960806,0.7206496,0.52082324,0.78953284,0.81565315,0.95434713,0.77088237,0.73334396,0.778881,0.12499699,0.6872637,0.3043093,0.26563382,0.3320048,0.33057716,0.33092096,0.74668264,0.15194681,0.7571991,0.43820137,0.3985393,0.2959658,0.8181898,0.7246418,0.8198393,0.6527621,0.70650005,0.13230062,0.13199401,0.18762863,0.13226938,0.1313419,0.12899226,0.13231209,0.13017014,0.18846995,0.13166228,0.13203147,0.09934965,0.2066735,0.13045326,0.1324482,0.18846995,0.13258618,0.13137469,0.16396648,0.12988737,0.13206628,0.13197374,0.13175574,0.13267803,0.6353559,0.22337842,0.11119488,0.12675661,0.25777316,0.24493068,0.3494237,0.11732373,0.39518094,0.2080501
V350037201_L02_44,0.42476806,0.5491457,0.42523456,0.43206984,0.74649096,0.47711527,0.8243289,0.86495745,0.42976803,0.4375702,0.4252047,0.43678477,0.4258351,0.8000295,0.43302834,0.8395505,0.5677008,0.7571888,0.831668,0.13923112,0.14306352,0.84451205,0.25888535,0.18191317,0.83825564,0.8142306,0.8918029,0.81202716,1.0,0.83061886,0.8913823,0.8156689,0.8899572,0.4275295,0.8959919,0.89305305,0.89168507,0.811914,0.8845999,0.892416,0.89268714,0.8158972,0.8894316,0.889552,0.30116498,0.30139863,0.30230987,0.30554962,0.30558288,0.20114097,0.8344431,0.7878885,0.78845465,0.8673216,0.78916526,0.14713192,0.13776138,0.79573864,0.94811976,0.7983969,0.7936504,0.7952516,0.43304673,0.73670846,0.83512247,0.8880621,0.82405996,0.8004475,0.8555196,0.14338315,0.6654285,0.16741145,0.09639457,0.18481234,0.18287763,0.18230844,0.75286317,0.29680377,0.84917045,0.41724417,0.3945647,0.4927998,0.8652482,0.7265711,0.8666737,0.5530952,0.74221253,0.14409879,0.14383566,0.304662,0.14250028,0.14260936,0.13843375,0.1440633,0.14342996,0.30358234,0.142329,0.14174971,0.10763511,0.2690033,0.13953182,0.14479342,0.30358234,0.1427522,0.14349675,0.19281346,0.14101914,0.14344984,0.14334458,0.14416084,0.1478593,0.6493641,0.16636276,0.099927664,0.088484436,0.3004263,0.15804988,0.40997463,0.14856675,0.3923811,0.2042486
V300093475_L02_33,0.47553948,0.54811513,0.47616607,0.4828463,0.6765578,0.52483517,0.7604319,0.8242521,0.47997984,0.524513,0.4783588,0.48815647,0.47708616,0.73880374,0.48594913,0.6740422,0.44311044,0.5866362,0.654758,0.15281647,0.18212578,0.73538625,0.3503725,0.23719293,0.9222908,0.93443936,0.9039705,0.93154484,0.83061886,1.0,0.83658135,0.93438125,0.9025799,0.48237264,0.9083525,0.904325,0.9031632,0.93353474,0.83530843,0.9050027,0.9038867,0.93447626,0.9025098,0.902506,0.39852744,0.3984182,0.40058208,0.40521958,0.39970013,0.32274994,0.70956475,0.6404358,0.641176,0.72783685,0.6422963,0.1782951,0.17148778,0.6902713,0.79829824,0.69263816,0.6526409,0.69010663,0.48272118,0.7485452,0.77813137,0.903211,0.7810328,0.70073175,0.7646955,0.14906508,0.6974838,0.22299588,0.20087233,0.23755917,0.23707178,0.23713842,0.74893796,0.2454097,0.7806616,0.42630428,0.43738282,0.41029564,0.8248614,0.7296493,0.82591176,0.63462317,0.7296601,0.17378718,0.17362896,0.27728873,0.17402211,0.17324725,0.16974437,0.17376027,0.17352697,0.27902132,0.17277962,0.1726127,0.15283495,0.24394315,0.1709477,0.17477077,0.27902132,0.17387062,0.1736564,0.22344795,0.17104608,0.17371085,0.17317593,0.17423806,0.20022854,0.6814547,0.24387488,0.17699862,0.16060585,0.26339698,0.20646596,0.46435577,0.14921603,0.41226783,0.23496112
V350011809_L01_67,0.52812576,0.6876733,0.525164,0.5332192,0.80904233,0.56868476,0.8411761,0.836641,0.5285869,0.43553045,0.5232715,0.5323521,0.5253737,0.8727154,0.5301156,0.793121,0.45153177,0.6761683,0.73849285,0.09839997,0.08843762,0.9093877,0.27262336,0.30143222,0.9047715,0.8784303,0.9284042,0.8826702,0.8913823,0.83658135,1.0,0.8814563,0.9291097,0.52602416,0.9276291,0.92919904,0.9292603,0.8776018,0.9979824,0.93164027,0.9299058,0.8793831,0.9290074,0.929426,0.37198794,0.3633508,0.36817145,0.3722154,0.37558293,0.33703738,0.7376865,0.70735735,0.70717674,0.7685893,0.70700276,0.07897264,0.084190905,0.7900916,0.8957862,0.7920407,0.76658404,0.7907671,0.53064406,0.7441522,0.8385545,0.9286485,0.8839023,0.8799991,0.87590176,0.106006056,0.7316167,0.2647741,0.19071367,0.30653638,0.30231,0.30211002,0.8218123,0.23423639,0.8155219,0.491776,0.39739305,0.3920471,0.8371854,0.8003307,0.84010756,0.54868716,0.6809418,0.07940939,0.07937804,0.20346731,0.0767656,0.07931033,0.075921774,0.07947889,0.077709615,0.19825676,0.07835853,0.0795401,0.0645895,0.25670156,0.07714653,0.07981956,0.19825676,0.0785014,0.07902917,0.086000115,0.07876232,0.078342736,0.07895872,0.07901585,0.07849991,0.6761467,0.15223905,0.06542325,0.10113555,0.24002457,0.21471232,0.33435494,0.10364935,0.4930275,0.15651307
V350011809_L04_37,0.51147556,0.578309,0.5116019,0.5177942,0.6775378,0.5533823,0.77784276,0.82279265,0.51444197,0.4973662,0.51117545,0.51916784,0.5120344,0.7453206,0.51735026,0.72400355,0.39131492,0.6234947,0.7002812,0.109808356,0.10050398,0.7688259,0.39485374,0.32339132,0.9567494,0.9993547,0.95342493,0.999776,0.8156689,0.93438125,0.8814563,1.0,0.9539459,0.5136135,0.9534446,0.9534532,0.9534186,0.99958485,0.87969583,0.9521693,0.9532889,0.99939656,0.9545163,0.95435524,0.47093648,0.46684343,0.47112674,0.47695646,0.47355327,0.36132625,0.7378518,0.7102432,0.71032506,0.76394427,0.71074045,0.13577679,0.1339829,0.72002465,0.76696116,0.7219918,0.6691799,0.720459,0.5170475,0.79114187,0.8175501,0.9554217,0.7716217,0.73040265,0.7800901,0.122775614,0.687546,0.29824322,0.25958228,0.32500777,0.32373035,0.3240505,0.74754465,0.15396422,0.7609683,0.43639868,0.39991447,0.29728508,0.82351,0.7251755,0.8250885,0.656195,0.7133161,0.13342568,0.13309187,0.19098231,0.13336802,0.13235477,0.12983245,0.13343129,0.13126335,0.1920301,0.13269627,0.13301978,0.098833054,0.20515236,0.13141373,0.1335645,0.1920301,0.13366374,0.13244835,0.16617745,0.1308147,0.13317662,0.1330503,0.13283125,0.13285428,0.6386303,0.22411743,0.110548645,0.12377855,0.25543267,0.23840025,0.35403675,0.1152702,0.39149278,0.20779297
V350037201_L02_123,0.5329725,0.5966342,0.5340423,0.5408133,0.73342705,0.5783355,0.79684484,0.8678495,0.5379703,0.48349106,0.5327333,0.5413361,0.5348689,0.80151534,0.53958076,0.8355917,0.5154044,0.7283441,0.8081031,0.110090554,0.080551445,0.8256325,0.30889556,0.30107406,0.9395943,0.9534842,0.9997535,0.9527741,0.8899572,0.9025799,0.9291097,0.9539459,1.0,0.5344139,0.9979505,0.9997251,0.9996177,0.953629,0.92681384,0.9990235,0.9998596,0.9539696,0.99935275,0.9993596,0.38164037,0.37767687,0.38144398,0.38619882,0.38474894,0.26661956,0.79394627,0.7756126,0.7756839,0.82173145,0.77577114,0.09690571,0.092036396,0.74704427,0.84243846,0.7489267,0.7027928,0.74752533,0.5408981,0.7933928,0.8895061,0.9992706,0.7810371,0.7924355,0.82360613,0.0937407,0.6722876,0.2800137,0.17407021,0.30321878,0.3016888,0.30166268,0.7344212,0.1733714,0.77708614,0.3977039,0.3523932,0.30474168,0.8689022,0.710522,0.8703499,0.5843098,0.71405923,0.09525862,0.09501192,0.1760673,0.09416145,0.09283987,0.089381486,0.09530988,0.09217358,0.17630973,0.093976855,0.09420496,0.058710605,0.18919244,0.091941565,0.0953424,0.17630973,0.09518713,0.09379691,0.13732722,0.09252384,0.09493095,0.094828755,0.09354067,0.106389225,0.6077976,0.15934485,0.0642682,0.06499678,0.26108807,0.20561764,0.33506954,0.090914875,0.35627583,0.16434151
V350011809_L04_131,0.9985814,0.8501465,0.9987653,0.9986513,0.7833942,0.99303627,0.49022418,0.416133,0.998783,0.869378,0.99896073,0.9984411,0.99875605,0.75462615,0.9996594,0.5184485,0.47955737,0.4799501,0.4926967,0.4715368,0.41259864,0.5373667,0.68286,0.75810534,0.51438314,0.51416117,0.53294444,0.5174689,0.4275295,0.48237264,0.52602416,0.5136135,0.5344139,1.0,0.526596,0.53116965,0.52910244,0.51476276,0.53132635,0.53292286,0.5329444,0.51238185,0.53256047,0.53274053,0.5350227,0.5333465,0.5305273,0.5306257,0.53260124,0.52924716,0.41721886,0.45761552,0.45696917,0.44207394,0.45611906,0.3626716,0.3686766,0.41937363,0.44085667,0.41897252,0.42007536,0.42123902,0.9986833,0.44880134,0.49464694,0.5374959,0.44060048,0.5028436,0.46935347,0.46515638,0.5148763,0.74002767,0.67097247,0.7553054,0.75660217,0.7562374,0.40628675,0.33990312,0.39229202,0.43008596,0.36696884,0.3934062,0.41666475,0.40345478,0.41743195,0.421518,0.3993593,0.3644971,0.36503074,0.2818111,0.36748958,0.36528778,0.36777776,0.36450064,0.36505637,0.28258175,0.36763105,0.36706638,0.4293781,0.3929591,0.36544535,0.36488712,0.28258175,0.36647922,0.3647629,0.35111064,0.3701576,0.36664295,0.3659867,0.3653614,0.4395674,0.44014865,0.46233085,0.47468215,0.50171876,0.54859436,0.6489812,0.35647994,0.46924922,0.4616953,0.39143038
NK06292,0.5249875,0.5861392,0.52581584,0.53278196,0.73013186,0.5739184,0.80070406,0.87783504,0.53005034,0.48827282,0.52485293,0.5340947,0.5266313,0.8016463,0.5320689,0.8338841,0.51406425,0.7261694,0.8058273,0.10570958,0.08196139,0.82011575,0.29963768,0.28355426,0.93997586,0.9526565,0.9981002,0.9517896,0.8959919,0.9083525,0.9276291,0.9534446,0.9979505,0.526596,1.0,0.9982226,0.99796104,0.95252675,0.9253627,0.99799633,0.99814963,0.95320976,0.99851286,0.9984931,0.37574518,0.37252778,0.3761325,0.38088515,0.37863338,0.26102838,0.7980641,0.7739968,0.7742254,0.8206415,0.7744645,0.10295734,0.09687972,0.7448138,0.850533,0.7469033,0.6985931,0.7450952,0.5330744,0.7974512,0.8911674,0.99788356,0.7870694,0.7866367,0.8276256,0.08657768,0.674657,0.26291972,0.16103947,0.2853412,0.2840771,0.2839771,0.741478,0.18026862,0.7861453,0.39581868,0.3565858,0.30669427,0.87884736,0.7165369,0.8802676,0.5956331,0.7295958,0.10074958,0.10060188,0.19123897,0.09986049,0.09837815,0.09434095,0.10078129,0.097685754,0.19155276,0.099225104,0.09950516,0.06032431,0.19334564,0.09733474,0.10089201,0.19155276,0.100601315,0.0993633,0.14179811,0.097784966,0.10026938,0.10014534,0.09905133,0.104053766,0.6253937,0.16298854,0.06447527,0.059231997,0.25356174,0.19009668,0.34397942,0.08427629,0.35140187,0.17288253
V300073501_L01_88,0.5295574,0.59273005,0.53052294,0.53739744,0.73247206,0.5760255,0.7990533,0.87274754,0.53453386,0.48467085,0.5293408,0.5381134,0.53134006,0.8015879,0.53647846,0.8348026,0.5156914,0.72813046,0.8084534,0.1089544,0.08042744,0.8241615,0.30461293,0.29490566,0.9399384,0.9530038,0.99992704,0.952106,0.89305305,0.904325,0.92919904,0.9534532,0.9997251,0.53116965,0.9982226,1.0,0.9998611,0.95290434,0.92697,0.9992631,0.9999013,0.95357513,0.9991625,0.99917156,0.37832707,0.37464,0.378344,0.38321826,0.38150975,0.2626307,0.7973848,0.77712834,0.77725905,0.82329524,0.77740353,0.098100245,0.0926739,0.74740815,0.84637,0.7493831,0.70299745,0.74778634,0.5375445,0.794111,0.8901261,0.9989898,0.78431344,0.790154,0.8243364,0.0907999,0.6747871,0.27392048,0.16925475,0.2969287,0.29548168,0.29541224,0.7377904,0.17473689,0.7817695,0.3975355,0.3543237,0.30669376,0.873791,0.71335995,0.8752282,0.58677024,0.7205005,0.09620291,0.095942765,0.17995337,0.09514448,0.093786836,0.0902648,0.09626225,0.09321511,0.18032661,0.09479508,0.095093995,0.05833125,0.18986472,0.09288153,0.09631154,0.18032661,0.09605989,0.09482443,0.13844642,0.093418926,0.09583253,0.09573758,0.09449765,0.10598838,0.6134535,0.159818,0.06342149,0.06277755,0.25883383,0.19916081,0.33884078,0.08800784,0.35512385,0.16448328
V350011903_L04_117,0.5276779,0.59221035,0.52866817,0.5355211,0.7306858,0.5739907,0.7980925,0.87140834,0.5326682,0.48209584,0.5274139,0.5360236,0.5294942,0.79981494,0.5344525,0.8343331,0.51545066,0.72802734,0.8083283,0.109886676,0.081260085,0.8237151,0.30466688,0.2971124,0.9402702,0.9529188,0.99984944,0.95209885,0.89168507,0.9031632,0.9292603,0.9534186,0.9996177,0.52910244,0.99796104,0.9998611,1.0,0.95295215,0.9269929,0.99922705,0.99975455,0.95351124,0.9990288,0.9990691,0.378468,0.3745342,0.37840468,0.3832656,0.38170922,0.2634881,0.7966614,0.7773489,0.77747,0.8224712,0.77759516,0.099205256,0.09378624,0.7472017,0.84474397,0.7491327,0.7022714,0.7475446,0.5356805,0.7936121,0.8895197,0.99882567,0.78378224,0.7907002,0.82370436,0.09202188,0.67538583,0.2758652,0.17104626,0.29915443,0.2976393,0.2975694,0.73734146,0.17542988,0.77992094,0.3966738,0.35405898,0.30438638,0.87247884,0.7131279,0.8739133,0.5852691,0.7190631,0.0973112,0.09701198,0.17970482,0.096251875,0.09492299,0.091369,0.097376645,0.09430894,0.18010628,0.09586871,0.09620157,0.059068978,0.190685,0.09399581,0.097393185,0.18010628,0.097129345,0.09597945,0.13970503,0.09450936,0.09691954,0.0968436,0.09561762,0.10699403,0.6115258,0.15875596,0.06358346,0.062862456,0.2601419,0.20014831,0.33879918,0.08898476,0.35522193,0.16537514
NK08152,0.5123299,0.5776192,0.5128477,0.5189155,0.6743744,0.5536746,0.7718714,0.8182031,0.5156077,0.4970571,0.5124016,0.5201457,0.51334214,0.74037176,0.51837456,0.72269046,0.39457822,0.623623,0.7009341,0.11400077,0.10367599,0.76439893,0.40039712,0.3287059,0.9554796,0.99941516,0.95297813,0.9994596,0.811914,0.93353474,0.8776018,0.99958485,0.953629,0.51476276,0.95252675,0.95290434,0.95295215,1.0,0.8757496,0.95147467,0.952811,0.99939203,0.95400566,0.9538709,0.47333854,0.46930134,0.473455,0.47927088,0.4760805,0.36203352,0.7345491,0.7091716,0.7092282,0.76204526,0.7096017,0.1380859,0.13637045,0.71491665,0.7601975,0.716817,0.66437745,0.71543413,0.5181559,0.7919213,0.81789464,0.95512766,0.76469934,0.7268925,0.7765056,0.12757829,0.6826893,0.3041828,0.2640134,0.33037397,0.32906806,0.32942593,0.7411862,0.15306565,0.7550262,0.4344045,0.39928666,0.29608333,0.8189622,0.7192879,0.82046616,0.6506445,0.7079692,0.13575932,0.13538024,0.1892454,0.13571489,0.13473755,0.13238141,0.1357688,0.1336529,0.19055372,0.13519362,0.13542646,0.10224858,0.20364213,0.13394427,0.13589457,0.19055372,0.13608265,0.13491061,0.17015934,0.13331029,0.13562563,0.1354672,0.13530636,0.13776714,0.63015807,0.22425315,0.11404276,0.12660745,0.26284742,0.24510369,0.35477978,0.11990848,0.38707832,0.21072322
NK08256,0.53339416,0.6951962,0.53008646,0.53845936,0.8131664,0.57385755,0.84030783,0.8347876,0.53353214,0.43859434,0.52834153,0.53756887,0.5302813,0.8759701,0.5353081,0.788401,0.45162272,0.6698281,0.7332147,0.102975786,0.09066564,0.9070704,0.2709782,0.307141,0.9040067,0.8761169,0.9261938,0.88095635,0.8845999,0.83530843,0.9979824,0.87969583,0.92681384,0.53132635,0.9253627,0.92697,0.9269929,0.8757496,1.0,0.92982936,0.9276004,0.8770715,0.92662907,0.9270119,0.37307,0.3642556,0.36918235,0.37324804,0.37643605,0.34112155,0.7317283,0.6992274,0.6990043,0.7603069,0.69883084,0.07889286,0.08411822,0.7840829,0.89253795,0.78588545,0.7599816,0.7847167,0.53553337,0.73489594,0.83097756,0.9266242,0.88412404,0.8788276,0.8686903,0.109375566,0.7334027,0.2705186,0.19553873,0.31196976,0.3077814,0.30754,0.8218187,0.23342252,0.81400573,0.4931019,0.39999056,0.39203516,0.8353113,0.8007932,0.83826053,0.5426374,0.67767346,0.07915133,0.07911724,0.20232752,0.076860726,0.079203516,0.07605451,0.07922065,0.07767984,0.19710979,0.07804611,0.07930112,0.06785318,0.25850022,0.07744765,0.07950497,0.19710979,0.07824862,0.078927994,0.086271524,0.07900834,0.07805011,0.07867634,0.07881981,0.08467063,0.6756141,0.15412343,0.07057631,0.106598556,0.23963305,0.2178213,0.3337538,0.10662973,0.49739936,0.15526214
NK08348,0.53144455,0.59638286,0.5322404,0.5391149,0.7367141,0.57839733,0.79870343,0.8715688,0.53632665,0.4861914,0.5310973,0.53994226,0.5330692,0.80576587,0.53823763,0.83308804,0.51407915,0.72464556,0.80437315,0.10841307,0.08133328,0.82582045,0.30273783,0.29519108,0.9409915,0.95137936,0.9992539,0.9508405,0.892416,0.9050027,0.93164027,0.9521693,0.9990235,0.53292286,0.99799633,0.9992631,0.99922705,0.95147467,0.92982936,1.0,0.99925995,0.95198,0.99846363,0.9985125,0.37745565,0.3736064,0.37740552,0.38219693,0.38062617,0.26568687,0.79346526,0.77187014,0.77201784,0.81851304,0.7721585,0.09686184,0.09150359,0.74669325,0.8481064,0.7485931,0.7020407,0.7470484,0.53931206,0.7933488,0.8894857,0.9983947,0.78826046,0.7932658,0.8242296,0.09028506,0.68014795,0.27354923,0.16904119,0.297146,0.29557556,0.29547894,0.74105835,0.17746472,0.78292954,0.39865035,0.35604522,0.3075925,0.8726443,0.7165823,0.874156,0.5850269,0.7208595,0.095097125,0.0948455,0.1805506,0.09391007,0.09262678,0.0888741,0.09515393,0.092004895,0.18078917,0.09356451,0.09395105,0.058531284,0.19191548,0.09165287,0.095118254,0.18078917,0.09492928,0.09373951,0.13636187,0.092269,0.09469557,0.09461543,0.0932793,0.10566273,0.61718374,0.15891746,0.0638614,0.0632489,0.25666893,0.19810101,0.3407846,0.08732796,0.3592495,0.16420284
NK08041,0.5313457,0.5952317,0.53235835,0.53920424,0.7342838,0.5775491,0.7986548,0.8710346,0.536363,0.48437503,0.53113866,0.53990716,0.5331844,0.80269545,0.5382115,0.83515406,0.51561,0.7282909,0.8080925,0.108570635,0.08017182,0.82570285,0.3061362,0.29646754,0.93984294,0.95279986,0.9998883,0.95200574,0.89268714,0.9038867,0.9299058,0.9532889,0.9998596,0.5329444,0.99814963,0.9999013,0.99975455,0.952811,0.9276004,0.99925995,1.0,0.9533408,0.9991811,0.99918944,0.37914747,0.3753464,0.37904537,0.38387075,0.3822707,0.263996,0.79564357,0.7757686,0.7758738,0.8225597,0.7760025,0.0973452,0.09220651,0.7474699,0.8460437,0.7494018,0.7035398,0.7479,0.539343,0.79348147,0.88984144,0.9990917,0.7840214,0.79170066,0.82444215,0.09153965,0.6734873,0.27535987,0.17021301,0.29856715,0.29705104,0.29699814,0.73711014,0.17494187,0.7807746,0.398083,0.35301894,0.30729145,0.87208223,0.7128203,0.87352765,0.5852149,0.71780217,0.0955469,0.09530312,0.17884275,0.0944826,0.09317842,0.08961418,0.09560108,0.0925253,0.17912385,0.09422016,0.094465375,0.058487594,0.19024953,0.092202246,0.09566018,0.17912385,0.095431715,0.09417704,0.13731661,0.09283614,0.09519771,0.0950979,0.093885034,0.10551354,0.6116207,0.158741,0.0635387,0.06352976,0.25956523,0.20117992,0.3370737,0.088761926,0.355403,0.16481248
NK08059,0.50990844,0.5748716,0.5101443,0.5162892,0.67427224,0.55181235,0.7751795,0.8228576,0.5129863,0.49786112,0.5097384,0.51754636,0.51061475,0.74171144,0.51618165,0.7231148,0.39001268,0.6254813,0.7019958,0.10955173,0.1016109,0.76565677,0.39746502,0.32378513,0.9550562,0.9999082,0.9535502,0.9992597,0.8158972,0.93447626,0.8793831,0.99939656,0.9539696,0.51238185,0.95320976,0.95357513,0.95351124,0.99939203,0.8770715,0.95198,0.9533408,1.0,0.9545387,0.95440257,0.4718976,0.46801963,0.4721697,0.47815037,0.47459003,0.35998622,0.739508,0.71286917,0.7129928,0.76468086,0.7134212,0.13794225,0.13600868,0.71766025,0.7655692,0.7197099,0.6677587,0.718125,0.5156303,0.79684997,0.82178944,0.95530164,0.7681246,0.7257471,0.77910054,0.12259278,0.68369573,0.29933417,0.26035365,0.32551545,0.32429546,0.3246376,0.7451267,0.15297234,0.7593835,0.43544796,0.40051258,0.29890323,0.8236057,0.72258085,0.82509476,0.6555792,0.714698,0.1353929,0.13502741,0.1919004,0.13551563,0.13449553,0.13203248,0.1354053,0.13344297,0.19321656,0.13479972,0.1350699,0.09964144,0.20413673,0.13344333,0.1355567,0.19321656,0.13569096,0.13461569,0.16841567,0.13286361,0.13520807,0.13508138,0.13498753,0.13320488,0.63745797,0.22537583,0.11045599,0.12323162,0.25796986,0.23949313,0.35677928,0.11509389,0.38627756,0.21040285
7-50,0.5314498,0.5954515,0.53221416,0.53916496,0.7307767,0.5766956,0.7950278,0.86723816,0.5361469,0.4840986,0.5308578,0.5394285,0.53299093,0.8001921,0.5377586,0.8348465,0.5152284,0.728763,0.80704486,0.109728605,0.081266165,0.82322776,0.307249,0.29899508,0.94068587,0.9540783,0.999081,0.95336646,0.8894316,0.9025098,0.9290074,0.9545163,0.99935275,0.53256047,0.99851286,0.9991625,0.9990288,0.95400566,0.92662907,0.99846363,0.9991811,0.9545387,1.0,0.9999763,0.38012394,0.37611458,0.38003597,0.38481173,0.38330457,0.26658738,0.79181135,0.7733917,0.7734921,0.81935513,0.7735933,0.100307316,0.09555349,0.74506253,0.84133303,0.74705553,0.7004595,0.7455565,0.5390344,0.7960118,0.89085376,0.99931854,0.7796124,0.79013,0.8238478,0.09350073,0.6714419,0.27816388,0.17257205,0.30112147,0.29962343,0.29962784,0.7328749,0.1738244,0.7740928,0.39581373,0.35199425,0.3026947,0.86833715,0.7089069,0.86981046,0.58511037,0.7139507,0.09874725,0.09855628,0.18105626,0.0975166,0.096209735,0.09269151,0.09879759,0.09551641,0.18114868,0.097394794,0.09771192,0.060460806,0.19294909,0.095283896,0.09888911,0.18114868,0.098689765,0.097102284,0.14051235,0.095859766,0.09836805,0.098273516,0.09685251,0.10663557,0.60923076,0.16069132,0.06487551,0.06444073,0.26048732,0.20622075,0.33433896,0.09070113,0.35405463,0.16908103
8-4,0.5315813,0.5957522,0.5323735,0.53931606,0.73130476,0.57686484,0.79479927,0.86716026,0.53631985,0.48387772,0.5310155,0.5395766,0.5331581,0.8005829,0.53794193,0.8347399,0.51511616,0.72847116,0.8068247,0.10967556,0.08129126,0.8236362,0.30682966,0.2991411,0.94067466,0.9539377,0.99909633,0.95322394,0.889552,0.902506,0.929426,0.95435524,0.9993596,0.53274053,0.9984931,0.99917156,0.9990691,0.9538709,0.9270119,0.9985125,0.99918944,0.95440257,0.9999763,1.0,0.38025728,0.3762575,0.3801528,0.38492125,0.3834726,0.26703963,0.7912704,0.772941,0.7730454,0.8192407,0.7731453,0.100078106,0.09530562,0.74538434,0.8414013,0.74737376,0.7006549,0.74588734,0.53920734,0.79617804,0.89106035,0.99933916,0.7799572,0.7905878,0.824082,0.09349546,0.6720008,0.27824414,0.17253852,0.3012665,0.299744,0.29974997,0.7332633,0.17406803,0.7741851,0.39598608,0.35218006,0.3027506,0.8682729,0.70938957,0.8697521,0.5845888,0.7136115,0.09850347,0.098312825,0.1806885,0.09727073,0.095973045,0.0924401,0.09855524,0.09528151,0.18077412,0.09715131,0.09748125,0.060441703,0.19239843,0.09505826,0.09865415,0.18077412,0.09844041,0.09688458,0.14015731,0.095636874,0.09812814,0.09803814,0.09662813,0.10666832,0.6092303,0.1601286,0.064771324,0.06438601,0.2607952,0.20633903,0.33415037,0.09074128,0.35452098,0.16902345
NK04161,0.53673196,0.4561168,0.535185,0.5313869,0.4458893,0.5131782,0.35888356,0.37861025,0.53383493,0.5223112,0.534287,0.53027946,0.5349449,0.40546495,0.53318965,0.36453503,0.31762397,0.38737202,0.37745404,0.54857606,0.5442714,0.39464033,0.6696151,0.66158664,0.4208889,0.47317654,0.38000584,0.47532532,0.30116498,0.39852744,0.37198794,0.47093648,0.38164037,0.5350227,0.37574518,0.37832707,0.378468,0.47333854,0.37307,0.37745565,0.37914747,0.4718976,0.38012394,0.38025728,1.0,0.99913776,0.9997095,0.9995291,0.9993148,0.887596,0.3731984,0.41180676,0.41208503,0.3611679,0.41086492,0.5476759,0.551706,0.4018951,0.29701066,0.40045962,0.4163187,0.40253478,0.5316364,0.5273209,0.42979136,0.3865583,0.41701955,0.41189608,0.37557656,0.5561762,0.5096586,0.6532307,0.7141801,0.6602252,0.65976083,0.66035545,0.45680845,0.42970914,0.4114923,0.5654614,0.56589043,0.4686358,0.37799835,0.46409073,0.3772303,0.6388899,0.47732526,0.5469563,0.54730237,0.45092613,0.55349386,0.5505784,0.5540317,0.54713356,0.55002874,0.45285916,0.5492334,0.54933393,0.56295305,0.53139496,0.5529035,0.5457159,0.45285916,0.54875624,0.5504521,0.51706743,0.5494848,0.5476938,0.5480251,0.54930174,0.5403769,0.5104134,0.67235696,0.5711618,0.631816,0.4983844,0.6476325,0.4988796,0.55786294,0.5817443,0.53369844
V300073501_L04_115,0.53410864,0.44475925,0.53300107,0.5290006,0.44077426,0.5115866,0.35610104,0.38171303,0.5318287,0.5299669,0.53235924,0.52861834,0.532808,0.39994454,0.5317086,0.36415786,0.3214721,0.39000365,0.38021013,0.55299944,0.5484476,0.38473773,0.66871226,0.6545193,0.4149968,0.46924722,0.3763464,0.47084588,0.30139863,0.3984182,0.3633508,0.46684343,0.37767687,0.5333465,0.37252778,0.37464,0.3745342,0.46930134,0.3642556,0.3736064,0.3753464,0.46801963,0.37611458,0.3762575,0.99913776,1.0,0.9995267,0.99933076,0.99865484,0.8805427,0.37825444,0.4147977,0.41513777,0.36516958,0.41402793,0.55407894,0.5565483,0.3984484,0.29551104,0.3970787,0.4116375,0.3989883,0.52970797,0.5300286,0.43060088,0.38264656,0.4103349,0.40006766,0.37148458,0.5579646,0.50482124,0.64779115,0.70975745,0.65278566,0.65261316,0.6532241,0.45163786,0.4328288,0.4126895,0.56164426,0.56789374,0.4710521,0.3811333,0.45839435,0.380211,0.64446,0.48596913,0.553,0.5533416,0.45711765,0.559656,0.55646294,0.5598052,0.5531662,0.55613816,0.45949876,0.5551792,0.5552083,0.5674871,0.52911305,0.5587774,0.55177116,0.45949876,0.55476964,0.55654025,0.52455086,0.55531704,0.5537607,0.55402285,0.55537736,0.5461374,0.51197624,0.67829925,0.5755146,0.6331254,0.49989006,0.6427234,0.50485075,0.5598329,0.5742971,0.5375497
V350011797_L02_128,0.53196,0.44742537,0.5305227,0.5266471,0.44145298,0.50921005,0.35775647,0.38267353,0.5292472,0.524776,0.52978235,0.52585393,0.5303088,0.401601,0.5288102,0.36546564,0.31963778,0.3896141,0.37961835,0.5497181,0.5455315,0.38845232,0.66719335,0.655123,0.42000097,0.47340453,0.38001654,0.47525808,0.30230987,0.40058208,0.36817145,0.47112674,0.38144398,0.5305273,0.3761325,0.378344,0.37840468,0.473455,0.36918235,0.37740552,0.37904537,0.4721697,0.38003597,0.3801528,0.9997095,0.9995267,1.0,0.999748,0.9990654,0.8830598,0.37821245,0.4152848,0.41562548,0.36473945,0.41447145,0.5512655,0.5543832,0.40096748,0.2969842,0.3995837,0.4144673,0.40154395,0.52711743,0.5315644,0.4324088,0.38634685,0.41421196,0.4054924,0.37381166,0.55466896,0.5079094,0.64772654,0.7095977,0.6535809,0.65328515,0.6538857,0.45483416,0.43067557,0.4128944,0.56189674,0.56674075,0.46795982,0.38207895,0.4617354,0.3812116,0.6439774,0.4850411,0.5503599,0.5507175,0.45550388,0.5568923,0.5538248,0.5571269,0.55053735,0.5533641,0.4576843,0.55250466,0.55261517,0.5639088,0.5303336,0.5561161,0.54910624,0.4576843,0.5521406,0.5538007,0.52172947,0.5525879,0.55107635,0.55138814,0.5526118,0.54219,0.51315093,0.6757705,0.57192796,0.6305802,0.49562395,0.6424819,0.5035959,0.556539,0.57654476,0.53540003
V350011903_L01_36,0.5317774,0.44746804,0.5303473,0.5266423,0.44234276,0.50978,0.36167148,0.38718164,0.5290978,0.52536434,0.5295907,0.5257539,0.53013664,0.40342546,0.5289808,0.36632285,0.31591174,0.3906218,0.38170907,0.5441878,0.53997517,0.39090562,0.6667781,0.65411663,0.42539757,0.47938228,0.38487506,0.48106614,0.30554962,0.40521958,0.3722154,0.47695646,0.38619882,0.5306257,0.38088515,0.38321826,0.3832656,0.47927088,0.37324804,0.38219693,0.38387075,0.47815037,0.38481173,0.38492125,0.9995291,0.99933076,0.999748,1.0,0.9990175,0.8812752,0.38172162,0.41824237,0.41858387,0.36709613,0.41746294,0.5480665,0.5511772,0.4024682,0.29954788,0.40113682,0.414635,0.4029819,0.52702385,0.53637934,0.43680587,0.39116085,0.41778672,0.4066366,0.37746462,0.54994076,0.51055497,0.64637476,0.7081312,0.6526185,0.65234745,0.65294856,0.45876083,0.4250083,0.4169236,0.56111044,0.5664675,0.46503815,0.38659644,0.4652425,0.3857676,0.6468394,0.48912928,0.5469849,0.5473027,0.4521583,0.55358636,0.5505451,0.553767,0.54716533,0.5500825,0.4544597,0.54914176,0.5492499,0.5594535,0.5269039,0.55285645,0.54573613,0.4544597,0.5487563,0.5505223,0.518429,0.54938287,0.54769814,0.5480006,0.5493519,0.53767663,0.5156255,0.6728455,0.5668999,0.6252906,0.4934418,0.638189,0.50188565,0.55148757,0.57408965,0.53350246
V350037201_L04_39,0.53425896,0.45464635,0.5328771,0.5290413,0.447268,0.51102865,0.3580396,0.37974173,0.5315222,0.51876223,0.53177655,0.5279605,0.5326413,0.40612024,0.5309282,0.36753,0.3199259,0.39054033,0.3813116,0.54798424,0.5396034,0.39868808,0.66879857,0.66177773,0.42298627,0.47584212,0.3831471,0.47801232,0.30558288,0.39970013,0.37558293,0.47355327,0.38474894,0.53260124,0.37863338,0.38150975,0.38170922,0.4760805,0.37643605,0.38062617,0.3822707,0.47459003,0.38330457,0.3834726,0.9993148,0.99865484,0.9990654,0.9990175,1.0,0.88541716,0.37518287,0.4144392,0.414715,0.36515117,0.41347528,0.5450588,0.5491004,0.404702,0.29941738,0.40331122,0.41901308,0.4053263,0.5293198,0.5317733,0.43419603,0.389724,0.41775694,0.41745034,0.37956905,0.5549769,0.51081467,0.65266365,0.71315163,0.6605671,0.65991676,0.6605498,0.457244,0.42675725,0.4129415,0.5626225,0.5622026,0.46593317,0.3791929,0.4642715,0.3784469,0.6378783,0.4768894,0.54424584,0.5445522,0.44851342,0.5508553,0.5479339,0.55149996,0.5444431,0.54741025,0.4504708,0.54653144,0.54666847,0.560184,0.5297461,0.5504243,0.5430422,0.4504708,0.546057,0.5479093,0.51566064,0.5467895,0.545031,0.54540557,0.54676086,0.5386308,0.5075039,0.6669187,0.5681405,0.62930393,0.50045377,0.64589417,0.49372208,0.55612963,0.5825672,0.5319209
NK06094,0.53565913,0.5153585,0.5315705,0.52765685,0.41702324,0.49932867,0.31267673,0.26951575,0.5284502,0.46585807,0.5299955,0.5247519,0.5307296,0.37808076,0.52440375,0.19407067,0.25937882,0.22079113,0.17942828,0.63051456,0.6903124,0.4105551,0.68030196,0.71628207,0.33798188,0.36142576,0.26326483,0.36790723,0.20114097,0.32274994,0.33703738,0.36132625,0.26661956,0.52924716,0.26102838,0.2626307,0.2634881,0.36203352,0.34112155,0.26568687,0.263996,0.35998622,0.26658738,0.26703963,0.887596,0.8805427,0.8830598,0.8812752,0.88541716,1.0,0.18796399,0.21079999,0.21061882,0.1851804,0.20918351,0.60064757,0.618052,0.41099927,0.25909323,0.40831214,0.43198168,0.41203785,0.5248098,0.34549224,0.25780734,0.2722395,0.45956558,0.4505673,0.33150977,0.66329324,0.56662434,0.69941676,0.7937984,0.717035,0.7149379,0.7151276,0.52068996,0.5980161,0.37343973,0.7204055,0.65161574,0.5686036,0.2686571,0.54181635,0.26895052,0.54135925,0.32507217,0.60290027,0.6039125,0.51629657,0.60814047,0.60839057,0.61414325,0.6030676,0.6071117,0.5121555,0.6053859,0.60658133,0.6769233,0.6063341,0.6123606,0.6023159,0.5121555,0.6043341,0.6068671,0.5391681,0.6086947,0.60296464,0.6037563,0.6055907,0.61428285,0.53254616,0.7193537,0.69932157,0.7707199,0.52586013,0.73205143,0.56116885,0.6638975,0.77820235,0.5848384
V350037201_L02_59,0.41299623,0.41670233,0.41488564,0.41797498,0.6033355,0.45448095,0.7904884,0.8308557,0.41819224,0.48064682,0.41473266,0.42297256,0.4154223,0.6554355,0.42251748,0.84385794,0.5513542,0.8506639,0.89150774,0.21659753,0.19958198,0.7126282,0.31084782,0.25298637,0.72335166,0.7373,0.7970631,0.73308635,0.8344431,0.70956475,0.7376865,0.7378518,0.79394627,0.41721886,0.7980641,0.7973848,0.7966614,0.7345491,0.7317283,0.79346526,0.79564357,0.739508,0.79181135,0.7912704,0.3731984,0.37825444,0.37821245,0.38172162,0.37518287,0.18796399,1.0,0.96545374,0.96595573,0.90492463,0.9666728,0.2598364,0.24195802,0.75018144,0.80698514,0.7523491,0.70864576,0.7483039,0.42177087,0.7853255,0.83026576,0.78758335,0.66228956,0.64830303,0.7474883,0.18383592,0.55452853,0.2577384,0.19371802,0.25403827,0.2555194,0.25536597,0.62702537,0.28691188,0.7534727,0.3771409,0.40595067,0.3862317,0.83064556,0.6016376,0.8304291,0.63421357,0.7989315,0.25650072,0.25543442,0.3351336,0.25484717,0.252531,0.248213,0.25649765,0.25310117,0.33875233,0.25381193,0.25287575,0.16351444,0.28897107,0.2507525,0.2557897,0.33875233,0.2552824,0.25386024,0.3035186,0.24959785,0.25555003,0.25535747,0.25386307,0.21143737,0.5959857,0.29249445,0.15091342,0.13577607,0.28210977,0.18927896,0.48607332,0.18571043,0.2988081,0.26967514
NK04021,0.45681977,0.44237453,0.45983326,0.4615689,0.5887759,0.48700935,0.74529713,0.7545882,0.462081,0.4674581,0.45814413,0.46341836,0.46046373,0.6260543,0.4623536,0.87138706,0.5810686,0.8833577,0.9222516,0.26214144,0.2129046,0.68907136,0.3696895,0.35142696,0.690799,0.71106297,0.77766776,0.7072357,0.7878885,0.6404358,0.70735735,0.7102432,0.7756126,0.45761552,0.7739968,0.77712834,0.7773489,0.7091716,0.6992274,0.77187014,0.7757686,0.71286917,0.7733917,0.772941,0.41180676,0.4147977,0.4152848,0.41824237,0.4144392,0.21079999,0.96545374,1.0,0.99994373,0.8996097,0.99991596,0.2778809,0.26327977,0.72550035,0.7384002,0.7273022,0.68546844,0.72469425,0.46525908,0.7681036,0.8200066,0.7696913,0.5839343,0.6303408,0.70970404,0.23982126,0.5054231,0.35667962,0.26877433,0.35282958,0.3540628,0.35413405,0.5434519,0.27076814,0.66661423,0.34521413,0.3558672,0.33760673,0.75469756,0.51962715,0.7546653,0.5666751,0.7265885,0.2774437,0.2761625,0.3046041,0.2743613,0.27200866,0.26841345,0.27743834,0.27205518,0.30894256,0.27564597,0.27451354,0.19016823,0.28881618,0.27065927,0.27638406,0.30894256,0.27676928,0.27341098,0.31816244,0.27012926,0.2772097,0.2769822,0.27352345,0.24541181,0.49934712,0.2959991,0.1730347,0.1650008,0.3596325,0.26793975,0.43155077,0.24073151,0.2653499,0.2874527
NK04006,0.45616937,0.44078794,0.4591328,0.46085727,0.588598,0.48660305,0.7452966,0.75623405,0.46139887,0.4682517,0.45748138,0.4627706,0.45976672,0.6261039,0.46174243,0.8707977,0.5805281,0.8827943,0.9218141,0.26180506,0.21277863,0.68858886,0.3688386,0.34982085,0.6907987,0.711164,0.7777879,0.7072761,0.78845465,0.641176,0.70717674,0.71032506,0.7756839,0.45696917,0.7742254,0.77725905,0.77747,0.7092282,0.6990043,0.77201784,0.7758738,0.7129928,0.7734921,0.7730454,0.41208503,0.41513777,0.41562548,0.41858387,0.414715,0.21061882,0.96595573,0.99994373,1.0,0.8996749,0.9999692,0.2780388,0.2632273,0.72530216,0.7391388,0.72712815,0.68535566,0.7244803,0.46460322,0.76881707,0.8204206,0.76976186,0.5848171,0.6298145,0.71006083,0.23876667,0.50612754,0.35499543,0.26763356,0.3511949,0.35243985,0.3524977,0.5446389,0.27084577,0.66815627,0.34550264,0.35682625,0.33814305,0.7563367,0.52065307,0.7562891,0.5683654,0.72917,0.2774574,0.27618045,0.3053205,0.27443677,0.27206942,0.26840937,0.27745527,0.2721327,0.30971223,0.2756514,0.27451146,0.18988219,0.2883106,0.27066952,0.2763916,0.30971223,0.27678207,0.27349928,0.3180862,0.27012467,0.27722186,0.27699986,0.27359453,0.24499506,0.5015724,0.29687172,0.172679,0.16446441,0.3587126,0.26636457,0.43268082,0.23977652,0.26539987,0.2872817
V300093475_L03_15,0.4397842,0.4816866,0.4431695,0.44647092,0.63765675,0.4774477,0.75178176,0.80859715,0.44511425,0.45121446,0.44284824,0.45088172,0.44363466,0.6831521,0.446968,0.8733951,0.6010746,0.8509838,0.8920046,0.23534277,0.15971425,0.7477443,0.31138015,0.26734316,0.7387111,0.76318383,0.82288384,0.76039994,0.8673216,0.72783685,0.7685893,0.76394427,0.82173145,0.44207394,0.8206415,0.82329524,0.8224712,0.76204526,0.7603069,0.81851304,0.8225597,0.76468086,0.81935513,0.8192407,0.3611679,0.36516958,0.36473945,0.36709613,0.36515117,0.1851804,0.90492463,0.8996097,0.8996749,1.0,0.8999604,0.21296233,0.1995691,0.8785927,0.8244764,0.8801093,0.8357641,0.87829,0.4482141,0.7459295,0.81220114,0.81712127,0.65882665,0.7135751,0.75486815,0.20934865,0.54160607,0.26761755,0.1924223,0.2687245,0.2686578,0.2686988,0.61654735,0.26561126,0.75075054,0.36254084,0.35442334,0.37582242,0.8086544,0.59499466,0.80856323,0.55734515,0.73818827,0.21137333,0.21097696,0.2735783,0.2092768,0.20662335,0.20471612,0.21128818,0.2076014,0.27577755,0.20928696,0.20854989,0.15264007,0.21005571,0.2039026,0.2115736,0.27577755,0.21050224,0.20769835,0.26388568,0.20387736,0.21112552,0.21073681,0.20854837,0.22203574,0.5443751,0.22633499,0.15866613,0.16578159,0.311972,0.2099284,0.38144702,0.20613068,0.34382343,0.21932936
V350011797_L04_45,0.4552136,0.43970704,0.45816916,0.45992237,0.58817834,0.48591745,0.7458108,0.75746214,0.46048144,0.4688811,0.45657894,0.46191823,0.4588119,0.625908,0.46093184,0.8704926,0.58031946,0.882591,0.9215842,0.26131958,0.21266067,0.68774873,0.36801103,0.34786123,0.69126517,0.7115793,0.777923,0.70763004,0.78916526,0.6422963,0.70700276,0.71074045,0.77577114,0.45611906,0.7744645,0.77740353,0.77759516,0.7096017,0.69883084,0.7721585,0.7760025,0.7134212,0.7735933,0.7731453,0.41086492,0.41402793,0.41447145,0.41746294,0.41347528,0.20918351,0.9666728,0.99991596,0.9999692,0.8999604,1.0,0.27876675,0.26380038,0.7250649,0.7398472,0.72691363,0.6848354,0.724218,0.4637161,0.76948506,0.82071245,0.769858,0.5853354,0.62856805,0.7103469,0.23820958,0.5062989,0.35316998,0.26627755,0.3492,0.35047132,0.35052854,0.54524195,0.27132273,0.66927636,0.34496254,0.3571449,0.33832532,0.757568,0.5211845,0.75752366,0.5696031,0.73085064,0.2781304,0.27685213,0.30675805,0.2751013,0.27274477,0.2689985,0.2781269,0.272803,0.31116652,0.27629876,0.2751613,0.19008091,0.28848392,0.27129346,0.27707553,0.31116652,0.27743518,0.27418,0.31877226,0.27078635,0.27788097,0.27765596,0.2742886,0.24495822,0.50280166,0.29691657,0.17259452,0.1638596,0.35796475,0.26438057,0.43330398,0.23924273,0.26441658,0.28803927
V350037201_L03_47,0.3629792,0.27356288,0.36353052,0.35770956,0.16298911,0.32630712,0.17062661,0.18500796,0.36124223,0.46564493,0.36480504,0.3556193,0.36323032,0.11517066,0.35989612,0.22041011,0.5604382,0.30988604,0.25046277,0.8724487,0.8883474,0.09420884,0.6185245,0.60295916,0.1352635,0.13827527,0.0981797,0.13447788,0.14713192,0.1782951,0.07897264,0.13577679,0.09690571,0.3626716,0.10295734,0.098100245,0.099205256,0.1380859,0.07889286,0.09686184,0.0973452,0.13794225,0.100307316,0.100078106,0.5476759,0.55407894,0.5512655,0.5480665,0.5450588,0.60064757,0.2598364,0.2778809,0.2780388,0.21296233,0.27876675,1.0,0.9978365,0.1795584,0.13371602,0.1785438,0.19043496,0.17851883,0.35951346,0.31363505,0.21672788,0.09609237,0.1458062,0.12296867,0.17225984,0.857202,0.24302539,0.63376665,0.7197274,0.5993191,0.6022587,0.60260314,0.19350728,0.7959352,0.17760077,0.45195332,0.5487616,0.5649446,0.18485478,0.20889905,0.18297613,0.45225823,0.34734276,0.99935937,0.9992937,0.9318624,0.9995378,0.9996463,0.9985719,0.9993629,0.9996287,0.9345143,0.9992876,0.99923956,0.9637227,0.8550995,0.9990438,0.9993016,0.9345143,0.9992938,0.99971414,0.9641169,0.9992223,0.9992888,0.9992901,0.99967647,0.89659333,0.3469921,0.79373336,0.9043002,0.8459344,0.7415284,0.7094947,0.6170311,0.85692716,0.4594825,0.9549856
V350037201_L03_13,0.3700536,0.29277286,0.37019315,0.3645373,0.16746607,0.33072886,0.16712567,0.1688134,0.3674177,0.4561725,0.37107143,0.3617235,0.36980653,0.11840299,0.36531404,0.21307409,0.5522464,0.29875857,0.23713747,0.8739934,0.88926554,0.1035786,0.626928,0.618142,0.13403833,0.13655406,0.0927113,0.13346747,0.13776138,0.17148778,0.084190905,0.1339829,0.092036396,0.3686766,0.09687972,0.0926739,0.09378624,0.13637045,0.08411822,0.09150359,0.09220651,0.13600868,0.09555349,0.09530562,0.551706,0.5565483,0.5543832,0.5511772,0.5491004,0.618052,0.24195802,0.26327977,0.2632273,0.1995691,0.26380038,0.9978365,1.0,0.18041861,0.1269688,0.17929399,0.19317347,0.17970899,0.36541325,0.3046627,0.2074272,0.09114736,0.14811078,0.13526437,0.17372248,0.8649025,0.243298,0.6468134,0.73442256,0.61516726,0.61758333,0.61798346,0.19465747,0.7979716,0.16837835,0.4610268,0.5448777,0.56521505,0.16862431,0.21127522,0.16698426,0.4412127,0.32455644,0.9982722,0.99830884,0.9287179,0.9980315,0.9986304,0.9984871,0.99826205,0.9983574,0.93050325,0.998523,0.9985955,0.9679358,0.8647982,0.99835896,0.99833226,0.93050325,0.9983307,0.9983102,0.9585116,0.9985508,0.9982315,0.9982877,0.9984306,0.8971671,0.34035993,0.78920025,0.9090926,0.856259,0.74460036,0.72532004,0.60634,0.86425734,0.47503632,0.95800585
NK01117,0.42276445,0.5304845,0.42213905,0.42596936,0.64103454,0.45009834,0.74899113,0.7528676,0.42267692,0.36667556,0.42073113,0.42878348,0.42186993,0.6940804,0.422054,0.7142008,0.44814426,0.68834877,0.7016432,0.23986411,0.22688323,0.8358746,0.30574554,0.3019385,0.7043198,0.71630436,0.7461035,0.7201466,0.79573864,0.6902713,0.7900916,0.72002465,0.74704427,0.41937363,0.7448138,0.74740815,0.7472017,0.71491665,0.7840829,0.74669325,0.7474699,0.71766025,0.74506253,0.74538434,0.4018951,0.3984484,0.40096748,0.4024682,0.404702,0.41099927,0.75018144,0.72550035,0.72530216,0.8785927,0.7250649,0.1795584,0.18041861,1.0,0.83082956,0.9998658,0.9534575,0.9998757,0.4242128,0.61761445,0.6753703,0.7442217,0.78287834,0.82547086,0.75474334,0.24185142,0.6752507,0.2827226,0.26051235,0.30591506,0.3030529,0.30276856,0.77275515,0.36679894,0.7905081,0.56370944,0.46070492,0.45549667,0.7523025,0.7634256,0.75351834,0.5413445,0.64275867,0.17994648,0.18055171,0.25217628,0.17879301,0.17847058,0.17945015,0.17992672,0.1784532,0.24729413,0.17793095,0.1788347,0.1839056,0.21399996,0.17752385,0.1805025,0.24729413,0.17878994,0.17800432,0.18816057,0.17592597,0.1786513,0.17902824,0.17830068,0.20911029,0.6403929,0.26124,0.21285605,0.2695815,0.24334711,0.24682382,0.42301038,0.23716766,0.61412126,0.18023959
V300063714_L03_93,0.43852073,0.5799123,0.43582618,0.44305784,0.773208,0.48955393,0.8542058,0.8700057,0.44065374,0.43492177,0.4367446,0.44947162,0.43610114,0.8364473,0.4459446,0.7922839,0.51385736,0.7162793,0.7646121,0.14180055,0.16901529,0.8811811,0.23833877,0.18987143,0.80945647,0.7633005,0.8445914,0.76376736,0.94811976,0.79829824,0.8957862,0.76696116,0.84243846,0.44085667,0.850533,0.84637,0.84474397,0.7601975,0.89253795,0.8481064,0.8460437,0.7655692,0.84133303,0.8414013,0.29701066,0.29551104,0.2969842,0.29954788,0.29941738,0.25909323,0.80698514,0.7384002,0.7391388,0.8244764,0.7398472,0.13371602,0.1269688,0.83082956,1.0,0.8331989,0.83655024,0.8296903,0.44387478,0.67307645,0.7755247,0.840642,0.89174116,0.84011304,0.85773104,0.13782233,0.71091366,0.16851252,0.116015375,0.19274932,0.19101334,0.19003555,0.827319,0.36296064,0.88214386,0.50470656,0.4454231,0.52970994,0.86952883,0.80220425,0.87131083,0.5610985,0.74069667,0.12975675,0.12977341,0.31573424,0.12942436,0.13065478,0.1258421,0.12967893,0.13035738,0.3121321,0.12778029,0.12740442,0.11170864,0.28199828,0.12737593,0.13038507,0.3121321,0.12791169,0.13081113,0.15344909,0.12808073,0.12823641,0.12861693,0.13081056,0.12977123,0.72017264,0.18148977,0.116960526,0.12284356,0.24221325,0.14205968,0.44567198,0.14169285,0.48981273,0.174815
V350011809_L01_25,0.42234004,0.5305724,0.42164963,0.4255514,0.64204115,0.45016629,0.75161636,0.75569296,0.4222464,0.36738408,0.4202884,0.42839625,0.42137694,0.69582117,0.42171252,0.7154295,0.44761878,0.6884349,0.7024213,0.23711681,0.22438505,0.83676934,0.30438936,0.29923224,0.70674723,0.7183366,0.74802613,0.72206473,0.7983969,0.69263816,0.7920407,0.7219918,0.7489267,0.41897252,0.7469033,0.7493831,0.7491327,0.716817,0.78588545,0.7485931,0.7494018,0.7197099,0.74705553,0.74737376,0.40045962,0.3970787,0.3995837,0.40113682,0.40331122,0.40831214,0.7523491,0.7273022,0.72712815,0.8801093,0.72691363,0.1785438,0.17929399,0.9998658,0.8331989,1.0,0.95369935,0.999841,0.42385623,0.62053466,0.67811644,0.74612087,0.7850189,0.8258281,0.75724846,0.23914564,0.67593455,0.2799886,0.2579146,0.30324084,0.30039135,0.30011302,0.77456295,0.36534792,0.79292583,0.56296796,0.460711,0.45518348,0.7551436,0.76495576,0.75637496,0.5428811,0.6461512,0.17889327,0.17949778,0.25287166,0.17766583,0.17738757,0.1782541,0.17886978,0.17736438,0.24799946,0.17686537,0.17779014,0.18193817,0.21335387,0.17632458,0.17947376,0.24799946,0.17773455,0.17691028,0.18684182,0.17479175,0.1775946,0.1779812,0.17724499,0.20684046,0.6428349,0.25991637,0.2102927,0.26684695,0.2421681,0.24346164,0.4226633,0.234555,0.6126531,0.17944866
NK01018,0.4235385,0.56083333,0.4218897,0.42533532,0.66143584,0.44540015,0.7218232,0.7211039,0.4225303,0.3667439,0.4210077,0.42778653,0.4215356,0.6995081,0.4216341,0.6945236,0.45184198,0.6625091,0.6735119,0.26499975,0.26742816,0.8228903,0.33073908,0.31152704,0.67659426,0.66656494,0.70140123,0.66960806,0.7936504,0.6526409,0.76658404,0.6691799,0.7027928,0.42007536,0.6985931,0.70299745,0.7022714,0.66437745,0.7599816,0.7020407,0.7035398,0.6677587,0.7004595,0.7006549,0.4163187,0.4116375,0.4144673,0.414635,0.41901308,0.43198168,0.70864576,0.68546844,0.68535566,0.8357641,0.6848354,0.19043496,0.19317347,0.9534575,0.83655024,0.95369935,1.0,0.9541265,0.42370418,0.5671397,0.6294137,0.701023,0.7807518,0.8095802,0.7275819,0.2820759,0.66794896,0.29428107,0.27806014,0.31554633,0.3124987,0.31226003,0.75662994,0.39689007,0.7829352,0.60613567,0.5033045,0.5470884,0.7202475,0.7493372,0.72118676,0.5061487,0.6101029,0.19211575,0.19274235,0.27587122,0.19055739,0.19139397,0.1922912,0.19207904,0.1911022,0.27010393,0.1911687,0.19122094,0.21160555,0.25210303,0.18956861,0.19277054,0.27010393,0.19135639,0.19027776,0.19909215,0.18831745,0.19119713,0.19171587,0.19107467,0.23305872,0.6273525,0.29129702,0.24382639,0.3195551,0.27235323,0.30397952,0.45610467,0.2782999,0.6421516,0.18579501
NK12042,0.42474678,0.5333789,0.42413792,0.42795485,0.6422019,0.45179006,0.747589,0.75097,0.42463627,0.3667979,0.42272404,0.43074602,0.42387822,0.6948379,0.4238249,0.71444356,0.44895315,0.68801814,0.7012785,0.24004677,0.22670248,0.8361194,0.3072579,0.30340064,0.70493746,0.7168058,0.7464958,0.7206496,0.7952516,0.69010663,0.7907671,0.720459,0.74752533,0.42123902,0.7450952,0.74778634,0.7475446,0.71543413,0.7847167,0.7470484,0.7479,0.718125,0.7455565,0.74588734,0.40253478,0.3989883,0.40154395,0.4029819,0.4053263,0.41203785,0.7483039,0.72469425,0.7244803,0.87829,0.724218,0.17851883,0.17970899,0.9998757,0.8296903,0.999841,0.9541265,1.0,0.42614836,0.6175183,0.6755291,0.744729,0.7819084,0.8263043,0.7539635,0.24298012,0.6740237,0.28422442,0.26147062,0.3074553,0.3045221,0.30426243,0.77136487,0.3660311,0.78864485,0.5637926,0.4599958,0.456064,0.7504245,0.7620925,0.75164497,0.53821456,0.63992107,0.17907912,0.17969501,0.25058302,0.17779797,0.17754683,0.17855954,0.1790554,0.17749822,0.24566373,0.17714652,0.17804149,0.184064,0.21291593,0.1765874,0.17966348,0.24566373,0.17796904,0.17706609,0.18698823,0.17506737,0.17782268,0.17819205,0.17739552,0.20948061,0.6384183,0.26051795,0.2132321,0.27084514,0.24476403,0.2493937,0.42198786,0.23851904,0.6139257,0.1796366
V350011809_L04_30,0.99916804,0.85081595,0.9995085,0.99955,0.78322005,0.9938303,0.4926925,0.41906604,0.9999151,0.8668573,0.99955726,0.99899846,0.9995537,0.7557458,0.9989728,0.52589655,0.4829667,0.4858787,0.49971282,0.46997982,0.4079532,0.5395806,0.6791716,0.757143,0.5178731,0.5173247,0.53934765,0.52082324,0.43304673,0.48272118,0.53064406,0.5170475,0.5408981,0.9986833,0.5330744,0.5375445,0.5356805,0.5181559,0.53553337,0.53931206,0.539343,0.5156303,0.5390344,0.53920734,0.5316364,0.52970797,0.52711743,0.52702385,0.5293198,0.5248098,0.42177087,0.46525908,0.46460322,0.4482141,0.4637161,0.35951346,0.36541325,0.4242128,0.44387478,0.42385623,0.42370418,0.42614836,1.0,0.44851443,0.4974497,0.543797,0.4401405,0.5065752,0.4723345,0.4616029,0.5129285,0.7388879,0.6668627,0.75436944,0.7555389,0.75516886,0.404667,0.33937913,0.39113203,0.4247275,0.3598358,0.38563174,0.41962367,0.401698,0.42040682,0.42098495,0.3995599,0.3615595,0.36212558,0.27885365,0.36459064,0.36202872,0.36478338,0.3615489,0.36190397,0.27951404,0.3645767,0.36415172,0.42525238,0.39096487,0.3621488,0.36197722,0.27951404,0.3635406,0.36159265,0.34774336,0.36687636,0.3636784,0.36303586,0.36216578,0.43465662,0.43807468,0.45639858,0.4697541,0.49701893,0.5459938,0.64391005,0.35121697,0.46555313,0.46082062,0.3870451
V300063692_L02_32,0.44218004,0.4416418,0.4433635,0.44653836,0.57845086,0.4750148,0.6703337,0.77687234,0.44670695,0.50686014,0.4432685,0.44716838,0.44429556,0.6209441,0.45263705,0.74538076,0.43162224,0.70743877,0.7470182,0.19374716,0.20232299,0.6445615,0.33973342,0.32770747,0.7606368,0.7968649,0.794049,0.78953284,0.73670846,0.7485452,0.7441522,0.79114187,0.7933928,0.44880134,0.7974512,0.794111,0.7936121,0.7919213,0.73489594,0.7933488,0.79348147,0.79684997,0.7960118,0.79617804,0.5273209,0.5300286,0.5315644,0.53637934,0.5317733,0.34549224,0.7853255,0.7681036,0.76881707,0.7459295,0.76948506,0.31363505,0.3046627,0.61761445,0.67307645,0.62053466,0.5671397,0.6175183,0.44851443,1.0,0.95813584,0.7928581,0.6299,0.6026567,0.75658363,0.16650301,0.58469325,0.32784352,0.28207436,0.33043715,0.32972938,0.3306339,0.6362542,0.22600937,0.68800426,0.38082403,0.42613792,0.33824196,0.77830637,0.61508995,0.7783507,0.7017443,0.8098856,0.31101543,0.31004232,0.36495847,0.30927962,0.30887747,0.30234605,0.3112697,0.30832553,0.36899292,0.3101379,0.31020394,0.20072865,0.3396485,0.30681044,0.31070042,0.36899292,0.31150496,0.31021446,0.32983285,0.3050058,0.31118423,0.31126952,0.3096823,0.2029249,0.6494011,0.37111574,0.16592607,0.15657276,0.2792131,0.25492305,0.43074638,0.17253658,0.30806243,0.37773043
V350037201_L03_57,0.48941448,0.50822407,0.4910651,0.49592686,0.6685105,0.5288568,0.72761023,0.83727825,0.49517554,0.4951846,0.4900252,0.49585602,0.49216002,0.71929336,0.4996201,0.85391283,0.5330648,0.7888662,0.8437235,0.15911591,0.14077336,0.74108636,0.2739619,0.3073669,0.8100354,0.8215513,0.89013493,0.81565315,0.83512247,0.77813137,0.8385545,0.8175501,0.8895061,0.49464694,0.8911674,0.8901261,0.8895197,0.81789464,0.83097756,0.8894857,0.88984144,0.82178944,0.89085376,0.89106035,0.42979136,0.43060088,0.4324088,0.43680587,0.43419603,0.25780734,0.83026576,0.8200066,0.8204206,0.81220114,0.82071245,0.21672788,0.2074272,0.6753703,0.7755247,0.67811644,0.6294137,0.6755291,0.4974497,0.95813584,1.0,0.88812613,0.683555,0.7019571,0.81449556,0.118305236,0.6026366,0.303473,0.19490057,0.31029308,0.30924582,0.30971092,0.6590704,0.20643061,0.7283617,0.3547893,0.36951262,0.32699412,0.8388352,0.6353421,0.8393787,0.62154746,0.7888211,0.2150613,0.2143276,0.29245377,0.21250543,0.21182314,0.20554742,0.21529442,0.21151799,0.29489535,0.21375284,0.2138204,0.12305537,0.280772,0.21022248,0.2149036,0.29489535,0.21522617,0.21349543,0.24637339,0.20987919,0.21506721,0.21509153,0.21275711,0.14841601,0.6215551,0.26414794,0.09571776,0.08126527,0.27522922,0.21694872,0.38225168,0.12496418,0.29243207,0.28355747
V350011900_L04_36,0.5358494,0.59863454,0.5369016,0.54373586,0.7332571,0.58138716,0.7955377,0.86651534,0.5409137,0.48529407,0.5355999,0.5443047,0.53771234,0.8020202,0.54264283,0.8319044,0.5120835,0.72503483,0.80443716,0.11036539,0.08018792,0.82554495,0.30987573,0.3035073,0.9415586,0.9548596,0.99903744,0.95434713,0.8880621,0.903211,0.9286485,0.9554217,0.9992706,0.5374959,0.99788356,0.9989898,0.99882567,0.95512766,0.9266242,0.9983947,0.9990917,0.95530164,0.99931854,0.99933916,0.3865583,0.38264656,0.38634685,0.39116085,0.389724,0.2722395,0.78758335,0.7696913,0.76976186,0.81712127,0.769858,0.09609237,0.09114736,0.7442217,0.840642,0.74612087,0.701023,0.744729,0.543797,0.7928581,0.88812613,1.0,0.78088295,0.7917588,0.8234259,0.095066935,0.67397267,0.28232354,0.17655224,0.30557567,0.30406344,0.3040387,0.7356871,0.17221728,0.77698505,0.39927936,0.35348642,0.30339852,0.8675777,0.71192485,0.8690853,0.5836488,0.71209615,0.09436658,0.09411031,0.17467028,0.09336522,0.092063695,0.088437766,0.0944241,0.09134114,0.17494759,0.0931412,0.09335458,0.059655756,0.18772826,0.09134272,0.094451636,0.17494759,0.09433782,0.09302127,0.13556239,0.09183174,0.09404561,0.09394145,0.092755586,0.106520414,0.6086471,0.16071746,0.066105336,0.067432225,0.2627263,0.20766023,0.33277962,0.09229943,0.35865483,0.16494104
V350037201_L03_15,0.44016713,0.6182636,0.43458495,0.4420881,0.753795,0.48253834,0.8511194,0.851381,0.438182,0.41416323,0.43601844,0.4452161,0.43450248,0.82092476,0.44326884,0.61803824,0.3189339,0.51891756,0.5702174,0.12620103,0.2050952,0.8699585,0.2858386,0.24742812,0.81012934,0.766355,0.7819952,0.77088237,0.82405996,0.7810328,0.8839023,0.7716217,0.7810371,0.44060048,0.7870694,0.78431344,0.78378224,0.76469934,0.88412404,0.78826046,0.7840214,0.7681246,0.7796124,0.7799572,0.41701955,0.4103349,0.41421196,0.41778672,0.41775694,0.45956558,0.66228956,0.5839343,0.5848171,0.65882665,0.5853354,0.1458062,0.14811078,0.78287834,0.89174116,0.7850189,0.7807518,0.7819084,0.4401405,0.6299,0.683555,0.78088295,1.0,0.84063864,0.84952843,0.14529532,0.8349534,0.21158266,0.21949506,0.25206596,0.24836615,0.24750733,0.964394,0.37400258,0.9250063,0.685278,0.5927317,0.53774977,0.8507266,0.95319957,0.85309017,0.6417053,0.7245221,0.14192122,0.14236233,0.31182075,0.14188755,0.14611688,0.14214614,0.14193016,0.14497879,0.3055499,0.14007512,0.14142454,0.1432367,0.31839877,0.14369896,0.14219573,0.3055499,0.13998449,0.14529249,0.13275859,0.1435827,0.13995448,0.14088657,0.14472932,0.12365502,0.81688535,0.27299315,0.15167904,0.19520906,0.19289908,0.19015902,0.4729706,0.14517328,0.65772927,0.182078
V350011903_L01_32,0.50847507,0.67916787,0.5053263,0.5104181,0.75752044,0.53244466,0.7659365,0.7002725,0.50629115,0.34689885,0.5020055,0.51224554,0.5048423,0.80197275,0.50425994,0.74652946,0.5011976,0.623253,0.662047,0.23225391,0.21257767,0.9461992,0.33232477,0.38157824,0.74905676,0.7247685,0.7892511,0.73334396,0.8004475,0.70073175,0.8799991,0.73040265,0.7924355,0.5028436,0.7866367,0.790154,0.7907002,0.7268925,0.8788276,0.7932658,0.79170066,0.7257471,0.79013,0.7905878,0.41189608,0.40006766,0.4054924,0.4066366,0.41745034,0.4505673,0.64830303,0.6303408,0.6298145,0.7135751,0.62856805,0.12296867,0.13526437,0.82547086,0.84011304,0.8258281,0.8095802,0.8263043,0.5065752,0.6026567,0.7019571,0.7917588,0.84063864,1.0,0.84914064,0.2426545,0.7248827,0.34296295,0.2860406,0.38869685,0.38323575,0.3830096,0.7902802,0.38116628,0.7607291,0.5632992,0.41267562,0.4668375,0.6999743,0.7785565,0.7027699,0.4713945,0.53741795,0.12467188,0.12470439,0.23106939,0.12402633,0.12655339,0.12660778,0.12474361,0.124540925,0.22306934,0.12481058,0.12499195,0.15663561,0.3027477,0.12773949,0.12476072,0.22306934,0.123922884,0.12506935,0.13424867,0.12613368,0.1236352,0.124687195,0.12523213,0.17930111,0.6030234,0.17818415,0.18518338,0.24229941,0.31666553,0.30814427,0.34680176,0.23858681,0.6510098,0.17741868
V350011904_L04_66,0.46764934,0.5883376,0.46714664,0.47393826,0.7291333,0.5119364,0.8470076,0.8062032,0.47016266,0.4096822,0.46657807,0.4766516,0.467197,0.7932333,0.47292587,0.7605511,0.44590306,0.6491418,0.70837224,0.15377545,0.16509154,0.8921437,0.25660315,0.2577896,0.7982399,0.7776545,0.8229292,0.778881,0.8555196,0.7646955,0.87590176,0.7800901,0.82360613,0.46935347,0.8276256,0.8243364,0.82370436,0.7765056,0.8686903,0.8242296,0.82444215,0.77910054,0.8238478,0.824082,0.37557656,0.37148458,0.37381166,0.37746462,0.37956905,0.33150977,0.7474883,0.70970404,0.71006083,0.75486815,0.7103469,0.17225984,0.17372248,0.75474334,0.85773104,0.75724846,0.7275819,0.7539635,0.4723345,0.75658363,0.81449556,0.8234259,0.84952843,0.84914064,1.0,0.1423251,0.74890417,0.23143849,0.19271272,0.2634061,0.2600485,0.2600137,0.8154781,0.3336023,0.8291338,0.508008,0.42129505,0.40834984,0.80619466,0.79928774,0.80816114,0.6226372,0.73229504,0.16981408,0.16944996,0.3119344,0.16821718,0.17101267,0.16594964,0.16989121,0.16935068,0.30831835,0.1690951,0.16851982,0.12669715,0.33017635,0.17004445,0.17008093,0.30831835,0.16844776,0.16949314,0.17264763,0.16825923,0.16879454,0.16954565,0.17101744,0.11870977,0.7154538,0.22644266,0.123105735,0.13570586,0.26176658,0.19120464,0.37988487,0.14560714,0.53178126,0.23442927
V350011809_L03_57,0.4675524,0.43022874,0.46970284,0.46295834,0.24282026,0.4162569,0.16771385,0.08862668,0.46477798,0.46293992,0.4688872,0.45978078,0.46919033,0.17054084,0.45951307,0.23582095,0.6293012,0.32390028,0.26234663,0.93836427,0.89335036,0.1808708,0.7328545,0.7445283,0.12502655,0.123913735,0.09205699,0.12499699,0.14338315,0.14906508,0.106006056,0.122775614,0.0937407,0.46515638,0.08657768,0.0907999,0.09202188,0.12757829,0.109375566,0.09028506,0.09153965,0.12259278,0.09350073,0.09349546,0.5561762,0.5579646,0.55466896,0.54994076,0.5549769,0.66329324,0.18383592,0.23982126,0.23876667,0.20934865,0.23820958,0.857202,0.8649025,0.24185142,0.13782233,0.23914564,0.2820759,0.24298012,0.4616029,0.16650301,0.118305236,0.095066935,0.14529532,0.2426545,0.1423251,1.0,0.26015323,0.76778984,0.82261336,0.74306273,0.74361706,0.7441846,0.16991094,0.780295,0.14379564,0.51045537,0.5547807,0.6492428,0.08840978,0.19074696,0.08732957,0.28590316,0.16466272,0.86267465,0.8623742,0.73198706,0.8605968,0.86203396,0.8669018,0.8625351,0.8626143,0.7330172,0.8645493,0.8638799,0.93708456,0.74437773,0.86443,0.86250985,0.7330172,0.86317044,0.861527,0.8558891,0.8649466,0.8638091,0.8634765,0.8627728,0.95620656,0.21952155,0.73803544,0.9482581,0.93659544,0.8673236,0.8548847,0.58221173,0.9936382,0.5720301,0.8012252
V300073501_L01_80,0.5129597,0.58826053,0.51012236,0.51463044,0.7013288,0.5388487,0.72727644,0.67108774,0.5121673,0.49185032,0.51065886,0.51378363,0.51013786,0.73262596,0.516325,0.5093539,0.31658283,0.42627645,0.47847125,0.2705375,0.3409333,0.75787836,0.39297986,0.3831673,0.7134769,0.6830079,0.6739733,0.6872637,0.6654285,0.6974838,0.7316167,0.687546,0.6722876,0.5148763,0.674657,0.6747871,0.67538583,0.6826893,0.7334027,0.68014795,0.6734873,0.68369573,0.6714419,0.6720008,0.5096586,0.50482124,0.5079094,0.51055497,0.51081467,0.56662434,0.55452853,0.5054231,0.50612754,0.54160607,0.5062989,0.24302539,0.243298,0.6752507,0.71091366,0.67593455,0.66794896,0.6740237,0.5129285,0.58469325,0.6026366,0.67397267,0.8349534,0.7248827,0.74890417,0.26015323,1.0,0.3551666,0.37104678,0.3849141,0.38230985,0.38172108,0.8164252,0.3892836,0.7572998,0.62644076,0.5777788,0.502898,0.67128813,0.8152584,0.67298234,0.6294312,0.6552753,0.24205989,0.24175215,0.3271418,0.24009767,0.24271557,0.24072033,0.24233955,0.24339533,0.32394332,0.23975945,0.24137494,0.25325388,0.36365306,0.24332991,0.2414563,0.32394332,0.24058878,0.24245235,0.23804966,0.24193594,0.24122107,0.24169809,0.24175093,0.25082892,0.72542447,0.40730625,0.27942324,0.31189513,0.28456458,0.34224945,0.5348286,0.2636721,0.7059703,0.2452941
NK04082,0.74450576,0.6395329,0.74659204,0.7405044,0.43721256,0.6967868,0.25665766,0.16743234,0.7418317,0.6159633,0.74306357,0.73227644,0.746423,0.37412536,0.7355753,0.35199815,0.47492862,0.3986068,0.36185175,0.7434961,0.692991,0.30633098,0.83483577,0.9923794,0.27726224,0.30141485,0.27621934,0.3043093,0.16741145,0.22299588,0.2647741,0.29824322,0.2800137,0.74002767,0.26291972,0.27392048,0.2758652,0.3041828,0.2705186,0.27354923,0.27535987,0.29933417,0.27816388,0.27824414,0.6532307,0.64779115,0.64772654,0.64637476,0.65266365,0.69941676,0.2577384,0.35667962,0.35499543,0.26761755,0.35316998,0.63376665,0.6468134,0.2827226,0.16851252,0.2799886,0.29428107,0.28422442,0.7388879,0.32784352,0.303473,0.28232354,0.21158266,0.34296295,0.23143849,0.76778984,0.3551666,1.0,0.9542068,0.9919681,0.99275887,0.9928621,0.2265065,0.52398247,0.16153473,0.49020302,0.48033002,0.44736412,0.16796422,0.24612373,0.16778779,0.34351116,0.20660028,0.6402533,0.63953644,0.45327955,0.6414912,0.6400771,0.64801,0.64027655,0.6405661,0.45516357,0.6433476,0.64330566,0.6999749,0.57573116,0.64470184,0.63931715,0.45516357,0.6424645,0.6397123,0.62437975,0.6446056,0.6423278,0.6418889,0.6391681,0.71735615,0.24683225,0.6721995,0.7303356,0.75585544,0.74392796,0.8742478,0.44679648,0.7624384,0.528347,0.61992896
V300073501_L01_85,0.67551976,0.5791424,0.67551345,0.66842926,0.3719695,0.6246838,0.22834867,0.118406475,0.6699753,0.5996707,0.67342824,0.66253185,0.6748525,0.30517998,0.6654573,0.21990865,0.38044316,0.28100866,0.23074698,0.78346187,0.76019734,0.24984086,0.8736679,0.95609057,0.22775751,0.26220196,0.1709435,0.26563382,0.09639457,0.20087233,0.19071367,0.25958228,0.17407021,0.67097247,0.16103947,0.16925475,0.17104626,0.2640134,0.19553873,0.16904119,0.17021301,0.26035365,0.17257205,0.17253852,0.7141801,0.70975745,0.7095977,0.7081312,0.71315163,0.7937984,0.19371802,0.26877433,0.26763356,0.1924223,0.26627755,0.7197274,0.73442256,0.26051235,0.116015375,0.2579146,0.27806014,0.26147062,0.6668627,0.28207436,0.19490057,0.17655224,0.21949506,0.2860406,0.19271272,0.82261336,0.37104678,0.9542068,1.0,0.95531285,0.9559568,0.9561426,0.25623626,0.59028244,0.16496962,0.5531732,0.55107254,0.50007504,0.11814132,0.27703172,0.11794078,0.40705663,0.21648112,0.7243242,0.7237389,0.546436,0.7264768,0.7265652,0.73393595,0.72435665,0.7266459,0.54790676,0.72768766,0.7276138,0.7855681,0.6465945,0.7299539,0.7234745,0.54790676,0.7262351,0.7253902,0.68867016,0.7289893,0.7260717,0.725898,0.72546226,0.77120125,0.30853918,0.7526583,0.811664,0.84602034,0.74073917,0.882591,0.5065421,0.81539845,0.6018005,0.6981665
V300073501_L01_52,0.7610394,0.667332,0.76198256,0.7562858,0.4729373,0.71508694,0.2800326,0.1769338,0.7571664,0.6098031,0.75790966,0.74782205,0.76162183,0.41283026,0.751035,0.3581967,0.45120794,0.38889277,0.35604647,0.7169255,0.65706253,0.35076624,0.838007,0.9996313,0.30448312,0.32745332,0.29913098,0.3320048,0.18481234,0.23755917,0.30653638,0.32500777,0.30321878,0.7553054,0.2853412,0.2969287,0.29915443,0.33037397,0.31196976,0.297146,0.29856715,0.32551545,0.30112147,0.3012665,0.6602252,0.65278566,0.6535809,0.6526185,0.6605671,0.717035,0.25403827,0.35282958,0.3511949,0.2687245,0.3492,0.5993191,0.61516726,0.30591506,0.19274932,0.30324084,0.31554633,0.3074553,0.75436944,0.33043715,0.31029308,0.30557567,0.25206596,0.38869685,0.2634061,0.74306273,0.3849141,0.9919681,0.95531285,1.0,0.999794,0.99980074,0.26204225,0.50482696,0.18179399,0.49826202,0.46838826,0.4294592,0.1773665,0.2795623,0.17777553,0.34684235,0.2059024,0.6055743,0.6048938,0.4249886,0.60684955,0.60634494,0.61382765,0.6056497,0.60635346,0.42582,0.6089114,0.6089964,0.6705783,0.56413996,0.6104903,0.6045502,0.42582,0.60769874,0.60571766,0.5810837,0.6106352,0.60754985,0.6073481,0.60527486,0.6816946,0.26506457,0.64079887,0.7002352,0.7354269,0.7307636,0.86233616,0.4193631,0.73592466,0.5490023,0.59835845
V350011900_L04_67,0.7620447,0.66410685,0.7631012,0.75734305,0.47062305,0.7162757,0.27873954,0.17721638,0.75830436,0.6136811,0.75913787,0.74904716,0.7627395,0.41069937,0.7523344,0.35764605,0.45195284,0.3889772,0.35621935,0.7187525,0.65976334,0.3461884,0.8401458,0.9997426,0.30217665,0.32624352,0.29768968,0.33057716,0.18287763,0.23707178,0.30231,0.32373035,0.3016888,0.75660217,0.2840771,0.29548168,0.2976393,0.32906806,0.3077814,0.29557556,0.29705104,0.32429546,0.29962343,0.299744,0.65976083,0.65261316,0.65328515,0.65234745,0.65991676,0.7149379,0.2555194,0.3540628,0.35243985,0.2686578,0.35047132,0.6022587,0.61758333,0.3030529,0.19101334,0.30039135,0.3124987,0.3045221,0.7555389,0.32972938,0.30924582,0.30406344,0.24836615,0.38323575,0.2600485,0.74361706,0.38230985,0.99275887,0.9559568,0.999794,1.0,0.99995863,0.258936,0.5053564,0.18025851,0.49654397,0.4688514,0.42905134,0.17763737,0.27623588,0.17800188,0.3485779,0.2073954,0.60840714,0.6077286,0.42720318,0.6097975,0.6090838,0.6165345,0.60847735,0.6091518,0.42821884,0.6117131,0.6117476,0.6724279,0.56382084,0.6132539,0.6073679,0.42821884,0.61053467,0.6084715,0.5842834,0.6133603,0.6103851,0.61015284,0.60802203,0.68338966,0.26508707,0.6443738,0.7022124,0.73598075,0.7309027,0.8623855,0.42208982,0.73648584,0.54524523,0.60026073
NK06054,0.7616796,0.6640292,0.7627475,0.75699914,0.46978682,0.7157626,0.27800125,0.1767227,0.7579503,0.6132332,0.7587736,0.7486523,0.76238894,0.40987188,0.751968,0.3577307,0.4521457,0.3891452,0.3562749,0.71906936,0.65972203,0.34582615,0.839988,0.99972975,0.30212244,0.32659814,0.29763234,0.33092096,0.18230844,0.23713842,0.30211002,0.3240505,0.30166268,0.7562374,0.2839771,0.29541224,0.2975694,0.32942593,0.30754,0.29547894,0.29699814,0.3246376,0.29962784,0.29974997,0.66035545,0.6532241,0.6538857,0.65294856,0.6605498,0.7151276,0.25536597,0.35413405,0.3524977,0.2686988,0.35052854,0.60260314,0.61798346,0.30276856,0.19003555,0.30011302,0.31226003,0.30426243,0.75516886,0.3306339,0.30971092,0.3040387,0.24750733,0.3830096,0.2600137,0.7441846,0.38172108,0.9928621,0.9561426,0.99980074,0.99995863,1.0,0.25824976,0.50502145,0.17936704,0.4964067,0.46912172,0.42847022,0.17715201,0.2755653,0.1775097,0.34850085,0.2070334,0.6088033,0.6081159,0.42717698,0.6101348,0.6094625,0.6168819,0.60887325,0.60949814,0.42819163,0.6121156,0.61215234,0.67273766,0.56385005,0.61360717,0.60775596,0.42819163,0.6109361,0.60884047,0.58478165,0.6137152,0.61078453,0.6105534,0.60840994,0.68388367,0.26411587,0.644458,0.7024244,0.73641443,0.7313255,0.8629887,0.42187035,0.7370001,0.5449746,0.60072154
NK04142,0.40391773,0.5302336,0.39971036,0.40567878,0.64858973,0.44287166,0.8234136,0.8641073,0.40298137,0.39976722,0.40111423,0.4087965,0.39951664,0.7254858,0.40871543,0.5407367,0.2573943,0.4697684,0.50977117,0.15442443,0.24589616,0.81863636,0.2734053,0.25809482,0.759314,0.7434915,0.7353759,0.74668264,0.75286317,0.74893796,0.8218123,0.74754465,0.7344212,0.40628675,0.741478,0.7377904,0.73734146,0.7411862,0.8218187,0.74105835,0.73711014,0.7451267,0.7328749,0.7332633,0.45680845,0.45163786,0.45483416,0.45876083,0.457244,0.52068996,0.62702537,0.5434519,0.5446389,0.61654735,0.54524195,0.19350728,0.19465747,0.77275515,0.827319,0.77456295,0.75662994,0.77136487,0.404667,0.6362542,0.6590704,0.7356871,0.964394,0.7902802,0.8154781,0.16991094,0.8164252,0.2265065,0.25623626,0.26204225,0.258936,0.25824976,1.0,0.39516094,0.93911505,0.7585796,0.66943824,0.5286858,0.86334926,0.99322087,0.8649682,0.6989313,0.7526492,0.18819332,0.18886173,0.3332492,0.18985951,0.19325557,0.18916038,0.18825087,0.19221157,0.32776895,0.18626052,0.18780372,0.18572062,0.30879307,0.19255114,0.18822256,0.32776895,0.18645573,0.19265491,0.1648139,0.19021648,0.18605462,0.1870791,0.19177043,0.1493403,0.8652121,0.365081,0.1960189,0.24436378,0.17129672,0.1923148,0.5082481,0.16809171,0.7044733,0.21739033
V350011809_L04_114,0.3425669,0.36533096,0.34263155,0.33811876,0.29096654,0.3205387,0.31338248,0.27763417,0.34097475,0.38173324,0.3442943,0.34182954,0.34241825,0.2715146,0.33684114,0.27498066,0.5611494,0.33835846,0.26517922,0.79181886,0.8893063,0.32613176,0.5163816,0.50455654,0.19690141,0.15159947,0.1737298,0.15194681,0.29680377,0.2454097,0.23423639,0.15396422,0.1733714,0.33990312,0.18026862,0.17473689,0.17542988,0.15306565,0.23342252,0.17746472,0.17494187,0.15297234,0.1738244,0.17406803,0.42970914,0.4328288,0.43067557,0.4250083,0.42675725,0.5980161,0.28691188,0.27076814,0.27084577,0.26561126,0.27132273,0.7959352,0.7979716,0.36679894,0.36296064,0.36534792,0.39689007,0.3660311,0.33937913,0.22600937,0.20643061,0.17221728,0.37400258,0.38116628,0.3336023,0.780295,0.3892836,0.52398247,0.59028244,0.50482696,0.5053564,0.50502145,0.39516094,1.0,0.34420577,0.63646686,0.60975724,0.7228128,0.27686572,0.4123616,0.2757367,0.38509324,0.30953038,0.79708,0.7969937,0.81889486,0.7967434,0.79900265,0.79902685,0.79691625,0.7981222,0.8163741,0.79678917,0.7963661,0.82615644,0.75414187,0.79985046,0.7968305,0.8163741,0.79574347,0.7985252,0.7662835,0.79763323,0.796021,0.7965049,0.79805,0.77668387,0.4292643,0.6534988,0.8173841,0.79009104,0.6262226,0.61096996,0.7010869,0.7823597,0.6389643,0.7515816
NK01111,0.38540277,0.48466265,0.38367337,0.38950396,0.66900903,0.4340332,0.8473233,0.9258193,0.3882035,0.4359312,0.3863711,0.3963285,0.38390028,0.7339504,0.39631674,0.6551861,0.360921,0.5959003,0.65053475,0.14170414,0.19383061,0.805919,0.24001026,0.17944843,0.75988424,0.7577324,0.7794422,0.7571991,0.84917045,0.7806616,0.8155219,0.7609683,0.77708614,0.39229202,0.7861453,0.7817695,0.77992094,0.7550262,0.81400573,0.78292954,0.7807746,0.7593835,0.7740928,0.7741851,0.4114923,0.4126895,0.4128944,0.4169236,0.4129415,0.37343973,0.7534727,0.66661423,0.66815627,0.75075054,0.66927636,0.17760077,0.16837835,0.7905081,0.88214386,0.79292583,0.7829352,0.78864485,0.39113203,0.68800426,0.7283617,0.77698505,0.9250063,0.7607291,0.8291338,0.14379564,0.7572998,0.16153473,0.16496962,0.18179399,0.18025851,0.17936704,0.93911505,0.34420577,1.0,0.6616126,0.6207708,0.54201335,0.9251156,0.9256542,0.9258748,0.70584255,0.828141,0.17060792,0.17132547,0.32446545,0.17240676,0.1735448,0.16936266,0.17058977,0.17413038,0.32204977,0.16838157,0.1686447,0.14546105,0.27687216,0.17171663,0.17081198,0.32204977,0.16892022,0.17400774,0.18390742,0.17043,0.16908291,0.16941503,0.1736382,0.14657429,0.83012336,0.33189303,0.15605274,0.18593931,0.18239042,0.14028236,0.5013661,0.14689678,0.59152997,0.1906335
V350011903_L01_128,0.43035486,0.49914077,0.42712674,0.42661852,0.44807717,0.42034286,0.5606497,0.5456134,0.42609602,0.40301058,0.4281475,0.42603222,0.4262779,0.46236107,0.42589262,0.30902755,0.26069474,0.32473207,0.29937774,0.45524317,0.60260147,0.5586271,0.48115593,0.49445146,0.44090974,0.43531626,0.39530092,0.43820137,0.41724417,0.42630428,0.491776,0.43639868,0.3977039,0.43008596,0.39581868,0.3975355,0.3966738,0.4344045,0.4931019,0.39865035,0.398083,0.43544796,0.39581373,0.39598608,0.5654614,0.56164426,0.56189674,0.56111044,0.5626225,0.7204055,0.3771409,0.34521413,0.34550264,0.36254084,0.34496254,0.45195332,0.4610268,0.56370944,0.50470656,0.56296796,0.60613567,0.5637926,0.4247275,0.38082403,0.3547893,0.39927936,0.685278,0.5632992,0.508008,0.51045537,0.62644076,0.49020302,0.5531732,0.49826202,0.49654397,0.4964067,0.7585796,0.63646686,0.6616126,1.0,0.81777036,0.7206675,0.54460514,0.7773204,0.54442376,0.5540741,0.4826661,0.45291075,0.45426068,0.47117797,0.4550935,0.4576789,0.4611319,0.45280066,0.45699024,0.46453786,0.45321,0.45433176,0.50508934,0.51161903,0.46027857,0.45232,0.46453786,0.45243967,0.456209,0.41910946,0.457488,0.4516747,0.45247632,0.45487487,0.46084285,0.66883004,0.6615101,0.5298183,0.59903014,0.3836784,0.5521779,0.6230093,0.51080173,0.7813897,0.42472827
V350011903_L02_117,0.3633027,0.38022524,0.36147708,0.36034173,0.3640077,0.35542044,0.49014834,0.54734725,0.36097512,0.48182112,0.3645861,0.35985202,0.36137086,0.3714365,0.36316273,0.28769052,0.31115526,0.35061738,0.33154297,0.50914115,0.67093945,0.40946794,0.48413438,0.46925053,0.40960127,0.40029916,0.3526814,0.3985393,0.3945647,0.43738282,0.39739305,0.39991447,0.3523932,0.36696884,0.3565858,0.3543237,0.35405898,0.39928666,0.39999056,0.35604522,0.35301894,0.40051258,0.35199425,0.35218006,0.56589043,0.56789374,0.56674075,0.5664675,0.5622026,0.65161574,0.40595067,0.3558672,0.35682625,0.35442334,0.3571449,0.5487616,0.5448777,0.46070492,0.4454231,0.460711,0.5033045,0.4599958,0.3598358,0.42613792,0.36951262,0.35348642,0.5927317,0.41267562,0.42129505,0.5547807,0.5777788,0.48033002,0.55107254,0.46838826,0.4688514,0.46912172,0.66943824,0.60975724,0.6207708,0.81777036,1.0,0.72197217,0.54672295,0.6877006,0.54574144,0.573905,0.5526594,0.54627836,0.5464312,0.55136657,0.5479013,0.5498303,0.55116403,0.54622394,0.5516673,0.5509532,0.54575354,0.54616064,0.56769866,0.53084123,0.5502413,0.5451707,0.5509532,0.54574794,0.5502899,0.545386,0.5488964,0.54551613,0.5454458,0.54871017,0.5618307,0.651399,0.7600821,0.57635033,0.6128157,0.43027592,0.5573026,0.7990715,0.55710536,0.6760824,0.49262372
V350037201_L02_88,0.38975096,0.48952782,0.38699734,0.3870348,0.48905617,0.3779779,0.45939377,0.42624536,0.3866863,0.49319255,0.38966817,0.3896456,0.38690817,0.4497539,0.38948852,0.35969925,0.5190154,0.4192491,0.39633402,0.5753031,0.7222138,0.45962822,0.5086994,0.42887557,0.34816656,0.29922396,0.30504113,0.2959658,0.4927998,0.41029564,0.3920471,0.29728508,0.30474168,0.3934062,0.30669427,0.30669376,0.30438638,0.29608333,0.39203516,0.3075925,0.30729145,0.29890323,0.3026947,0.3027506,0.4686358,0.4710521,0.46795982,0.46503815,0.46593317,0.5686036,0.3862317,0.33760673,0.33814305,0.37582242,0.33832532,0.5649446,0.56521505,0.45549667,0.52970994,0.45518348,0.5470884,0.456064,0.38563174,0.33824196,0.32699412,0.30339852,0.53774977,0.4668375,0.40834984,0.6492428,0.502898,0.44736412,0.50007504,0.4294592,0.42905134,0.42847022,0.5286858,0.7228128,0.54201335,0.7206675,0.72197217,1.0,0.42526138,0.5395509,0.4244237,0.4038539,0.4183995,0.5632824,0.56378156,0.60935193,0.5661454,0.56755924,0.5718568,0.5630396,0.5703436,0.6072346,0.5648568,0.56363124,0.6194989,0.62791073,0.5662131,0.56432116,0.6072346,0.562865,0.5675696,0.5980204,0.56885254,0.5635108,0.56312907,0.5671345,0.63902867,0.5378646,0.63808525,0.63450134,0.6514726,0.58544004,0.6085078,0.75665706,0.66668034,0.6185046,0.5498216
NK06177,0.410875,0.44657606,0.41047478,0.41701952,0.6423319,0.46487737,0.8302908,0.99996626,0.41600263,0.48300332,0.41293454,0.42133498,0.41125602,0.72634983,0.42320994,0.7510382,0.44450772,0.6983016,0.7555764,0.12575161,0.145991,0.742521,0.20156974,0.17732757,0.81785536,0.8218494,0.8721912,0.8181898,0.8652482,0.8248614,0.8371854,0.82351,0.8689022,0.41666475,0.87884736,0.873791,0.87247884,0.8189622,0.8353113,0.8726443,0.87208223,0.8236057,0.86833715,0.8682729,0.37799835,0.3811333,0.38207895,0.38659644,0.3791929,0.2686571,0.83064556,0.75469756,0.7563367,0.8086544,0.757568,0.18485478,0.16862431,0.7523025,0.86952883,0.7551436,0.7202475,0.7504245,0.41962367,0.77830637,0.8388352,0.8675777,0.8507266,0.6999743,0.80619466,0.08840978,0.67128813,0.16796422,0.11814132,0.1773665,0.17763737,0.17715201,0.86334926,0.27686572,0.9251156,0.54460514,0.54672295,0.42526138,1.0,0.84322023,0.9999219,0.709084,0.8810257,0.1775789,0.1779109,0.31557328,0.17847502,0.17750219,0.17102873,0.17758659,0.17796385,0.3164367,0.17416516,0.17499131,0.11095402,0.22747076,0.17493355,0.1777575,0.3164367,0.17614529,0.17896056,0.20151773,0.17398608,0.17601073,0.17615846,0.17818865,0.12918088,0.7918227,0.3065803,0.103726804,0.10345575,0.16362393,0.09923217,0.46989733,0.087818235,0.4263884,0.20144364
NK06053,0.40148106,0.5342287,0.39768556,0.40339798,0.63545895,0.43650475,0.8124896,0.84390396,0.40035766,0.39426225,0.398773,0.4055286,0.39748356,0.70695925,0.4052324,0.51650643,0.24997354,0.4564345,0.49112085,0.17337942,0.27252588,0.80488074,0.2760089,0.27545607,0.7452194,0.72094095,0.71092314,0.7246418,0.7265711,0.7296493,0.8003307,0.7251755,0.710522,0.40345478,0.7165369,0.71335995,0.7131279,0.7192879,0.8007932,0.7165823,0.7128203,0.72258085,0.7089069,0.70938957,0.46409073,0.45839435,0.4617354,0.4652425,0.4642715,0.54181635,0.6016376,0.51962715,0.52065307,0.59499466,0.5211845,0.20889905,0.21127522,0.7634256,0.80220425,0.76495576,0.7493372,0.7620925,0.401698,0.61508995,0.6353421,0.71192485,0.95319957,0.7785565,0.79928774,0.19074696,0.8152584,0.24612373,0.27703172,0.2795623,0.27623588,0.2755653,0.99322087,0.4123616,0.9256542,0.7773204,0.6877006,0.5395509,0.84322023,1.0,0.8446679,0.6906957,0.7326354,0.2040059,0.20486876,0.3392138,0.20584232,0.20920506,0.20624706,0.20404726,0.2084347,0.3330587,0.20207,0.20384797,0.20644295,0.32208264,0.20874435,0.2041786,0.3330587,0.20224759,0.20851642,0.18104509,0.20654997,0.20189151,0.2029098,0.20753008,0.17152295,0.8577308,0.38584,0.22094122,0.2707311,0.17663634,0.21976796,0.5219619,0.18863648,0.7245329,0.22610402
NK08181,0.41175187,0.44905457,0.4112178,0.4178354,0.64444315,0.46575624,0.8323934,0.9998976,0.4167778,0.48190874,0.4136575,0.42207843,0.41198957,0.72880405,0.4239581,0.75187546,0.44364744,0.69763315,0.7553719,0.12398824,0.14388296,0.7454945,0.20142975,0.17769724,0.8199474,0.8233385,0.873617,0.8198393,0.8666737,0.82591176,0.84010756,0.8250885,0.8703499,0.41743195,0.8802676,0.8752282,0.8739133,0.82046616,0.83826053,0.874156,0.87352765,0.82509476,0.86981046,0.8697521,0.3772303,0.380211,0.3812116,0.3857676,0.3784469,0.26895052,0.8304291,0.7546653,0.7562891,0.80856323,0.75752366,0.18297613,0.16698426,0.75351834,0.87131083,0.75637496,0.72118676,0.75164497,0.42040682,0.7783507,0.8393787,0.8690853,0.85309017,0.7027699,0.80816114,0.08732957,0.67298234,0.16778779,0.11794078,0.17777553,0.17800188,0.1775097,0.8649682,0.2757367,0.9258748,0.54442376,0.54574144,0.4244237,0.9999219,0.8446679,1.0,0.70787823,0.88005924,0.17576358,0.176114,0.31449726,0.17656559,0.17567718,0.1691418,0.17577487,0.17611328,0.31523585,0.17233083,0.17318198,0.10941252,0.22742796,0.17307854,0.17592913,0.31523585,0.1743178,0.17710656,0.19916031,0.17220151,0.17417416,0.17433256,0.17635056,0.12728187,0.7920446,0.3042819,0.10180187,0.10196558,0.16370907,0.09872797,0.4676366,0.08668551,0.42756182,0.2006172
NK10104,0.41712588,0.35765374,0.41692674,0.41618356,0.4538618,0.44078913,0.61967075,0.7097265,0.41911787,0.5425036,0.41736856,0.42210358,0.41637605,0.5064403,0.42440215,0.46004617,0.27334085,0.4412126,0.46724808,0.32597363,0.36100057,0.51301116,0.434952,0.34812003,0.59717816,0.6545161,0.58537203,0.6527621,0.5530952,0.63462317,0.54868716,0.656195,0.5843098,0.421518,0.5956331,0.58677024,0.5852691,0.6506445,0.5426374,0.5850269,0.5852149,0.6555792,0.58511037,0.5845888,0.6388899,0.64446,0.6439774,0.6468394,0.6378783,0.54135925,0.63421357,0.5666751,0.5683654,0.55734515,0.5696031,0.45225823,0.4412127,0.5413445,0.5610985,0.5428811,0.5061487,0.53821456,0.42098495,0.7017443,0.62154746,0.5836488,0.6417053,0.4713945,0.6226372,0.28590316,0.6294312,0.34351116,0.40705663,0.34684235,0.3485779,0.34850085,0.6989313,0.38509324,0.70584255,0.5540741,0.573905,0.4038539,0.709084,0.6906957,0.70787823,1.0,0.8110329,0.4454954,0.44622967,0.4965503,0.44983897,0.4470796,0.4443599,0.44544476,0.44772774,0.49740306,0.44307527,0.44371906,0.36413997,0.44488692,0.44679394,0.44492543,0.49740306,0.44480786,0.446986,0.43225265,0.44147766,0.4437262,0.44421157,0.44699833,0.31364968,0.8057517,0.60194963,0.35790384,0.36472452,0.23181224,0.2837075,0.51990426,0.28359357,0.54212266,0.44124046
V300093475_L03_86,0.39241594,0.36165243,0.3912641,0.39487037,0.5567488,0.44120184,0.75325245,0.88129973,0.39582017,0.5550512,0.39529592,0.40173882,0.39177263,0.6218027,0.40532988,0.65033686,0.3904158,0.6190304,0.6688965,0.22523475,0.24061903,0.5876201,0.2584703,0.20786425,0.7023986,0.7125441,0.7193141,0.70650005,0.74221253,0.7296601,0.6809418,0.7133161,0.71405923,0.3993593,0.7295958,0.7205005,0.7190631,0.7079692,0.67767346,0.7208595,0.71780217,0.714698,0.7139507,0.7136115,0.47732526,0.48596913,0.4850411,0.48912928,0.4768894,0.32507217,0.7989315,0.7265885,0.72917,0.73818827,0.73085064,0.34734276,0.32455644,0.64275867,0.74069667,0.6461512,0.6101029,0.63992107,0.3995599,0.8098856,0.7888211,0.71209615,0.7245221,0.53741795,0.73229504,0.16466272,0.6552753,0.20660028,0.21648112,0.2059024,0.2073954,0.2070334,0.7526492,0.30953038,0.828141,0.4826661,0.5526594,0.4183995,0.8810257,0.7326354,0.88005924,0.8110329,1.0,0.3380327,0.33792913,0.4469719,0.33943376,0.3376888,0.3293785,0.33811754,0.33900744,0.45147416,0.33427244,0.33452123,0.23918667,0.32801175,0.33293253,0.33730286,0.45147416,0.33663025,0.33924586,0.33822197,0.33155084,0.336643,0.33662346,0.33879694,0.23206875,0.84304863,0.4829471,0.21781233,0.19757292,0.19402757,0.12508687,0.53096163,0.16686723,0.41596618,0.32701063
19101412,0.36528718,0.2791999,0.36585987,0.35995066,0.16262525,0.32704714,0.16808614,0.17768541,0.36343735,0.46131316,0.3670091,0.35750693,0.36555398,0.113729715,0.36155117,0.22291344,0.5640674,0.31041372,0.24981296,0.87630236,0.89077735,0.09446633,0.62198627,0.6090464,0.13355213,0.13581681,0.09632242,0.13230062,0.14409879,0.17378718,0.07940939,0.13342568,0.09525862,0.3644971,0.10074958,0.09620291,0.0973112,0.13575932,0.07915133,0.095097125,0.0955469,0.1353929,0.09874725,0.09850347,0.5469563,0.553,0.5503599,0.5469849,0.54424584,0.60290027,0.25650072,0.2774437,0.2774574,0.21137333,0.2781304,0.99935937,0.9982722,0.17994648,0.12975675,0.17889327,0.19211575,0.17907912,0.3615595,0.31101543,0.2150613,0.09436658,0.14192122,0.12467188,0.16981408,0.86267465,0.24205989,0.6402533,0.7243242,0.6055743,0.60840714,0.6088033,0.18819332,0.79708,0.17060792,0.45291075,0.54627836,0.5632824,0.1775789,0.2040059,0.17576358,0.4454954,0.3380327,1.0,0.99991894,0.9299277,0.9991907,0.9995432,0.9985591,0.99999595,0.9994205,0.932209,0.9998572,0.99990153,0.9654522,0.8566539,0.9991964,0.9999067,0.932209,0.99993694,0.99951196,0.96397257,0.9993444,0.99994123,0.9999497,0.99954796,0.89928776,0.33889169,0.7930238,0.9069082,0.85026646,0.74339044,0.71742004,0.6136545,0.86236334,0.4627759,0.95448744
19102703,0.3658905,0.27967128,0.36640877,0.3605231,0.16307023,0.32762772,0.16815272,0.17801279,0.36399752,0.46183327,0.36755133,0.35806552,0.36608797,0.11408585,0.36208183,0.22244817,0.5636329,0.30943698,0.24877045,0.8761231,0.8906268,0.09440306,0.6213961,0.6083934,0.13321954,0.13547549,0.096034974,0.13199401,0.14383566,0.17362896,0.07937804,0.13309187,0.09501192,0.36503074,0.10060188,0.095942765,0.09701198,0.13538024,0.07911724,0.0948455,0.09530312,0.13502741,0.09855628,0.098312825,0.54730237,0.5533416,0.5507175,0.5473027,0.5445522,0.6039125,0.25543442,0.2761625,0.27618045,0.21097696,0.27685213,0.9992937,0.99830884,0.18055171,0.12977341,0.17949778,0.19274235,0.17969501,0.36212558,0.31004232,0.2143276,0.09411031,0.14236233,0.12470439,0.16944996,0.8623742,0.24175215,0.63953644,0.7237389,0.6048938,0.6077286,0.6081159,0.18886173,0.7969937,0.17132547,0.45426068,0.5464312,0.56378156,0.1779109,0.20486876,0.176114,0.44622967,0.33792913,0.99991894,1.0,0.93029815,0.999153,0.99945897,0.9985502,0.9999118,0.9993707,0.93239844,0.9997587,0.99985206,0.96566224,0.85702574,0.99911416,0.9998833,0.93239844,0.9998779,0.9994215,0.9637946,0.99928206,0.9998447,0.9998585,0.99943966,0.8991389,0.34024233,0.7937224,0.907304,0.8508183,0.7422996,0.71774614,0.61285114,0.86214465,0.4642046,0.9542498
IM_19110207_result,0.28215316,0.27261662,0.28009588,0.2772915,0.2389924,0.26611793,0.28274,0.31599337,0.27973545,0.41245508,0.28263867,0.27832213,0.27969784,0.21867904,0.2803864,0.28114927,0.55547684,0.32141846,0.27703214,0.7604501,0.8138006,0.20741919,0.48752615,0.42714682,0.22295603,0.19109961,0.17846966,0.18762863,0.304662,0.27728873,0.20346731,0.19098231,0.1760673,0.2818111,0.19123897,0.17995337,0.17970482,0.1892454,0.20232752,0.1805506,0.17884275,0.1919004,0.18105626,0.1806885,0.45092613,0.45711765,0.45550388,0.4521583,0.44851342,0.51629657,0.3351336,0.3046041,0.3053205,0.2735783,0.30675805,0.9318624,0.9287179,0.25217628,0.31573424,0.25287166,0.27587122,0.25058302,0.27885365,0.36495847,0.29245377,0.17467028,0.31182075,0.23106939,0.3119344,0.73198706,0.3271418,0.45327955,0.546436,0.4249886,0.42720318,0.42717698,0.3332492,0.81889486,0.32446545,0.47117797,0.55136657,0.60935193,0.31557328,0.3392138,0.31449726,0.4965503,0.4469719,0.9299277,0.93029815,1.0,0.9288459,0.93063295,0.926259,0.9298953,0.930159,0.9995471,0.928326,0.92885566,0.87254524,0.86660266,0.9287659,0.9303751,0.9995471,0.9287884,0.93024683,0.8897754,0.928447,0.92874527,0.92916226,0.93028235,0.77928627,0.4762326,0.7033955,0.7997534,0.73006064,0.6280489,0.55101204,0.6294918,0.7351666,0.48523244,0.90261185
IM_20010403_result,0.36819062,0.27898565,0.3688042,0.36289525,0.16354972,0.3304124,0.16637662,0.17861149,0.3664258,0.4660374,0.36992866,0.3608246,0.36847925,0.114246726,0.3646438,0.21856883,0.55807,0.3078898,0.24742812,0.8748118,0.8912363,0.094136685,0.6228626,0.61050117,0.13179982,0.13587114,0.095234126,0.13226938,0.14250028,0.17402211,0.0767656,0.13336802,0.09416145,0.36748958,0.09986049,0.09514448,0.096251875,0.13571489,0.076860726,0.09391007,0.0944826,0.13551563,0.0975166,0.09727073,0.55349386,0.559656,0.5568923,0.55358636,0.5508553,0.60814047,0.25484717,0.2743613,0.27443677,0.2092768,0.2751013,0.9995378,0.9980315,0.17879301,0.12942436,0.17766583,0.19055739,0.17779797,0.36459064,0.30927962,0.21250543,0.09336522,0.14188755,0.12402633,0.16821718,0.8605968,0.24009767,0.6414912,0.7264768,0.60684955,0.6097975,0.6101348,0.18985951,0.7967434,0.17240676,0.4550935,0.5479013,0.5661454,0.17847502,0.20584232,0.17656559,0.44983897,0.33943376,0.9991907,0.999153,0.9288459,1.0,0.99952304,0.9990231,0.9991797,0.9995599,0.9313085,0.99921656,0.999179,0.9658117,0.85740286,0.99911463,0.9991623,0.9313085,0.99918723,0.9995432,0.96340406,0.99922186,0.99914396,0.9991542,0.9994729,0.8981272,0.34313726,0.7957515,0.9077059,0.85141623,0.7422083,0.71688884,0.61472183,0.8602036,0.46300843,0.95499414
20010715,0.36592537,0.28079936,0.36633065,0.36048496,0.16455954,0.32797757,0.16820648,0.17767024,0.36390424,0.4621253,0.36752456,0.35818574,0.3660148,0.1154407,0.36229292,0.21687788,0.5577985,0.3063162,0.2450802,0.8745018,0.89099216,0.09659922,0.6226376,0.60973054,0.13270006,0.13488063,0.093875825,0.1313419,0.14260936,0.17324725,0.07931033,0.13235477,0.09283987,0.36528778,0.09837815,0.093786836,0.09492299,0.13473755,0.079203516,0.09262678,0.09317842,0.13449553,0.096209735,0.095973045,0.5505784,0.55646294,0.5538248,0.5505451,0.5479339,0.60839057,0.252531,0.27200866,0.27206942,0.20662335,0.27274477,0.9996463,0.9986304,0.17847058,0.13065478,0.17738757,0.19139397,0.17754683,0.36202872,0.30887747,0.21182314,0.092063695,0.14611688,0.12655339,0.17101267,0.86203396,0.24271557,0.6400771,0.7265652,0.60634494,0.6090838,0.6094625,0.19325557,0.79900265,0.1735448,0.4576789,0.5498303,0.56755924,0.17750219,0.20920506,0.17567718,0.4470796,0.3376888,0.9995432,0.99945897,0.93063295,0.99952304,1.0,0.9989909,0.9995456,0.9997318,0.932904,0.99961436,0.9995624,0.9664384,0.85942584,0.9993831,0.9994681,0.932904,0.9994956,0.99989676,0.9629518,0.99959993,0.9994851,0.9995178,0.99990934,0.89803064,0.34307522,0.793609,0.90744305,0.85186577,0.74330187,0.7177788,0.6146596,0.86178917,0.46597385,0.95616746
19120508,0.3689423,0.28494275,0.36947685,0.36358026,0.16382971,0.3297246,0.16437373,0.17121246,0.36676455,0.46330088,0.370431,0.3611732,0.36910295,0.11271247,0.36462134,0.2132706,0.55652374,0.3044281,0.24300015,0.8791886,0.89505565,0.09570587,0.6273217,0.6171886,0.12902093,0.13250029,0.09030095,0.12899226,0.13843375,0.16974437,0.075921774,0.12983245,0.089381486,0.36777776,0.09434095,0.0902648,0.091369,0.13238141,0.07605451,0.0888741,0.08961418,0.13203248,0.09269151,0.0924401,0.5540317,0.5598052,0.5571269,0.553767,0.55149996,0.61414325,0.248213,0.26841345,0.26840937,0.20471612,0.2689985,0.9985719,0.9984871,0.17945015,0.1258421,0.1782541,0.1922912,0.17855954,0.36478338,0.30234605,0.20554742,0.088437766,0.14214614,0.12660778,0.16594964,0.8669018,0.24072033,0.64801,0.73393595,0.61382765,0.6165345,0.6168819,0.18916038,0.79902685,0.16936266,0.4611319,0.55116403,0.5718568,0.17102873,0.20624706,0.1691418,0.4443599,0.3293785,0.9985591,0.9985502,0.926259,0.9990231,0.9989909,1.0,0.99854565,0.99937594,0.9284158,0.99872595,0.99877536,0.9686688,0.8632769,0.998865,0.99862754,0.9284158,0.9986098,0.99893993,0.9641421,0.9989073,0.99858385,0.9985625,0.9989102,0.90239215,0.33874127,0.797299,0.9124149,0.8584335,0.74463737,0.72598106,0.61561686,0.86662483,0.47227716,0.9532025
IM_20030103_result,0.36527848,0.2790395,0.36584622,0.3599382,0.16265947,0.3270318,0.16787222,0.17769244,0.36342847,0.46125525,0.36699295,0.35747066,0.36554205,0.11373916,0.36156178,0.22283801,0.5640698,0.31029683,0.24976102,0.8763771,0.89072984,0.09452012,0.6219092,0.60911745,0.13358721,0.13582993,0.096384615,0.13231209,0.1440633,0.17376027,0.07947889,0.13343129,0.09530988,0.36450064,0.10078129,0.09626225,0.097376645,0.1357688,0.07922065,0.09515393,0.09560108,0.1354053,0.09879759,0.09855524,0.54713356,0.5531662,0.55053735,0.54716533,0.5444431,0.6030676,0.25649765,0.27743834,0.27745527,0.21128818,0.2781269,0.9993629,0.99826205,0.17992672,0.12967893,0.17886978,0.19207904,0.1790554,0.3615489,0.3112697,0.21529442,0.0944241,0.14193016,0.12474361,0.16989121,0.8625351,0.24233955,0.64027655,0.72435665,0.6056497,0.60847735,0.60887325,0.18825087,0.79691625,0.17058977,0.45280066,0.54622394,0.5630396,0.17758659,0.20404726,0.17577487,0.44544476,0.33811754,0.99999595,0.9999118,0.9298953,0.9991797,0.9995456,0.99854565,1.0,0.9994192,0.9321805,0.99985224,0.9998969,0.9654089,0.8566763,0.99921143,0.99990004,0.9321805,0.9999349,0.99951375,0.9639696,0.9993428,0.9999393,0.99995077,0.9995475,0.89920664,0.3389228,0.7931034,0.9068279,0.85020584,0.743398,0.7174357,0.61356664,0.8622372,0.46291804,0.9544608
20040104_1,0.3656938,0.27924198,0.36620817,0.36032847,0.16390014,0.32762584,0.1680359,0.17812547,0.36376455,0.46416047,0.367369,0.35801715,0.36588264,0.11421487,0.36209095,0.2162464,0.5583748,0.3064409,0.24583367,0.87595344,0.8922008,0.09481031,0.622997,0.60982805,0.13156614,0.13384047,0.093286455,0.13017014,0.14342996,0.17352697,0.077709615,0.13126335,0.09217358,0.36505637,0.097685754,0.09321511,0.09430894,0.1336529,0.07767984,0.092004895,0.0925253,0.13344297,0.09551641,0.09528151,0.55002874,0.55613816,0.5533641,0.5500825,0.54741025,0.6071117,0.25310117,0.27205518,0.2721327,0.2076014,0.272803,0.9996287,0.9983574,0.1784532,0.13035738,0.17736438,0.1911022,0.17749822,0.36190397,0.30832553,0.21151799,0.09134114,0.14497879,0.124540925,0.16935068,0.8626143,0.24339533,0.6405661,0.7266459,0.60635346,0.6091518,0.60949814,0.19221157,0.7981222,0.17413038,0.45699024,0.5516673,0.5703436,0.17796385,0.2084347,0.17611328,0.44772774,0.33900744,0.9994205,0.9993707,0.930159,0.9995599,0.9997318,0.99937594,0.9994192,1.0,0.9325431,0.9994504,0.9994445,0.9664712,0.85950255,0.9992465,0.99939454,0.9325431,0.99939215,0.99974227,0.9644066,0.9994769,0.99939764,0.9993898,0.99972916,0.8995103,0.34380615,0.79645795,0.90828514,0.8522036,0.743965,0.7179038,0.6171777,0.8624357,0.46676177,0.95497495
IM_20050511_result,0.28239292,0.2672423,0.28071964,0.27776664,0.23555031,0.26705658,0.27965376,0.31684756,0.2803436,0.41807297,0.2833522,0.27899086,0.2803792,0.21500528,0.28123876,0.281788,0.5577349,0.3243935,0.28102568,0.7625412,0.8154288,0.2002371,0.49147832,0.4281512,0.2222378,0.19242042,0.17895082,0.18846995,0.30358234,0.27902132,0.19825676,0.1920301,0.17630973,0.28258175,0.19155276,0.18032661,0.18010628,0.19055372,0.19710979,0.18078917,0.17912385,0.19321656,0.18114868,0.18077412,0.45285916,0.45949876,0.4576843,0.4544597,0.4504708,0.5121555,0.33875233,0.30894256,0.30971223,0.27577755,0.31116652,0.9345143,0.93050325,0.24729413,0.3121321,0.24799946,0.27010393,0.24566373,0.27951404,0.36899292,0.29489535,0.17494759,0.3055499,0.22306934,0.30831835,0.7330172,0.32394332,0.45516357,0.54790676,0.42582,0.42821884,0.42819163,0.32776895,0.8163741,0.32204977,0.46453786,0.5509532,0.6072346,0.3164367,0.3330587,0.31523585,0.49740306,0.45147416,0.932209,0.93239844,0.9995471,0.9313085,0.932904,0.9284158,0.9321805,0.9325431,1.0,0.9306874,0.9310913,0.8735959,0.8626845,0.9310813,0.9326131,0.99999976,0.9311252,0.93265724,0.8937486,0.9307133,0.9311422,0.931488,0.9327024,0.7826045,0.4738595,0.7058811,0.8010376,0.7289388,0.63226295,0.5499912,0.634018,0.7361979,0.47574967,0.90423846
V350011903_L01_115,0.36834222,0.28174567,0.36897597,0.3629929,0.1640583,0.32972217,0.16633934,0.17428961,0.36648843,0.46233064,0.37011033,0.36061582,0.3686744,0.11404133,0.3645822,0.2216351,0.5636379,0.3098163,0.24879465,0.876989,0.8916067,0.094926864,0.6260377,0.61230594,0.1322855,0.13527149,0.09494394,0.13166228,0.142329,0.17277962,0.07835853,0.13269627,0.093976855,0.36763105,0.099225104,0.09479508,0.09586871,0.13519362,0.07804611,0.09356451,0.09422016,0.13479972,0.097394794,0.09715131,0.5492334,0.5551792,0.55250466,0.54914176,0.54653144,0.6053859,0.25381193,0.27564597,0.2756514,0.20928696,0.27629876,0.9992876,0.998523,0.17793095,0.12778029,0.17686537,0.1911687,0.17714652,0.3645767,0.3101379,0.21375284,0.0931412,0.14007512,0.12481058,0.1690951,0.8645493,0.23975945,0.6433476,0.72768766,0.6089114,0.6117131,0.6121156,0.18626052,0.79678917,0.16838157,0.45321,0.54575354,0.5648568,0.17416516,0.20207,0.17233083,0.44307527,0.33427244,0.9998572,0.9997587,0.928326,0.99921656,0.99961436,0.99872595,0.99985224,0.9994504,0.9306874,1.0,0.99987143,0.9667015,0.8569788,0.9993007,0.9998168,0.9306874,0.99990594,0.9995576,0.963864,0.99948573,0.9999055,0.99988604,0.99965626,0.8999703,0.33627588,0.7931542,0.9085263,0.8525454,0.74649936,0.72132605,0.61295164,0.8642825,0.46239066,0.9557085
20052815,0.36802262,0.28249282,0.36853492,0.36264807,0.16376042,0.32939816,0.1660344,0.17509058,0.36606306,0.46192995,0.36964297,0.36007994,0.36822623,0.11420539,0.36408016,0.22054127,0.5621498,0.30832005,0.2473943,0.8766693,0.8909979,0.0943732,0.6238647,0.6123876,0.13304478,0.13553834,0.09520638,0.13203147,0.14174971,0.1726127,0.0795401,0.13301978,0.09420496,0.36706638,0.09950516,0.095093995,0.09620157,0.13542646,0.07930112,0.09395105,0.094465375,0.1350699,0.09771192,0.09748125,0.54933393,0.5552083,0.55261517,0.5492499,0.54666847,0.60658133,0.25287575,0.27451354,0.27451146,0.20854989,0.2751613,0.99923956,0.9985955,0.1788347,0.12740442,0.17779014,0.19122094,0.17804149,0.36415172,0.31020394,0.2138204,0.09335458,0.14142454,0.12499195,0.16851982,0.8638799,0.24137494,0.64330566,0.7276138,0.6089964,0.6117476,0.61215234,0.18780372,0.7963661,0.1686447,0.45433176,0.54616064,0.56363124,0.17499131,0.20384797,0.17318198,0.44371906,0.33452123,0.99990153,0.99985206,0.92885566,0.999179,0.9995624,0.99877536,0.9998969,0.9994445,0.9310913,0.99987143,1.0,0.9665129,0.8578453,0.99925196,0.99989223,0.9310913,0.9998988,0.9995235,0.96341014,0.99944663,0.99989325,0.9999031,0.9995571,0.89979297,0.33794636,0.79323673,0.9081234,0.8525214,0.7444271,0.72067106,0.6121869,0.8636105,0.46442837,0.95513725
V350011900_L03_100,0.43064752,0.3563604,0.43140405,0.42516726,0.20154986,0.38589,0.13371587,0.1112414,0.42803672,0.47966293,0.43242458,0.42361903,0.43101212,0.13743952,0.42489862,0.16547152,0.5759328,0.25576937,0.18943825,0.9295553,0.93011755,0.11120525,0.67803335,0.67383814,0.10501328,0.10054794,0.058887184,0.09934965,0.10763511,0.15283495,0.0645895,0.098833054,0.058710605,0.4293781,0.06032431,0.05833125,0.059068978,0.10224858,0.06785318,0.058531284,0.058487594,0.09964144,0.060460806,0.060441703,0.56295305,0.5674871,0.5639088,0.5594535,0.560184,0.6769233,0.16351444,0.19016823,0.18988219,0.15264007,0.19008091,0.9637227,0.9679358,0.1839056,0.11170864,0.18193817,0.21160555,0.184064,0.42525238,0.20072865,0.12305537,0.059655756,0.1432367,0.15663561,0.12669715,0.93708456,0.25325388,0.6999749,0.7855681,0.6705783,0.6724279,0.67273766,0.18572062,0.82615644,0.14546105,0.50508934,0.56769866,0.6194989,0.11095402,0.20644295,0.10941252,0.36413997,0.23918667,0.9654522,0.96566224,0.87254524,0.9658117,0.9664384,0.9686688,0.9654089,0.9664712,0.8735959,0.9667015,0.9665129,1.0,0.8295177,0.9676073,0.96574336,0.8735959,0.96590316,0.9661758,0.93038446,0.96811056,0.96596575,0.96583116,0.96647114,0.95262027,0.3051495,0.79384404,0.97488105,0.9347695,0.8071898,0.7925277,0.61410743,0.9357114,0.5444139,0.91057444
V300073501_L04_85,0.39956245,0.42761028,0.39420742,0.3925578,0.34419382,0.36818427,0.30298698,0.2279127,0.3926676,0.43446925,0.39367265,0.3886354,0.3932848,0.28986463,0.38988376,0.2895475,0.52432513,0.3261447,0.28611037,0.7301591,0.7863766,0.29298118,0.555066,0.5637554,0.24467331,0.20459339,0.18880707,0.2066735,0.2690033,0.24394315,0.25670156,0.20515236,0.18919244,0.3929591,0.19334564,0.18986472,0.190685,0.20364213,0.25850022,0.19191548,0.19024953,0.20413673,0.19294909,0.19239843,0.53139496,0.52911305,0.5303336,0.5269039,0.5297461,0.6063341,0.28897107,0.28881618,0.2883106,0.21005571,0.28848392,0.8550995,0.8647982,0.21399996,0.28199828,0.21335387,0.25210303,0.21291593,0.39096487,0.3396485,0.280772,0.18772826,0.31839877,0.3027477,0.33017635,0.74437773,0.36365306,0.57573116,0.6465945,0.56413996,0.56382084,0.56385005,0.30879307,0.75414187,0.27687216,0.51161903,0.53084123,0.62791073,0.22747076,0.32208264,0.22742796,0.44488692,0.32801175,0.8566539,0.85702574,0.86660266,0.85740286,0.85942584,0.8632769,0.8566763,0.85950255,0.8626845,0.8569788,0.8578453,0.8295177,1.0,0.8589649,0.85700095,0.8626845,0.85618854,0.8579936,0.8321499,0.8602524,0.8560531,0.8565991,0.85761786,0.75234306,0.40344882,0.68300474,0.7672682,0.737803,0.65535134,0.6874537,0.56101006,0.7518102,0.521341,0.8509401
V350037201_L03_14,0.36600095,0.27980015,0.36667055,0.36076483,0.16158965,0.32758737,0.16552195,0.17511651,0.3641578,0.4593349,0.36769202,0.35835403,0.3663333,0.11232114,0.36233604,0.21509022,0.558617,0.30328965,0.24327582,0.87760806,0.893995,0.09683627,0.6239662,0.613849,0.13071302,0.13391572,0.09296882,0.13045326,0.13953182,0.1709477,0.07714653,0.13141373,0.091941565,0.36544535,0.09733474,0.09288153,0.09399581,0.13394427,0.07744765,0.09165287,0.092202246,0.13344333,0.095283896,0.09505826,0.5529035,0.5587774,0.5561161,0.55285645,0.5504243,0.6123606,0.2507525,0.27065927,0.27066952,0.2039026,0.27129346,0.9990438,0.99835896,0.17752385,0.12737593,0.17632458,0.18956861,0.1765874,0.3621488,0.30681044,0.21022248,0.09134272,0.14369896,0.12773949,0.17004445,0.86443,0.24332991,0.64470184,0.7299539,0.6104903,0.6132539,0.61360717,0.19255114,0.79985046,0.17171663,0.46027857,0.5502413,0.5662131,0.17493355,0.20874435,0.17307854,0.44679394,0.33293253,0.9991964,0.99911416,0.9287659,0.99911463,0.9993831,0.998865,0.99921143,0.9992465,0.9310813,0.9993007,0.99925196,0.9676073,0.8589649,1.0,0.99916565,0.9310813,0.999249,0.9993619,0.9636137,0.99951315,0.99917805,0.9992052,0.99933016,0.8998765,0.3401098,0.79540014,0.9104892,0.85456204,0.74389887,0.72144574,0.6150491,0.8641193,0.47053397,0.9549713
NK10183,0.3656689,0.28035215,0.36627078,0.36041403,0.16355565,0.32751733,0.16796431,0.17785135,0.3638476,0.46183592,0.3674047,0.35797933,0.36596492,0.11435479,0.36197966,0.22261703,0.5648391,0.31055844,0.24974763,0.87590194,0.89053243,0.094845295,0.62142724,0.60803926,0.13395432,0.1360169,0.09640026,0.1324482,0.14479342,0.17477077,0.07981956,0.1335645,0.0953424,0.36488712,0.10089201,0.09631154,0.097393185,0.13589457,0.07950497,0.095118254,0.09566018,0.1355567,0.09888911,0.09865415,0.5457159,0.55177116,0.54910624,0.54573613,0.5430422,0.6023159,0.2557897,0.27638406,0.2763916,0.2115736,0.27707553,0.9993016,0.99833226,0.1805025,0.13038507,0.17947376,0.19277054,0.17966348,0.36197722,0.31070042,0.2149036,0.094451636,0.14219573,0.12476072,0.17008093,0.86250985,0.2414563,0.63931715,0.7234745,0.6045502,0.6073679,0.60775596,0.18822256,0.7968305,0.17081198,0.45232,0.5451707,0.56432116,0.1777575,0.2041786,0.17592913,0.44492543,0.33730286,0.9999067,0.9998833,0.9303751,0.9991623,0.9994681,0.99862754,0.99990004,0.99939454,0.9326131,0.9998168,0.99989223,0.96574336,0.85700095,0.99916565,1.0,0.9326131,0.99988115,0.99944115,0.96416247,0.99935156,0.9998795,0.9998784,0.99950004,0.89930546,0.33922458,0.79190946,0.90731,0.8504981,0.74328023,0.717126,0.6129924,0.86226076,0.46267575,0.95474446
NK10262,0.28239292,0.2672423,0.28071964,0.27776664,0.23555031,0.26705658,0.27965376,0.31684756,0.2803436,0.41807297,0.2833522,0.27899086,0.2803792,0.21500528,0.28123876,0.281788,0.5577349,0.3243935,0.28102568,0.7625412,0.8154288,0.2002371,0.49147832,0.4281512,0.2222378,0.19242042,0.17895082,0.18846995,0.30358234,0.27902132,0.19825676,0.1920301,0.17630973,0.28258175,0.19155276,0.18032661,0.18010628,0.19055372,0.19710979,0.18078917,0.17912385,0.19321656,0.18114868,0.18077412,0.45285916,0.45949876,0.4576843,0.4544597,0.4504708,0.5121555,0.33875233,0.30894256,0.30971223,0.27577755,0.31116652,0.9345143,0.93050325,0.24729413,0.3121321,0.24799946,0.27010393,0.24566373,0.27951404,0.36899292,0.29489535,0.17494759,0.3055499,0.22306934,0.30831835,0.7330172,0.32394332,0.45516357,0.54790676,0.42582,0.42821884,0.42819163,0.32776895,0.8163741,0.32204977,0.46453786,0.5509532,0.6072346,0.3164367,0.3330587,0.31523585,0.49740306,0.45147416,0.932209,0.93239844,0.9995471,0.9313085,0.932904,0.9284158,0.9321805,0.9325431,0.99999976,0.9306874,0.9310913,0.8735959,0.8626845,0.9310813,0.9326131,1.0,0.9311252,0.93265724,0.8937486,0.9307133,0.9311422,0.931488,0.9327024,0.7826045,0.4738595,0.7058811,0.8010376,0.7289388,0.63226295,0.5499912,0.634018,0.7361979,0.47574967,0.90423846
NK10095,0.3672903,0.27994958,0.36787695,0.36192378,0.1627151,0.32882512,0.1660034,0.17625886,0.36544728,0.46235728,0.36901233,0.35947877,0.3675726,0.113396406,0.36348936,0.22273713,0.56409985,0.30990946,0.24929264,0.87688994,0.8909427,0.09353432,0.624106,0.6111538,0.13302046,0.1361745,0.09619492,0.13258618,0.1427522,0.17387062,0.0785014,0.13366374,0.09518713,0.36647922,0.100601315,0.09605989,0.097129345,0.13608265,0.07824862,0.09492928,0.095431715,0.13569096,0.098689765,0.09844041,0.54875624,0.55476964,0.5521406,0.5487563,0.546057,0.6043341,0.2552824,0.27676928,0.27678207,0.21050224,0.27743518,0.9992938,0.9983307,0.17878994,0.12791169,0.17773455,0.19135639,0.17796904,0.3635406,0.31150496,0.21522617,0.09433782,0.13998449,0.123922884,0.16844776,0.86317044,0.24058878,0.6424645,0.7262351,0.60769874,0.61053467,0.6109361,0.18645573,0.79574347,0.16892022,0.45243967,0.54574794,0.562865,0.17614529,0.20224759,0.1743178,0.44480786,0.33663025,0.99993694,0.9998779,0.9287884,0.99918723,0.9994956,0.9986098,0.9999349,0.99939215,0.9311252,0.99990594,0.9998988,0.96590316,0.85618854,0.999249,0.99988115,0.9311252,1.0,0.9994765,0.9640913,0.9993395,0.99994457,0.9999336,0.9995173,0.89966,0.33761156,0.7939061,0.9078587,0.8513993,0.7442023,0.719441,0.6132674,0.8628859,0.4624436,0.95479983
V350037201_L02_126,0.3653348,0.27862495,0.3658576,0.35995284,0.16402048,0.32762873,0.16738999,0.1791051,0.3634565,0.46321976,0.3670409,0.35772339,0.365565,0.11458677,0.3618158,0.21758711,0.55941695,0.3079551,0.24709123,0.87473285,0.89114547,0.09501219,0.62199825,0.6091636,0.13279629,0.13498232,0.09493399,0.13137469,0.14349675,0.1736564,0.07902917,0.13244835,0.09379691,0.3647629,0.0993633,0.09482443,0.09597945,0.13491061,0.078927994,0.09373951,0.09417704,0.13461569,0.097102284,0.09688458,0.5504521,0.55654025,0.5538007,0.5505223,0.5479093,0.6068671,0.25386024,0.27341098,0.27349928,0.20769835,0.27418,0.99971414,0.9983102,0.17800432,0.13081113,0.17691028,0.19027776,0.17706609,0.36159265,0.31021446,0.21349543,0.09302127,0.14529249,0.12506935,0.16949314,0.861527,0.24245235,0.6397123,0.7253902,0.60571766,0.6084715,0.60884047,0.19265491,0.7985252,0.17400774,0.456209,0.5502899,0.5675696,0.17896056,0.20851642,0.17710656,0.446986,0.33924586,0.99951196,0.9994215,0.93024683,0.9995432,0.99989676,0.99893993,0.99951375,0.99974227,0.93265724,0.9995576,0.9995235,0.9661758,0.8579936,0.9993619,0.99944115,0.93265724,0.9994765,1.0,0.96372426,0.9995704,0.9994843,0.9995044,0.9998865,0.8985388,0.34236598,0.7935436,0.9070218,0.85088056,0.7438835,0.7166662,0.6160174,0.8613372,0.46372938,0.9557507
V350037201_L02_63,0.34987885,0.26832983,0.35225236,0.34673786,0.17400163,0.3159539,0.1785799,0.20138198,0.34965277,0.47878817,0.35345083,0.34451452,0.3521927,0.116591185,0.34813756,0.26313555,0.6329327,0.36494416,0.31527603,0.86455834,0.88394856,0.097684324,0.6369898,0.58486944,0.16315901,0.16929871,0.13872236,0.16396648,0.19281346,0.22344795,0.086000115,0.16617745,0.13732722,0.35111064,0.14179811,0.13844642,0.13970503,0.17015934,0.086271524,0.13636187,0.13731661,0.16841567,0.14051235,0.14015731,0.51706743,0.52455086,0.52172947,0.518429,0.51566064,0.5391681,0.3035186,0.31816244,0.3180862,0.26388568,0.31877226,0.9641169,0.9585116,0.18816057,0.15344909,0.18684182,0.19909215,0.18698823,0.34774336,0.32983285,0.24637339,0.13556239,0.13275859,0.13424867,0.17264763,0.8558891,0.23804966,0.62437975,0.68867016,0.5810837,0.5842834,0.58478165,0.1648139,0.7662835,0.18390742,0.41910946,0.545386,0.5980204,0.20151773,0.18104509,0.19916031,0.43225265,0.33822197,0.96397257,0.9637946,0.8897754,0.96340406,0.9629518,0.9641421,0.9639696,0.9644066,0.8937486,0.963864,0.96341014,0.93038446,0.8321499,0.9636137,0.96416247,0.8937486,0.9640913,0.96372426,1.0,0.9634101,0.96446323,0.963873,0.9636338,0.906523,0.29846233,0.7659991,0.887347,0.8147664,0.76388395,0.7243563,0.64422673,0.85708755,0.40858614,0.9180317
NK04252,0.37072507,0.28471798,0.37126136,0.36551213,0.16607893,0.33215454,0.16796783,0.17412648,0.3687921,0.46422535,0.3723258,0.3629077,0.3709501,0.1159426,0.3671137,0.21629435,0.56084394,0.30575433,0.24528277,0.87585354,0.8923311,0.0969041,0.6245023,0.6140599,0.1326817,0.1333512,0.0935224,0.12988737,0.14101914,0.17104608,0.07876232,0.1308147,0.09252384,0.3701576,0.097784966,0.093418926,0.09450936,0.13331029,0.07900834,0.092269,0.09283614,0.13286361,0.095859766,0.095636874,0.5494848,0.55531704,0.5525879,0.54938287,0.5467895,0.6086947,0.24959785,0.27012926,0.27012467,0.20387736,0.27078635,0.9992223,0.9985508,0.17592597,0.12808073,0.17479175,0.18831745,0.17506737,0.36687636,0.3050058,0.20987919,0.09183174,0.1435827,0.12613368,0.16825923,0.8649466,0.24193594,0.6446056,0.7289893,0.6106352,0.6133603,0.6137152,0.19021648,0.79763323,0.17043,0.457488,0.5488964,0.56885254,0.17398608,0.20654997,0.17220151,0.44147766,0.33155084,0.9993444,0.99928206,0.928447,0.99922186,0.99959993,0.9989073,0.9993428,0.9994769,0.9307133,0.99948573,0.99944663,0.96811056,0.8602524,0.99951315,0.99935156,0.9307133,0.9993395,0.9995704,0.9634101,1.0,0.99933916,0.9993309,0.9995988,0.9005976,0.33824223,0.7929696,0.90913415,0.8533517,0.74778056,0.72298646,0.6129849,0.86508906,0.4650681,0.9562423
NK06250,0.3673611,0.28012687,0.36802685,0.36207312,0.16342896,0.32899454,0.16661337,0.17610788,0.3655739,0.4628809,0.36919034,0.35962266,0.36773902,0.11358243,0.36366618,0.22293499,0.56502837,0.31061253,0.2501855,0.8772869,0.891263,0.09355965,0.62429833,0.6110182,0.13306716,0.13566428,0.0959771,0.13206628,0.14344984,0.17371085,0.078342736,0.13317662,0.09493095,0.36664295,0.10026938,0.09583253,0.09691954,0.13562563,0.07805011,0.09469557,0.09519771,0.13520807,0.09836805,0.09812814,0.5476938,0.5537607,0.55107635,0.54769814,0.545031,0.60296464,0.25555003,0.2772097,0.27722186,0.21112552,0.27788097,0.9992888,0.9982315,0.1786513,0.12823641,0.1775946,0.19119713,0.17782268,0.3636784,0.31118423,0.21506721,0.09404561,0.13995448,0.1236352,0.16879454,0.8638091,0.24122107,0.6423278,0.7260717,0.60754985,0.6103851,0.61078453,0.18605462,0.796021,0.16908291,0.4516747,0.54551613,0.5635108,0.17601073,0.20189151,0.17417416,0.4437262,0.336643,0.99994123,0.9998447,0.92874527,0.99914396,0.9994851,0.99858385,0.9999393,0.99939764,0.9311422,0.9999055,0.99989325,0.96596575,0.8560531,0.99917805,0.9998795,0.9311422,0.99994457,0.9994843,0.96446323,0.99933916,1.0,0.9999759,0.99955297,0.9002191,0.33669055,0.79330325,0.90783787,0.85115945,0.74540865,0.71952254,0.6134585,0.863538,0.46167603,0.95457625
NK06310,0.36675796,0.2803867,0.36735415,0.36141962,0.16337869,0.32833844,0.16685107,0.17625365,0.36492288,0.46157014,0.36850885,0.35893917,0.36705935,0.113778144,0.3630244,0.2226907,0.56420904,0.31007126,0.24949256,0.8771639,0.8909017,0.0944033,0.6233034,0.610788,0.13313392,0.13550696,0.095866114,0.13197374,0.14334458,0.17317593,0.07895872,0.1330503,0.094828755,0.3659867,0.10014534,0.09573758,0.0968436,0.1354672,0.07867634,0.09461543,0.0950979,0.13508138,0.098273516,0.09803814,0.5480251,0.55402285,0.55138814,0.5480006,0.54540557,0.6037563,0.25535747,0.2769822,0.27699986,0.21073681,0.27765596,0.9992901,0.9982877,0.17902824,0.12861693,0.1779812,0.19171587,0.17819205,0.36303586,0.31126952,0.21509153,0.09394145,0.14088657,0.124687195,0.16954565,0.8634765,0.24169809,0.6418889,0.725898,0.6073481,0.61015284,0.6105534,0.1870791,0.7965049,0.16941503,0.45247632,0.5454458,0.56312907,0.17615846,0.2029098,0.17433256,0.44421157,0.33662346,0.9999497,0.9998585,0.92916226,0.9991542,0.9995178,0.9985625,0.99995077,0.9993898,0.931488,0.99988604,0.9999031,0.96583116,0.8565991,0.9992052,0.9998784,0.931488,0.9999336,0.9995044,0.963873,0.9993309,0.9999759,1.0,0.999558,0.89973664,0.33734632,0.79286397,0.9074745,0.851226,0.7448209,0.7190827,0.6127546,0.86316955,0.46297085,0.9546783
7-20,0.36586046,0.27950636,0.3664354,0.36054367,0.16442508,0.32811666,0.16822052,0.17834345,0.36401385,0.46315873,0.36762053,0.35832146,0.36613667,0.11495051,0.3624048,0.21781561,0.56025696,0.30772468,0.24703595,0.8752487,0.8902432,0.09545937,0.6230529,0.6086916,0.13294742,0.13537645,0.09461367,0.13175574,0.14416084,0.17423806,0.07901585,0.13283125,0.09354067,0.3653614,0.09905133,0.09449765,0.09561762,0.13530636,0.07881981,0.0932793,0.093885034,0.13498753,0.09685251,0.09662813,0.54930174,0.55537736,0.5526118,0.5493519,0.54676086,0.6055907,0.25386307,0.27352345,0.27359453,0.20854837,0.2742886,0.99967647,0.9984306,0.17830068,0.13081056,0.17724499,0.19107467,0.17739552,0.36216578,0.3096823,0.21275711,0.092755586,0.14472932,0.12523213,0.17101744,0.8627728,0.24175093,0.6391681,0.72546226,0.60527486,0.60802203,0.60840994,0.19177043,0.79805,0.1736382,0.45487487,0.54871017,0.5671345,0.17818865,0.20753008,0.17635056,0.44699833,0.33879694,0.99954796,0.99943966,0.93028235,0.9994729,0.99990934,0.9989102,0.9995475,0.99972916,0.9327024,0.99965626,0.9995571,0.96647114,0.85761786,0.99933016,0.99950004,0.9327024,0.9995173,0.9998865,0.9636338,0.9995988,0.99955297,0.999558,1.0,0.89881337,0.34175935,0.7928586,0.90739,0.85128284,0.7452496,0.71659297,0.6143934,0.86239433,0.46379963,0.95616245
V350037201_L02_65,0.4392717,0.37196732,0.4412441,0.4355317,0.2189168,0.3961498,0.14552248,0.12912965,0.43729722,0.49949887,0.4422504,0.43388537,0.44113705,0.1502141,0.43483654,0.23985347,0.6719812,0.3350162,0.27825353,0.947981,0.9059503,0.11819592,0.6810365,0.68558514,0.1397483,0.1341545,0.107078105,0.13267803,0.1478593,0.20022854,0.07849991,0.13285428,0.106389225,0.4395674,0.104053766,0.10598838,0.10699403,0.13776714,0.08467063,0.10566273,0.10551354,0.13320488,0.10663557,0.10666832,0.5403769,0.5461374,0.54219,0.53767663,0.5386308,0.61428285,0.21143737,0.24541181,0.24499506,0.22203574,0.24495822,0.89659333,0.8971671,0.20911029,0.12977123,0.20684046,0.23305872,0.20948061,0.43465662,0.2029249,0.14841601,0.106520414,0.12365502,0.17930111,0.11870977,0.95620656,0.25082892,0.71735615,0.77120125,0.6816946,0.68338966,0.68388367,0.1493403,0.77668387,0.14657429,0.46084285,0.5618307,0.63902867,0.12918088,0.17152295,0.12728187,0.31364968,0.23206875,0.89928776,0.8991389,0.77928627,0.8981272,0.89803064,0.90239215,0.89920664,0.8995103,0.7826045,0.8999703,0.89979297,0.95262027,0.75234306,0.8998765,0.89930546,0.7826045,0.89966,0.8985388,0.906523,0.9005976,0.9002191,0.89973664,0.89881337,1.0,0.24591008,0.760943,0.95484734,0.91156477,0.8489628,0.80865794,0.6271933,0.9557228,0.50273293,0.8261684
NK04150,0.43696874,0.47544047,0.43222365,0.43620962,0.59325594,0.47570944,0.72232366,0.79272676,0.43581483,0.5272524,0.4356163,0.44247103,0.43179333,0.6575389,0.44292054,0.45877925,0.24987474,0.41758212,0.44259393,0.25335056,0.33831263,0.6359423,0.293504,0.26500988,0.6460879,0.6358543,0.61106855,0.6353559,0.6493641,0.6814547,0.6761467,0.6386303,0.6077976,0.44014865,0.6253937,0.6134535,0.6115258,0.63015807,0.6756141,0.61718374,0.6116207,0.63745797,0.60923076,0.6092303,0.5104134,0.51197624,0.51315093,0.5156255,0.5075039,0.53254616,0.5959857,0.49934712,0.5015724,0.5443751,0.50280166,0.3469921,0.34035993,0.6403929,0.72017264,0.6428349,0.6273525,0.6384183,0.43807468,0.6494011,0.6215551,0.6086471,0.81688535,0.6030234,0.7154538,0.21952155,0.72542447,0.24683225,0.30853918,0.26506457,0.26508707,0.26411587,0.8652121,0.4292643,0.83012336,0.66883004,0.651399,0.5378646,0.7918227,0.8577308,0.7920446,0.8057517,0.84304863,0.33889169,0.34024233,0.4762326,0.34313726,0.34307522,0.33874127,0.3389228,0.34380615,0.4738595,0.33627588,0.33794636,0.3051495,0.40344882,0.3401098,0.33922458,0.4738595,0.33761156,0.34236598,0.29846233,0.33824223,0.33669055,0.33734632,0.34175935,0.24591008,1.0,0.5542953,0.3109433,0.32365507,0.17781499,0.20715448,0.58715254,0.2244496,0.6430287,0.344003
NK04047,0.46123102,0.32873908,0.46063793,0.45442307,0.24625441,0.42775053,0.276289,0.3072306,0.45846945,0.5810146,0.4626034,0.4524211,0.4601014,0.21028063,0.45794892,0.20282796,0.38187742,0.28758365,0.24434704,0.74443716,0.81431055,0.16780046,0.6267803,0.644914,0.19895118,0.22632667,0.15974742,0.22337842,0.16636276,0.24387488,0.15223905,0.22411743,0.15934485,0.46233085,0.16298854,0.159818,0.15875596,0.22425315,0.15412343,0.15891746,0.158741,0.22537583,0.16069132,0.1601286,0.67235696,0.67829925,0.6757705,0.6728455,0.6669187,0.7193537,0.29249445,0.2959991,0.29687172,0.22633499,0.29691657,0.79373336,0.78920025,0.26124,0.18148977,0.25991637,0.29129702,0.26051795,0.45639858,0.37111574,0.26414794,0.16071746,0.27299315,0.17818415,0.22644266,0.73803544,0.40730625,0.6721995,0.7526583,0.64079887,0.6443738,0.644458,0.365081,0.6534988,0.33189303,0.6615101,0.7600821,0.63808525,0.3065803,0.38584,0.3042819,0.60194963,0.4829471,0.7930238,0.7937224,0.7033955,0.7957515,0.793609,0.797299,0.7931034,0.79645795,0.7058811,0.7931542,0.79323673,0.79384404,0.68300474,0.79540014,0.79190946,0.7058811,0.7939061,0.7935436,0.7659991,0.7929696,0.79330325,0.79286397,0.7928586,0.760943,0.5542953,1.0,0.79786813,0.79711795,0.57723993,0.73022497,0.7067586,0.74339306,0.594481,0.70851636
V350011809_L01_61,0.4753318,0.40034908,0.47709152,0.47021654,0.22644573,0.4309996,0.13445494,0.10422161,0.47292775,0.5066997,0.47820398,0.47054422,0.47659814,0.16198546,0.46947744,0.1556553,0.5768921,0.24843898,0.17321283,0.9453968,0.9329041,0.13110816,0.7084323,0.70346713,0.106681615,0.11167508,0.06419426,0.11119488,0.099927664,0.17699862,0.06542325,0.110548645,0.0642682,0.47468215,0.06447527,0.06342149,0.06358346,0.11404276,0.07057631,0.0638614,0.0635387,0.11045599,0.06487551,0.064771324,0.5711618,0.5755146,0.57192796,0.5668999,0.5681405,0.69932157,0.15091342,0.1730347,0.172679,0.15866613,0.17259452,0.9043002,0.9090926,0.21285605,0.116960526,0.2102927,0.24382639,0.2132321,0.4697541,0.16592607,0.09571776,0.066105336,0.15167904,0.18518338,0.123105735,0.9482581,0.27942324,0.7303356,0.811664,0.7002352,0.7022124,0.7024244,0.1960189,0.8173841,0.15605274,0.5298183,0.57635033,0.63450134,0.103726804,0.22094122,0.10180187,0.35790384,0.21781233,0.9069082,0.907304,0.7997534,0.9077059,0.90744305,0.9124149,0.9068279,0.90828514,0.8010376,0.9085263,0.9081234,0.97488105,0.7672682,0.9104892,0.90731,0.8010376,0.9078587,0.9070218,0.887347,0.90913415,0.90783787,0.9074745,0.90739,0.95484734,0.3109433,0.79786813,1.0,0.9657426,0.7983192,0.8152107,0.63433015,0.9471973,0.59855145,0.8397001
V350037201_L02_60,0.5051832,0.4505461,0.50517285,0.49845123,0.26019436,0.45312122,0.1570636,0.10418755,0.5005223,0.49669734,0.50576437,0.49737793,0.5044417,0.19447064,0.49611902,0.14740428,0.5067699,0.23618945,0.1542345,0.9193047,0.8969204,0.1838499,0.71144724,0.7373444,0.115246415,0.12441841,0.06339538,0.12675661,0.088484436,0.16060585,0.10113555,0.12377855,0.06499678,0.50171876,0.059231997,0.06277755,0.062862456,0.12660745,0.106598556,0.0632489,0.06352976,0.12323162,0.06444073,0.06438601,0.631816,0.6331254,0.6305802,0.6252906,0.62930393,0.7707199,0.13577607,0.1650008,0.16446441,0.16578159,0.1638596,0.8459344,0.856259,0.2695815,0.12284356,0.26684695,0.3195551,0.27084514,0.49701893,0.15657276,0.08126527,0.067432225,0.19520906,0.24229941,0.13570586,0.93659544,0.31189513,0.75585544,0.84602034,0.7354269,0.73598075,0.73641443,0.24436378,0.79009104,0.18593931,0.59903014,0.6128157,0.6514726,0.10345575,0.2707311,0.10196558,0.36472452,0.19757292,0.85026646,0.8508183,0.73006064,0.85141623,0.85186577,0.8584335,0.85020584,0.8522036,0.7289388,0.8525454,0.8525214,0.9347695,0.737803,0.85456204,0.8504981,0.7289388,0.8513993,0.85088056,0.8147664,0.8533517,0.85115945,0.851226,0.85128284,0.91156477,0.32365507,0.79711795,0.9657426,1.0,0.74932975,0.8421712,0.60891986,0.9341351,0.69061494,0.7747345
V350011904_L04_30,0.5466878,0.50754726,0.5508105,0.54655135,0.373276,0.5142041,0.26211095,0.16319895,0.54794914,0.49981305,0.54886574,0.5422963,0.5507829,0.30571556,0.5452573,0.38688588,0.7245798,0.43080044,0.4247156,0.8210529,0.7415616,0.28807133,0.75499356,0.7310837,0.2617994,0.25897187,0.2605406,0.25777316,0.3004263,0.26339698,0.24002457,0.25543267,0.26108807,0.54859436,0.25356174,0.25883383,0.2601419,0.26284742,0.23963305,0.25666893,0.25956523,0.25796986,0.26048732,0.2607952,0.4983844,0.49989006,0.49562395,0.4934418,0.50045377,0.52586013,0.28210977,0.3596325,0.3587126,0.311972,0.35796475,0.7415284,0.74460036,0.24334711,0.24221325,0.2421681,0.27235323,0.24476403,0.5459938,0.2792131,0.27522922,0.2627263,0.19289908,0.31666553,0.26176658,0.8673236,0.28456458,0.74392796,0.74073917,0.7307636,0.7309027,0.7313255,0.17129672,0.6262226,0.18239042,0.3836784,0.43027592,0.58544004,0.16362393,0.17663634,0.16370907,0.23181224,0.19402757,0.74339044,0.7422996,0.6280489,0.7422083,0.74330187,0.74463737,0.743398,0.743965,0.63226295,0.74649936,0.7444271,0.8071898,0.65535134,0.74389887,0.74328023,0.63226295,0.7442023,0.7438835,0.76388395,0.74778056,0.74540865,0.7448209,0.7452496,0.8489628,0.17781499,0.57723993,0.7983192,0.74932975,1.0,0.79236925,0.47834373,0.8636271,0.40019566,0.75303555
V350011900_L02_90,0.6534232,0.60017097,0.6537553,0.6479201,0.4137746,0.5951003,0.20055982,0.098917276,0.6481152,0.57324183,0.6510949,0.6389102,0.65330535,0.32446235,0.6410787,0.28838515,0.5253743,0.36083448,0.30484396,0.791886,0.79932845,0.27823046,0.80079436,0.8627002,0.23629242,0.24232432,0.20061749,0.24493068,0.15804988,0.20646596,0.21471232,0.23840025,0.20561764,0.6489812,0.19009668,0.19916081,0.20014831,0.24510369,0.2178213,0.19810101,0.20117992,0.23949313,0.20622075,0.20633903,0.6476325,0.6427234,0.6424819,0.638189,0.64589417,0.73205143,0.18927896,0.26793975,0.26636457,0.2099284,0.26438057,0.7094947,0.72532004,0.24682382,0.14205968,0.24346164,0.30397952,0.2493937,0.64391005,0.25492305,0.21694872,0.20766023,0.19015902,0.30814427,0.19120464,0.8548847,0.34224945,0.8742478,0.882591,0.86233616,0.8623855,0.8629887,0.1923148,0.61096996,0.14028236,0.5521779,0.5573026,0.6085078,0.09923217,0.21976796,0.09872797,0.2837075,0.12508687,0.71742004,0.71774614,0.55101204,0.71688884,0.7177788,0.72598106,0.7174357,0.7179038,0.5499912,0.72132605,0.72067106,0.7925277,0.6874537,0.72144574,0.717126,0.5499912,0.719441,0.7166662,0.7243563,0.72298646,0.71952254,0.7190827,0.71659297,0.80865794,0.20715448,0.73022497,0.8152107,0.8421712,0.79236925,1.0,0.5372498,0.85967505,0.5485529,0.6979531
V350011900_L03_16,0.35099208,0.33242238,0.35326034,0.35047898,0.35950372,0.35107008,0.42394432,0.4705047,0.35179433,0.52971995,0.35650718,0.35382628,0.3538894,0.3537191,0.35305965,0.32311088,0.4396706,0.42561126,0.39587975,0.5838324,0.7575853,0.35216206,0.49182984,0.42217565,0.3841678,0.35641408,0.33847892,0.3494237,0.40997463,0.46435577,0.33435494,0.35403675,0.33506954,0.35647994,0.34397942,0.33884078,0.33879918,0.35477978,0.3337538,0.3407846,0.3370737,0.35677928,0.33433896,0.33415037,0.4988796,0.50485075,0.5035959,0.50188565,0.49372208,0.56116885,0.48607332,0.43155077,0.43268082,0.38144702,0.43330398,0.6170311,0.60634,0.42301038,0.44567198,0.4226633,0.45610467,0.42198786,0.35121697,0.43074638,0.38225168,0.33277962,0.4729706,0.34680176,0.37988487,0.58221173,0.5348286,0.44679648,0.5065421,0.4193631,0.42208982,0.42187035,0.5082481,0.7010869,0.5013661,0.6230093,0.7990715,0.75665706,0.46989733,0.5219619,0.4676366,0.51990426,0.53096163,0.6136545,0.61285114,0.6294918,0.61472183,0.6146596,0.61561686,0.61356664,0.6171777,0.634018,0.61295164,0.6121869,0.61410743,0.56101006,0.6150491,0.6129924,0.634018,0.6132674,0.6160174,0.64422673,0.6129849,0.6134585,0.6127546,0.6143934,0.6271933,0.58715254,0.7067586,0.63433015,0.60891986,0.47834373,0.5372498,1.0,0.59612775,0.55526114,0.5646213
V350037201_L02_87,0.47132358,0.42901608,0.47336933,0.46687114,0.2503851,0.4201115,0.16500899,0.0880571,0.46867955,0.4720744,0.47286472,0.46352312,0.47301885,0.17553851,0.46343064,0.23877001,0.63254213,0.32856354,0.26505673,0.9351163,0.8996335,0.18064925,0.7223317,0.73741055,0.12346387,0.11659181,0.0892517,0.11732373,0.14856675,0.14921603,0.10364935,0.1152702,0.090914875,0.46924922,0.08427629,0.08800784,0.08898476,0.11990848,0.10662973,0.08732796,0.088761926,0.11509389,0.09070113,0.09074128,0.55786294,0.5598329,0.556539,0.55148757,0.55612963,0.6638975,0.18571043,0.24073151,0.23977652,0.20613068,0.23924273,0.85692716,0.86425734,0.23716766,0.14169285,0.234555,0.2782999,0.23851904,0.46555313,0.17253658,0.12496418,0.09229943,0.14517328,0.23858681,0.14560714,0.9936382,0.2636721,0.7624384,0.81539845,0.73592466,0.73648584,0.7370001,0.16809171,0.7823597,0.14689678,0.51080173,0.55710536,0.66668034,0.087818235,0.18863648,0.08668551,0.28359357,0.16686723,0.86236334,0.86214465,0.7351666,0.8602036,0.86178917,0.86662483,0.8622372,0.8624357,0.7361979,0.8642825,0.8636105,0.9357114,0.7518102,0.8641193,0.86226076,0.7361979,0.8628859,0.8613372,0.85708755,0.86508906,0.863538,0.86316955,0.86239433,0.9557228,0.2244496,0.74339306,0.9471973,0.9341351,0.8636271,0.85967505,0.59612775,1.0,0.568755,0.79938805
V350011900_L03_70,0.46788538,0.5550744,0.4642711,0.4635998,0.49515358,0.44932634,0.49665874,0.42758298,0.46280184,0.3800302,0.46324039,0.46145472,0.4630826,0.5025385,0.4590344,0.28522503,0.30165064,0.23487154,0.22187912,0.576984,0.5884157,0.61059713,0.45988813,0.54553545,0.39799193,0.3863354,0.35359466,0.39518094,0.3923811,0.41226783,0.4930275,0.39149278,0.35627583,0.4616953,0.35140187,0.35512385,0.35522193,0.38707832,0.49739936,0.3592495,0.355403,0.38627756,0.35405463,0.35452098,0.5817443,0.5742971,0.57654476,0.57408965,0.5825672,0.77820235,0.2988081,0.2653499,0.26539987,0.34382343,0.26441658,0.4594825,0.47503632,0.61412126,0.48981273,0.6126531,0.6421516,0.6139257,0.46082062,0.30806243,0.29243207,0.35865483,0.65772927,0.6510098,0.53178126,0.5720301,0.7059703,0.528347,0.6018005,0.5490023,0.54524523,0.5449746,0.7044733,0.6389643,0.59152997,0.7813897,0.6760824,0.6185046,0.4263884,0.7245329,0.42756182,0.54212266,0.41596618,0.4627759,0.4642046,0.48523244,0.46300843,0.46597385,0.47227716,0.46291804,0.46676177,0.47574967,0.46239066,0.46442837,0.5444139,0.521341,0.47053397,0.46267575,0.47574967,0.4624436,0.46372938,0.40858614,0.4650681,0.46167603,0.46297085,0.46379963,0.50273293,0.6430287,0.594481,0.59855145,0.69061494,0.40019566,0.5485529,0.55526114,0.568755,1.0,0.4025383
7-80,0.3903894,0.32552573,0.39022908,0.3855582,0.21655166,0.36170673,0.20496368,0.20143265,0.3888337,0.4529884,0.39082128,0.38452744,0.3900009,0.17331919,0.38864857,0.25778273,0.54458576,0.32922214,0.27550602,0.79388785,0.8214338,0.16161871,0.62667763,0.6007601,0.19977683,0.21110982,0.16462544,0.2080501,0.2042486,0.23496112,0.15651307,0.20779297,0.16434151,0.39143038,0.17288253,0.16448328,0.16537514,0.21072322,0.15526214,0.16420284,0.16481248,0.21040285,0.16908103,0.16902345,0.53369844,0.5375497,0.53540003,0.53350246,0.5319209,0.5848384,0.26967514,0.2874527,0.2872817,0.21932936,0.28803927,0.9549856,0.95800585,0.18023959,0.174815,0.17944866,0.18579501,0.1796366,0.3870451,0.37773043,0.28355747,0.16494104,0.182078,0.17741868,0.23442927,0.8012252,0.2452941,0.61992896,0.6981665,0.59835845,0.60026073,0.60072154,0.21739033,0.7515816,0.1906335,0.42472827,0.49262372,0.5498216,0.20144364,0.22610402,0.2006172,0.44124046,0.32701063,0.95448744,0.9542498,0.90261185,0.95499414,0.95616746,0.9532025,0.9544608,0.95497495,0.90423846,0.9557085,0.95513725,0.91057444,0.8509401,0.9549713,0.95474446,0.90423846,0.95479983,0.9557507,0.9180317,0.9562423,0.95457625,0.9546783,0.95616245,0.8261684,0.344003,0.70851636,0.8397001,0.7747345,0.75303555,0.6979531,0.5646213,0.79938805,0.4025383,1.0
