query_host_id,phage_id,score,rank,fixed_model,fixed_quantile
IM001,RCIP0083,0.9991180300712585,1,AF3,0.99
IM001,RCIP0074,0.9990220069885254,2,AF3,0.99
IM001,RCIP0064,0.9989641904830933,3,AF3,0.99
IM001,RCIP0028,0.9988890290260315,4,AF3,0.99
IM001,RCIP0023,0.9987878203392029,5,AF3,0.99
IM001,RCIP0098,0.9955239295959473,6,AF3,0.99
IM001,RCIP0034,0.9884408712387085,7,AF3,0.99
IM001,RCIP0058,0.7164508700370789,8,AF3,0.99
IM001,RCIP0104,0.15210320055484772,9,AF3,0.99
IM001,RCIP0108,0.0008412186289206147,10,AF3,0.99
IM001,RCIP0091,0.0006601032800972462,11,AF3,0.99
IM001,RCIP0063,0.00011902175901923329,12,AF3,0.99
IM001,RCIP0106,1.1024551895388868e-05,13,AF3,0.99
IM001,RCIP0099,1.0276117791363504e-05,14,AF3,0.99
IM001,RCIP0090,1.4309691778180422e-06,15,AF3,0.99
IM001,RCIP0110,9.931852673616959e-07,16,AF3,0.99
IM001,RCIP0085,7.786551918798068e-07,17,AF3,0.99
IM001,RCIP0109,6.764951763216231e-07,18,AF3,0.99
IM001,RCIP0004,8.599273826348508e-08,19,AF3,0.99
IM001,RCIP0089,5.838447947326131e-08,20,AF3,0.99
IM001,RCIP0067,2.5503521072778312e-08,21,AF3,0.99
IM001,RCIP0082,6.521573503448508e-09,22,AF3,0.99
IM001,RCIP0069,6.231076099538768e-09,23,AF3,0.99
IM001,RCIP0014,3.4845866192512176e-09,24,AF3,0.99
IM001,RCIP0113,3.0779772064448707e-09,25,AF3,0.99
IM001,RCIP0112,1.5823591326125097e-09,26,AF3,0.99
IM001,RCIP0111,1.617490030803026e-10,27,AF3,0.99
IM018,RCIP0099,0.977737545967102,1,AF3,0.9
IM018,RCIP0091,0.7784461975097656,2,AF3,0.9
IM018,RCIP0098,0.7710537314414978,3,AF3,0.9
IM018,RCIP0104,0.6596073508262634,4,AF3,0.9
IM018,RCIP0028,0.6224972009658813,5,AF3,0.9
IM018,RCIP0110,0.4386747181415558,6,AF3,0.9
IM018,RCIP0108,0.4064204692840576,7,AF3,0.9
IM018,RCIP0023,0.40003642439842224,8,AF3,0.9
IM018,RCIP0090,0.20330503582954407,9,AF3,0.9
IM018,RCIP0106,0.15030936896800995,10,AF3,0.9
IM018,RCIP0034,0.14595073461532593,11,AF3,0.9
IM018,RCIP0089,0.1391899734735489,12,AF3,0.9
IM018,RCIP0109,0.1326606124639511,13,AF3,0.9
IM018,RCIP0083,0.031595420092344284,14,AF3,0.9
IM018,RCIP0074,0.024802979081869125,15,AF3,0.9
IM018,RCIP0064,0.016517523676156998,16,AF3,0.9
IM018,RCIP0063,0.007020246237516403,17,AF3,0.9
IM018,RCIP0112,0.006309654098004103,18,AF3,0.9
IM018,RCIP0014,0.0032637242693454027,19,AF3,0.9
IM018,RCIP0111,0.0024182505439966917,20,AF3,0.9
IM018,RCIP0058,0.0018005582969635725,21,AF3,0.9
IM018,RCIP0082,0.0013725522439926863,22,AF3,0.9
IM018,RCIP0004,0.0006515830173157156,23,AF3,0.9
IM018,RCIP0085,0.0002521528222132474,24,AF3,0.9
IM018,RCIP0069,8.984788291854784e-05,25,AF3,0.9
IM018,RCIP0067,8.909103780752048e-05,26,AF3,0.9
IM018,RCIP0113,5.849451190442778e-05,27,AF3,0.9
IM043,RCIP0083,0.9990763664245605,1,AF3,0.99
IM043,RCIP0074,0.9989789724349976,2,AF3,0.99
IM043,RCIP0064,0.9989141225814819,3,AF3,0.99
IM043,RCIP0028,0.9988157749176025,4,AF3,0.99
IM043,RCIP0023,0.9986261129379272,5,AF3,0.99
IM043,RCIP0098,0.9954512715339661,6,AF3,0.99
IM043,RCIP0034,0.988184928894043,7,AF3,0.99
IM043,RCIP0058,0.7128828763961792,8,AF3,0.99
IM043,RCIP0104,0.15787072479724884,9,AF3,0.99
IM043,RCIP0108,0.0009500739397481084,10,AF3,0.99
IM043,RCIP0091,0.00073829764733091,11,AF3,0.99
IM043,RCIP0063,0.00013849844981450588,12,AF3,0.99
IM043,RCIP0106,1.2513421097537503e-05,13,AF3,0.99
IM043,RCIP0099,1.1439578884164803e-05,14,AF3,0.99
IM043,RCIP0090,1.6033643532864517e-06,15,AF3,0.99
IM043,RCIP0110,1.1252931244598585e-06,16,AF3,0.99
IM043,RCIP0085,9.235160405296483e-07,17,AF3,0.99
IM043,RCIP0109,8.159403819263389e-07,18,AF3,0.99
IM043,RCIP0004,9.793443211947306e-08,19,AF3,0.99
IM043,RCIP0089,6.671622543308331e-08,20,AF3,0.99
IM043,RCIP0067,2.8814952202083077e-08,21,AF3,0.99
IM043,RCIP0069,7.044632432950948e-09,22,AF3,0.99
IM043,RCIP0082,6.908837946184576e-09,23,AF3,0.99
IM043,RCIP0014,3.687687266662465e-09,24,AF3,0.99
IM043,RCIP0113,3.4616065569537113e-09,25,AF3,0.99
IM043,RCIP0112,1.7492148840503319e-09,26,AF3,0.99
IM043,RCIP0111,1.8126401768459033e-10,27,AF3,0.99
IM061_1,RCIP0083,0.9992589354515076,1,AF3,0.995
IM061_1,RCIP0023,0.999198853969574,2,AF3,0.995
IM061_1,RCIP0074,0.9991852641105652,3,AF3,0.995
IM061_1,RCIP0064,0.9991511106491089,4,AF3,0.995
IM061_1,RCIP0028,0.9991245865821838,5,AF3,0.995
IM061_1,RCIP0098,0.9957817792892456,6,AF3,0.995
IM061_1,RCIP0034,0.989227294921875,7,AF3,0.995
IM061_1,RCIP0058,0.7198836803436279,8,AF3,0.995
IM061_1,RCIP0104,0.1192653551697731,9,AF3,0.995
IM061_1,RCIP0108,0.0009299926459789276,10,AF3,0.995
IM061_1,RCIP0091,0.0006457556737586856,11,AF3,0.995
IM061_1,RCIP0063,0.00010343753092456609,12,AF3,0.995
IM061_1,RCIP0099,1.1711987099261023e-05,13,AF3,0.995
IM061_1,RCIP0106,5.12884480485809e-06,14,AF3,0.995
IM061_1,RCIP0090,1.9928054371121107e-06,15,AF3,0.995
IM061_1,RCIP0110,1.4436151332120062e-06,16,AF3,0.995
IM061_1,RCIP0109,7.395368584184325e-07,17,AF3,0.995
IM061_1,RCIP0085,7.175764835665177e-07,18,AF3,0.995
IM061_1,RCIP0004,8.864614642334345e-08,19,AF3,0.995
IM061_1,RCIP0089,4.5093063505419195e-08,20,AF3,0.995
IM061_1,RCIP0067,2.329770154574362e-08,21,AF3,0.995
IM061_1,RCIP0082,6.5242105051765975e-09,22,AF3,0.995
IM061_1,RCIP0014,3.748554799898329e-09,23,AF3,0.995
IM061_1,RCIP0069,3.4398077719544062e-09,24,AF3,0.995
IM061_1,RCIP0113,2.867381443394379e-09,25,AF3,0.995
IM061_1,RCIP0112,1.058894416594569e-09,26,AF3,0.995
IM061_1,RCIP0111,1.1114695969149935e-10,27,AF3,0.995
IM066,RCIP0023,0.9850388765335083,1,AF3,0.9
IM066,RCIP0064,0.4476209878921509,2,AF3,0.9
IM066,RCIP0083,0.3869074881076813,3,AF3,0.9
IM066,RCIP0074,0.07457815110683441,4,AF3,0.9
IM066,RCIP0014,4.0905436549110163e-07,5,AF3,0.9
IM066,RCIP0082,2.8058639145456254e-07,6,AF3,0.9
IM066,RCIP0099,5.763069665931653e-08,7,AF3,0.9
IM066,RCIP0004,3.624455757744727e-08,8,AF3,0.9
IM066,RCIP0028,2.7663487500717565e-08,9,AF3,0.9
IM066,RCIP0098,2.5063290109983427e-08,10,AF3,0.9
IM066,RCIP0089,9.239353282453067e-09,11,AF3,0.9
IM066,RCIP0034,3.5799874176234425e-09,12,AF3,0.9
IM066,RCIP0110,1.1507286235001857e-09,13,AF3,0.9
IM066,RCIP0112,8.306555443482466e-10,14,AF3,0.9
IM066,RCIP0113,6.696923016136225e-10,15,AF3,0.9
IM066,RCIP0111,2.839065371684768e-10,16,AF3,0.9
IM066,RCIP0063,1.7154663800589276e-10,17,AF3,0.9
IM066,RCIP0108,1.0770678099403241e-10,18,AF3,0.9
IM066,RCIP0091,8.126459227764116e-11,19,AF3,0.9
IM066,RCIP0067,5.790772722447102e-11,20,AF3,0.9
IM066,RCIP0085,3.9048035638256096e-11,21,AF3,0.9
IM066,RCIP0106,5.127735909493669e-12,22,AF3,0.9
IM066,RCIP0069,4.636138261487899e-12,23,AF3,0.9
IM066,RCIP0058,2.3327401208611542e-12,24,AF3,0.9
IM066,RCIP0090,2.28555781071893e-12,25,AF3,0.9
IM066,RCIP0104,4.0506801472078857e-13,26,AF3,0.9
IM066,RCIP0109,2.4702897672844622e-14,27,AF3,0.9
IM074,RCIP0023,0.9854722619056702,1,AF3,0.9
IM074,RCIP0064,0.5090909004211426,2,AF3,0.9
IM074,RCIP0083,0.4488067924976349,3,AF3,0.9
IM074,RCIP0074,0.09308414906263351,4,AF3,0.9
IM074,RCIP0014,6.041430538061832e-07,5,AF3,0.9
IM074,RCIP0082,4.1439986375735316e-07,6,AF3,0.9
IM074,RCIP0099,6.803584540193697e-08,7,AF3,0.9
IM074,RCIP0098,3.856910524291379e-08,8,AF3,0.9
IM074,RCIP0028,3.723139485600768e-08,9,AF3,0.9
IM074,RCIP0004,3.5333716397190074e-08,10,AF3,0.9
IM074,RCIP0089,1.05955360041321e-08,11,AF3,0.9
IM074,RCIP0034,6.639413463460642e-09,12,AF3,0.9
IM074,RCIP0112,1.3107138707724175e-09,13,AF3,0.9
IM074,RCIP0110,1.211417077762178e-09,14,AF3,0.9
IM074,RCIP0113,9.010285850763466e-10,15,AF3,0.9
IM074,RCIP0111,4.6047082813416296e-10,16,AF3,0.9
IM074,RCIP0063,2.4121918351660554e-10,17,AF3,0.9
IM074,RCIP0108,1.6438332639534536e-10,18,AF3,0.9
IM074,RCIP0091,9.686738217107305e-11,19,AF3,0.9
IM074,RCIP0067,7.503871135572382e-11,20,AF3,0.9
IM074,RCIP0085,4.852585694381517e-11,21,AF3,0.9
IM074,RCIP0069,6.405276482823741e-12,22,AF3,0.9
IM074,RCIP0106,5.525053504984445e-12,23,AF3,0.9
IM074,RCIP0058,3.06914910153111e-12,24,AF3,0.9
IM074,RCIP0090,2.4657921104259684e-12,25,AF3,0.9
IM074,RCIP0104,4.756110869724717e-13,26,AF3,0.9
IM074,RCIP0109,3.081147058954688e-14,27,AF3,0.9
IM085,RCIP0023,0.9603455662727356,1,AF3,0.9
IM085,RCIP0083,0.2836771011352539,2,AF3,0.9
IM085,RCIP0064,0.20532017946243286,3,AF3,0.9
IM085,RCIP0074,0.05500314384698868,4,AF3,0.9
IM085,RCIP0099,1.981750756385736e-06,5,AF3,0.9
IM085,RCIP0014,1.6577649830651353e-06,6,AF3,0.9
IM085,RCIP0082,1.0557812402112177e-06,7,AF3,0.9
IM085,RCIP0028,9.905121487463475e-07,8,AF3,0.9
IM085,RCIP0098,2.446161033731187e-07,9,AF3,0.9
IM085,RCIP0089,1.0307403641718338e-07,10,AF3,0.9
IM085,RCIP0004,1.0282682438855772e-07,11,AF3,0.9
IM085,RCIP0034,4.661133701233666e-08,12,AF3,0.9
IM085,RCIP0112,1.3755911965063206e-08,13,AF3,0.9
IM085,RCIP0110,7.173990734798963e-09,14,AF3,0.9
IM085,RCIP0108,5.994299279166171e-09,15,AF3,0.9
IM085,RCIP0111,4.789036278651793e-09,16,AF3,0.9
IM085,RCIP0063,1.3820995459212781e-09,17,AF3,0.9
IM085,RCIP0113,1.2990435394044653e-09,18,AF3,0.9
IM085,RCIP0091,1.1607010907965787e-09,19,AF3,0.9
IM085,RCIP0085,9.168193981778927e-11,20,AF3,0.9
IM085,RCIP0067,4.329311215078846e-11,21,AF3,0.9
IM085,RCIP0106,2.8312767061389188e-11,22,AF3,0.9
IM085,RCIP0090,2.6297446859002704e-11,23,AF3,0.9
IM085,RCIP0069,1.9655645167038216e-11,24,AF3,0.9
IM085,RCIP0104,2.7399402191541355e-12,25,AF3,0.9
IM085,RCIP0058,1.2838411974150366e-12,26,AF3,0.9
IM085,RCIP0109,3.3304226889317723e-13,27,AF3,0.9
IM088,RCIP0023,0.9932623505592346,1,AF3,0.9
IM088,RCIP0064,0.15930010378360748,2,AF3,0.9
IM088,RCIP0083,0.14302757382392883,3,AF3,0.9
IM088,RCIP0074,0.016932770609855652,4,AF3,0.9
IM088,RCIP0089,4.271809572742313e-08,5,AF3,0.9
IM088,RCIP0004,3.64746632897095e-08,6,AF3,0.9
IM088,RCIP0098,3.393521197381233e-08,7,AF3,0.9
IM088,RCIP0099,1.9026456854476237e-08,8,AF3,0.9
IM088,RCIP0014,1.2910881252992112e-08,9,AF3,0.9
IM088,RCIP0082,1.1378479491952476e-08,10,AF3,0.9
IM088,RCIP0034,2.8828457399043828e-09,11,AF3,0.9
IM088,RCIP0110,7.551688163687231e-10,12,AF3,0.9
IM088,RCIP0112,9.902333814038045e-11,13,AF3,0.9
IM088,RCIP0028,8.843087373477942e-11,14,AF3,0.9
IM088,RCIP0113,5.138341835353444e-11,15,AF3,0.9
IM088,RCIP0091,4.431124564496791e-11,16,AF3,0.9
IM088,RCIP0063,2.2533672844327057e-11,17,AF3,0.9
IM088,RCIP0111,1.9952841462389515e-11,18,AF3,0.9
IM088,RCIP0108,1.637579828683844e-11,19,AF3,0.9
IM088,RCIP0085,9.601273769088703e-12,20,AF3,0.9
IM088,RCIP0106,6.99349345795186e-12,21,AF3,0.9
IM088,RCIP0067,6.052248979759867e-12,22,AF3,0.9
IM088,RCIP0058,5.349440942298278e-12,23,AF3,0.9
IM088,RCIP0090,1.292095336974386e-12,24,AF3,0.9
IM088,RCIP0104,3.2164882194339606e-13,25,AF3,0.9
IM088,RCIP0069,2.781775732072639e-13,26,AF3,0.9
IM088,RCIP0109,2.4408768870042355e-14,27,AF3,0.9
IM094,RCIP0023,0.9932623505592346,1,AF3,0.9
IM094,RCIP0064,0.15929894149303436,2,AF3,0.9
IM094,RCIP0083,0.14302648603916168,3,AF3,0.9
IM094,RCIP0074,0.016932636499404907,4,AF3,0.9
IM094,RCIP0089,4.271809572742313e-08,5,AF3,0.9
IM094,RCIP0004,3.6474524733876024e-08,6,AF3,0.9
IM094,RCIP0098,3.393540737306466e-08,7,AF3,0.9
IM094,RCIP0099,1.9026531461463492e-08,8,AF3,0.9
IM094,RCIP0014,1.291097806443986e-08,9,AF3,0.9
IM094,RCIP0082,1.1378544328977114e-08,10,AF3,0.9
IM094,RCIP0034,2.882862393249752e-09,11,AF3,0.9
IM094,RCIP0110,7.551716474374359e-10,12,AF3,0.9
IM094,RCIP0112,9.902390712968057e-11,13,AF3,0.9
IM094,RCIP0028,8.843054066787204e-11,14,AF3,0.9
IM094,RCIP0113,5.138351549804909e-11,15,AF3,0.9
IM094,RCIP0091,4.431124564496791e-11,16,AF3,0.9
IM094,RCIP0063,2.2533672844327057e-11,17,AF3,0.9
IM094,RCIP0111,1.9952917790222457e-11,18,AF3,0.9
IM094,RCIP0108,1.637579828683844e-11,19,AF3,0.9
IM094,RCIP0085,9.601255554492205e-12,20,AF3,0.9
IM094,RCIP0106,6.99349345795186e-12,21,AF3,0.9
IM094,RCIP0067,6.052248979759867e-12,22,AF3,0.9
IM094,RCIP0058,5.349430533957422e-12,23,AF3,0.9
IM094,RCIP0090,1.2921053116343728e-12,24,AF3,0.9
IM094,RCIP0104,3.2164944535964524e-13,25,AF3,0.9
IM094,RCIP0069,2.781765161101457e-13,26,AF3,0.9
IM094,RCIP0109,2.440862826257311e-14,27,AF3,0.9
IM_023,RCIP0083,0.9992589354515076,1,AF3,0.995
IM_023,RCIP0023,0.999198853969574,2,AF3,0.995
IM_023,RCIP0074,0.9991852641105652,3,AF3,0.995
IM_023,RCIP0064,0.9991511106491089,4,AF3,0.995
IM_023,RCIP0028,0.9991245865821838,5,AF3,0.995
IM_023,RCIP0098,0.9957817792892456,6,AF3,0.995
IM_023,RCIP0034,0.989227294921875,7,AF3,0.995
IM_023,RCIP0058,0.7198836207389832,8,AF3,0.995
IM_023,RCIP0104,0.11926565319299698,9,AF3,0.995
IM_023,RCIP0108,0.0009299939847551286,10,AF3,0.995
IM_023,RCIP0091,0.000645758118480444,11,AF3,0.995
IM_023,RCIP0063,0.00010343742906115949,12,AF3,0.995
IM_023,RCIP0099,1.1712076229741797e-05,13,AF3,0.995
IM_023,RCIP0106,5.128883913130267e-06,14,AF3,0.995
IM_023,RCIP0090,1.9928149868064793e-06,15,AF3,0.995
IM_023,RCIP0110,1.4436179753829492e-06,16,AF3,0.995
IM_023,RCIP0109,7.395404395538208e-07,17,AF3,0.995
IM_023,RCIP0085,7.175764835665177e-07,18,AF3,0.995
IM_023,RCIP0004,8.864597589308687e-08,19,AF3,0.995
IM_023,RCIP0089,4.509323403567578e-08,20,AF3,0.995
IM_023,RCIP0067,2.3297834772506576e-08,21,AF3,0.995
IM_023,RCIP0082,6.5242105051765975e-09,22,AF3,0.995
IM_023,RCIP0014,3.748554799898329e-09,23,AF3,0.995
IM_023,RCIP0069,3.4398277559688495e-09,24,AF3,0.995
IM_023,RCIP0113,2.867392545624625e-09,25,AF3,0.995
IM_023,RCIP0112,1.0588964149960134e-09,26,AF3,0.995
IM_023,RCIP0111,1.1114737602513358e-10,27,AF3,0.995
NK06130,RCIP0111,0.999737560749054,1,AF3,0.999
NK06130,RCIP0112,0.999690055847168,2,AF3,0.999
NK06130,RCIP0069,0.9994420409202576,3,AF3,0.999
NK06130,RCIP0082,0.9977269768714905,4,AF3,0.999
NK06130,RCIP0014,0.9974073767662048,5,AF3,0.999
NK06130,RCIP0113,0.9959631562232971,6,AF3,0.999
NK06130,RCIP0067,0.9950186014175415,7,AF3,0.999
NK06130,RCIP0085,0.9797950983047485,8,AF3,0.999
NK06130,RCIP0099,0.959003210067749,9,AF3,0.999
NK06130,RCIP0091,0.9567509889602661,10,AF3,0.999
NK06130,RCIP0004,0.9520586729049683,11,AF3,0.999
NK06130,RCIP0109,0.9401262998580933,12,AF3,0.999
NK06130,RCIP0058,0.934483528137207,13,AF3,0.999
NK06130,RCIP0090,0.9303673505783081,14,AF3,0.999
NK06130,RCIP0106,0.9163067936897278,15,AF3,0.999
NK06130,RCIP0110,0.9139592051506042,16,AF3,0.999
NK06130,RCIP0104,0.9059870839118958,17,AF3,0.999
NK06130,RCIP0089,0.9053094387054443,18,AF3,0.999
NK06130,RCIP0098,0.8174289464950562,19,AF3,0.999
NK06130,RCIP0063,0.7991505265235901,20,AF3,0.999
NK06130,RCIP0108,0.7975282073020935,21,AF3,0.999
NK06130,RCIP0034,0.7627396583557129,22,AF3,0.999
NK06130,RCIP0023,0.00015789299504831433,23,AF3,0.999
NK06130,RCIP0064,3.14111057377886e-05,24,AF3,0.999
NK06130,RCIP0074,1.6253786725428654e-06,25,AF3,0.999
NK06130,RCIP0083,7.072326866364165e-07,26,AF3,0.999
NK06130,RCIP0028,3.653837836736784e-07,27,AF3,0.999
NK06145,RCIP0111,0.999737560749054,1,AF3,0.999
NK06145,RCIP0112,0.999690055847168,2,AF3,0.999
NK06145,RCIP0069,0.9994420409202576,3,AF3,0.999
NK06145,RCIP0082,0.9977269768714905,4,AF3,0.999
NK06145,RCIP0014,0.9974073767662048,5,AF3,0.999
NK06145,RCIP0113,0.9959631562232971,6,AF3,0.999
NK06145,RCIP0067,0.9950186014175415,7,AF3,0.999
NK06145,RCIP0085,0.9797950983047485,8,AF3,0.999
NK06145,RCIP0099,0.9590030908584595,9,AF3,0.999
NK06145,RCIP0091,0.9567508697509766,10,AF3,0.999
NK06145,RCIP0004,0.9520586729049683,11,AF3,0.999
NK06145,RCIP0109,0.9401262402534485,12,AF3,0.999
NK06145,RCIP0058,0.934483528137207,13,AF3,0.999
NK06145,RCIP0090,0.9303672313690186,14,AF3,0.999
NK06145,RCIP0106,0.9163066744804382,15,AF3,0.999
NK06145,RCIP0110,0.9139590859413147,16,AF3,0.999
NK06145,RCIP0104,0.905987024307251,17,AF3,0.999
NK06145,RCIP0089,0.9053092002868652,18,AF3,0.999
NK06145,RCIP0098,0.817428708076477,19,AF3,0.999
NK06145,RCIP0063,0.7991505861282349,20,AF3,0.999
NK06145,RCIP0108,0.797528088092804,21,AF3,0.999
NK06145,RCIP0034,0.7627394795417786,22,AF3,0.999
NK06145,RCIP0023,0.00015789343160577118,23,AF3,0.999
NK06145,RCIP0064,3.14111057377886e-05,24,AF3,0.999
NK06145,RCIP0074,1.6253786725428654e-06,25,AF3,0.999
NK06145,RCIP0083,7.072334256008617e-07,26,AF3,0.999
NK06145,RCIP0028,3.653827604921389e-07,27,AF3,0.999
NK06248,RCIP0111,0.9996856451034546,1,AF3,0.99
NK06248,RCIP0112,0.9996528625488281,2,AF3,0.99
NK06248,RCIP0069,0.9993934631347656,3,AF3,0.99
NK06248,RCIP0082,0.9978629946708679,4,AF3,0.99
NK06248,RCIP0014,0.9975995421409607,5,AF3,0.99
NK06248,RCIP0113,0.9956715106964111,6,AF3,0.99
NK06248,RCIP0067,0.9951243996620178,7,AF3,0.99
NK06248,RCIP0085,0.9789246320724487,8,AF3,0.99
NK06248,RCIP0099,0.9610608220100403,9,AF3,0.99
NK06248,RCIP0091,0.9561381340026855,10,AF3,0.99
NK06248,RCIP0004,0.948932409286499,11,AF3,0.99
NK06248,RCIP0109,0.9392407536506653,12,AF3,0.99
NK06248,RCIP0058,0.9343153238296509,13,AF3,0.99
NK06248,RCIP0090,0.9321605563163757,14,AF3,0.99
NK06248,RCIP0106,0.920227587223053,15,AF3,0.99
NK06248,RCIP0110,0.9173789024353027,16,AF3,0.99
NK06248,RCIP0089,0.9092150330543518,17,AF3,0.99
NK06248,RCIP0104,0.9052561521530151,18,AF3,0.99
NK06248,RCIP0098,0.8153254389762878,19,AF3,0.99
NK06248,RCIP0063,0.8020142316818237,20,AF3,0.99
NK06248,RCIP0108,0.7946822047233582,21,AF3,0.99
NK06248,RCIP0034,0.7507667541503906,22,AF3,0.99
NK06248,RCIP0023,0.00011692470434354618,23,AF3,0.99
NK06248,RCIP0064,3.1195544579532e-05,24,AF3,0.99
NK06248,RCIP0074,1.384410893479071e-06,25,AF3,0.99
NK06248,RCIP0083,6.313131848401099e-07,26,AF3,0.99
NK06248,RCIP0028,3.86022321663404e-07,27,AF3,0.99
NK08119,RCIP0111,0.999737560749054,1,AF3,0.999
NK08119,RCIP0112,0.999690055847168,2,AF3,0.999
NK08119,RCIP0069,0.9994420409202576,3,AF3,0.999
NK08119,RCIP0082,0.9977269768714905,4,AF3,0.999
NK08119,RCIP0014,0.9974073767662048,5,AF3,0.999
NK08119,RCIP0113,0.9959631562232971,6,AF3,0.999
NK08119,RCIP0067,0.9950186014175415,7,AF3,0.999
NK08119,RCIP0085,0.9797950983047485,8,AF3,0.999
NK08119,RCIP0099,0.959003210067749,9,AF3,0.999
NK08119,RCIP0091,0.9567509889602661,10,AF3,0.999
NK08119,RCIP0004,0.9520585536956787,11,AF3,0.999
NK08119,RCIP0109,0.9401262998580933,12,AF3,0.999
NK08119,RCIP0058,0.934483528137207,13,AF3,0.999
NK08119,RCIP0090,0.9303674697875977,14,AF3,0.999
NK08119,RCIP0106,0.9163067936897278,15,AF3,0.999
NK08119,RCIP0110,0.913959264755249,16,AF3,0.999
NK08119,RCIP0104,0.9059872031211853,17,AF3,0.999
NK08119,RCIP0089,0.9053094387054443,18,AF3,0.999
NK08119,RCIP0098,0.8174285292625427,19,AF3,0.999
NK08119,RCIP0063,0.7991507053375244,20,AF3,0.999
NK08119,RCIP0108,0.797528088092804,21,AF3,0.999
NK08119,RCIP0034,0.7627392411231995,22,AF3,0.999
NK08119,RCIP0023,0.00015789299504831433,23,AF3,0.999
NK08119,RCIP0064,3.14111057377886e-05,24,AF3,0.999
NK08119,RCIP0074,1.6253786725428654e-06,25,AF3,0.999
NK08119,RCIP0083,7.07232061358809e-07,26,AF3,0.999
NK08119,RCIP0028,3.653834710348747e-07,27,AF3,0.999
NK08370,RCIP0099,0.9999971389770508,1,AF3,0.9
NK08370,RCIP0069,0.9999964237213135,2,AF3,0.9
NK08370,RCIP0112,0.9999898672103882,3,AF3,0.9
NK08370,RCIP0113,0.999988317489624,4,AF3,0.9
NK08370,RCIP0106,0.9999874830245972,5,AF3,0.9
NK08370,RCIP0111,0.9999854564666748,6,AF3,0.9
NK08370,RCIP0089,0.9999849796295166,7,AF3,0.9
NK08370,RCIP0104,0.9999842643737793,8,AF3,0.9
NK08370,RCIP0090,0.9999805688858032,9,AF3,0.9
NK08370,RCIP0109,0.9999794960021973,10,AF3,0.9
NK08370,RCIP0091,0.9999334812164307,11,AF3,0.9
NK08370,RCIP0110,0.9999290704727173,12,AF3,0.9
NK08370,RCIP0014,0.9997871518135071,13,AF3,0.9
NK08370,RCIP0067,0.9997498393058777,14,AF3,0.9
NK08370,RCIP0082,0.9997135996818542,15,AF3,0.9
NK08370,RCIP0085,0.9989670515060425,16,AF3,0.9
NK08370,RCIP0098,0.9984080195426941,17,AF3,0.9
NK08370,RCIP0004,0.9945987462997437,18,AF3,0.9
NK08370,RCIP0108,0.9348692297935486,19,AF3,0.9
NK08370,RCIP0058,0.9172049760818481,20,AF3,0.9
NK08370,RCIP0034,0.8558352589607239,21,AF3,0.9
NK08370,RCIP0063,0.20383353531360626,22,AF3,0.9
NK08370,RCIP0064,0.00010380164167145267,23,AF3,0.9
NK08370,RCIP0074,3.858360742015066e-06,24,AF3,0.9
NK08370,RCIP0083,1.1917493338842178e-06,25,AF3,0.9
NK08370,RCIP0028,1.8626278119882045e-07,26,AF3,0.9
NK08370,RCIP0023,1.4077873800033558e-07,27,AF3,0.9
IM001,RCIP0074,0.9993140697479248,1,ESM2,0.99
IM001,RCIP0023,0.9992572665214539,2,ESM2,0.99
IM001,RCIP0083,0.9992502331733704,3,ESM2,0.99
IM001,RCIP0064,0.9990969896316528,4,ESM2,0.99
IM001,RCIP0028,0.9987789988517761,5,ESM2,0.99
IM001,RCIP0098,0.9955936074256897,6,ESM2,0.99
IM001,RCIP0034,0.9953579306602478,7,ESM2,0.99
IM001,RCIP0058,0.8581321239471436,8,ESM2,0.99
IM001,RCIP0104,0.11910966783761978,9,ESM2,0.99
IM001,RCIP0106,0.0001259717100765556,10,ESM2,0.99
IM001,RCIP0085,3.4241802495671436e-05,11,ESM2,0.99
IM001,RCIP0108,2.3086355213308707e-05,12,ESM2,0.99
IM001,RCIP0004,1.0542233212618157e-05,13,ESM2,0.99
IM001,RCIP0067,3.5174161894246936e-06,14,ESM2,0.99
IM001,RCIP0014,3.0786618481215555e-06,15,ESM2,0.99
IM001,RCIP0111,1.258562861039536e-06,16,ESM2,0.99
IM001,RCIP0099,1.0999964388247463e-06,17,ESM2,0.99
IM001,RCIP0112,1.0084687573908013e-06,18,ESM2,0.99
IM001,RCIP0082,4.1913716586350347e-07,19,ESM2,0.99
IM001,RCIP0109,4.0561337755207205e-07,20,ESM2,0.99
IM001,RCIP0090,3.603326490519976e-07,21,ESM2,0.99
IM001,RCIP0110,2.074365426096847e-07,22,ESM2,0.99
IM001,RCIP0063,1.3721262348553864e-07,23,ESM2,0.99
IM001,RCIP0113,5.435600414216424e-08,24,ESM2,0.99
IM001,RCIP0089,4.57941702336484e-08,25,ESM2,0.99
IM001,RCIP0091,3.653329017083706e-08,26,ESM2,0.99
IM001,RCIP0069,1.0114285409201784e-08,27,ESM2,0.99
IM018,RCIP0023,0.9995312690734863,1,ESM2,0.9
IM018,RCIP0090,0.00028669415041804314,2,ESM2,0.9
IM018,RCIP0110,0.00017307844245806336,3,ESM2,0.9
IM018,RCIP0083,3.038951945200097e-06,4,ESM2,0.9
IM018,RCIP0028,2.6916907245322363e-06,5,ESM2,0.9
IM018,RCIP0106,2.4714108803891577e-06,6,ESM2,0.9
IM018,RCIP0074,1.142105134022131e-06,7,ESM2,0.9
IM018,RCIP0113,7.585104526697251e-07,8,ESM2,0.9
IM018,RCIP0082,6.113397148510558e-07,9,ESM2,0.9
IM018,RCIP0099,3.2774696023807337e-07,10,ESM2,0.9
IM018,RCIP0004,3.258259653193818e-07,11,ESM2,0.9
IM018,RCIP0104,2.53787192150412e-07,12,ESM2,0.9
IM018,RCIP0064,1.9043565657739236e-07,13,ESM2,0.9
IM018,RCIP0089,1.6842020045260142e-07,14,ESM2,0.9
IM018,RCIP0014,7.826607628658167e-08,15,ESM2,0.9
IM018,RCIP0091,1.9808247486707842e-08,16,ESM2,0.9
IM018,RCIP0109,1.5551052001683274e-08,17,ESM2,0.9
IM018,RCIP0098,6.487641091013074e-09,18,ESM2,0.9
IM018,RCIP0034,6.07169425848042e-09,19,ESM2,0.9
IM018,RCIP0111,4.593009084175037e-09,20,ESM2,0.9
IM018,RCIP0067,4.4521639708250405e-09,21,ESM2,0.9
IM018,RCIP0112,2.5861928154569114e-09,22,ESM2,0.9
IM018,RCIP0085,1.7851274902724867e-09,23,ESM2,0.9
IM018,RCIP0063,1.243899760972056e-09,24,ESM2,0.9
IM018,RCIP0069,1.2677194016763593e-10,25,ESM2,0.9
IM018,RCIP0058,6.597332402602518e-11,26,ESM2,0.9
IM018,RCIP0108,6.233839833225119e-11,27,ESM2,0.9
IM043,RCIP0074,0.9993138313293457,1,ESM2,0.99
IM043,RCIP0083,0.9992485642433167,2,ESM2,0.99
IM043,RCIP0023,0.9992367029190063,3,ESM2,0.99
IM043,RCIP0064,0.9990965127944946,4,ESM2,0.99
IM043,RCIP0028,0.9988332390785217,5,ESM2,0.99
IM043,RCIP0098,0.9956557750701904,6,ESM2,0.99
IM043,RCIP0034,0.9954264760017395,7,ESM2,0.99
IM043,RCIP0058,0.8619750738143921,8,ESM2,0.99
IM043,RCIP0104,0.13604171574115753,9,ESM2,0.99
IM043,RCIP0106,0.00015543997869826853,10,ESM2,0.99
IM043,RCIP0085,3.582626595743932e-05,11,ESM2,0.99
IM043,RCIP0108,2.52618920058012e-05,12,ESM2,0.99
IM043,RCIP0004,1.0955076504615135e-05,13,ESM2,0.99
IM043,RCIP0067,3.6064209325559204e-06,14,ESM2,0.99
IM043,RCIP0014,2.9459788493113592e-06,15,ESM2,0.99
IM043,RCIP0099,1.3320469633981702e-06,16,ESM2,0.99
IM043,RCIP0111,1.2966662552571506e-06,17,ESM2,0.99
IM043,RCIP0112,1.0342395171392127e-06,18,ESM2,0.99
IM043,RCIP0109,5.16749480539147e-07,19,ESM2,0.99
IM043,RCIP0090,4.251971290614165e-07,20,ESM2,0.99
IM043,RCIP0082,3.9984584532248846e-07,21,ESM2,0.99
IM043,RCIP0110,2.466540820478258e-07,22,ESM2,0.99
IM043,RCIP0063,1.5280541276752047e-07,23,ESM2,0.99
IM043,RCIP0113,5.560819715810794e-08,24,ESM2,0.99
IM043,RCIP0089,5.4931522441847846e-08,25,ESM2,0.99
IM043,RCIP0091,4.329556801963008e-08,26,ESM2,0.99
IM043,RCIP0069,1.1007805333917986e-08,27,ESM2,0.99
IM061_1,RCIP0023,0.9992461204528809,1,ESM2,0.995
IM061_1,RCIP0074,0.9992173910140991,2,ESM2,0.995
IM061_1,RCIP0083,0.9991737008094788,3,ESM2,0.995
IM061_1,RCIP0064,0.9989824891090393,4,ESM2,0.995
IM061_1,RCIP0028,0.9987326264381409,5,ESM2,0.995
IM061_1,RCIP0098,0.9956134557723999,6,ESM2,0.995
IM061_1,RCIP0034,0.9953899383544922,7,ESM2,0.995
IM061_1,RCIP0058,0.8632215857505798,8,ESM2,0.995
IM061_1,RCIP0104,0.13279420137405396,9,ESM2,0.995
IM061_1,RCIP0106,0.0002111297071678564,10,ESM2,0.995
IM061_1,RCIP0108,6.17417972534895e-05,11,ESM2,0.995
IM061_1,RCIP0085,2.053733987850137e-05,12,ESM2,0.995
IM061_1,RCIP0004,7.181588898674818e-06,13,ESM2,0.995
IM061_1,RCIP0014,2.3237623736349633e-06,14,ESM2,0.995
IM061_1,RCIP0067,1.9318010799906915e-06,15,ESM2,0.995
IM061_1,RCIP0099,1.2677141967287753e-06,16,ESM2,0.995
IM061_1,RCIP0111,1.005525291475351e-06,17,ESM2,0.995
IM061_1,RCIP0112,9.593253480488784e-07,18,ESM2,0.995
IM061_1,RCIP0090,4.253350311955728e-07,19,ESM2,0.995
IM061_1,RCIP0109,3.4548079952401167e-07,20,ESM2,0.995
IM061_1,RCIP0063,3.3070173799387703e-07,21,ESM2,0.995
IM061_1,RCIP0110,3.158390313728887e-07,22,ESM2,0.995
IM061_1,RCIP0082,2.430406880193914e-07,23,ESM2,0.995
IM061_1,RCIP0091,1.3575004231825005e-07,24,ESM2,0.995
IM061_1,RCIP0089,6.320276924043355e-08,25,ESM2,0.995
IM061_1,RCIP0113,4.575069212364724e-08,26,ESM2,0.995
IM061_1,RCIP0069,3.6277048032218318e-09,27,ESM2,0.995
IM066,RCIP0023,0.9999480247497559,1,ESM2,0.9
IM066,RCIP0083,0.9652324318885803,2,ESM2,0.9
IM066,RCIP0074,0.8647446632385254,3,ESM2,0.9
IM066,RCIP0064,0.5654229521751404,4,ESM2,0.9
IM066,RCIP0111,6.192482032929547e-06,5,ESM2,0.9
IM066,RCIP0082,5.929705366725102e-06,6,ESM2,0.9
IM066,RCIP0090,4.117014213989023e-06,7,ESM2,0.9
IM066,RCIP0004,3.918933998647844e-06,8,ESM2,0.9
IM066,RCIP0112,2.05000606001704e-06,9,ESM2,0.9
IM066,RCIP0014,1.5982486729626544e-06,10,ESM2,0.9
IM066,RCIP0028,1.008341882879904e-06,11,ESM2,0.9
IM066,RCIP0113,8.383023555325053e-07,12,ESM2,0.9
IM066,RCIP0110,3.886231354499614e-07,13,ESM2,0.9
IM066,RCIP0067,2.577409219384208e-08,14,ESM2,0.9
IM066,RCIP0085,1.805529503684511e-09,15,ESM2,0.9
IM066,RCIP0069,1.4685010985004965e-09,16,ESM2,0.9
IM066,RCIP0104,4.969237243912517e-10,17,ESM2,0.9
IM066,RCIP0106,3.5018013488929967e-10,18,ESM2,0.9
IM066,RCIP0099,1.311290798167164e-10,19,ESM2,0.9
IM066,RCIP0034,1.2392410708716994e-10,20,ESM2,0.9
IM066,RCIP0098,1.1694915869053801e-10,21,ESM2,0.9
IM066,RCIP0089,4.11953839096757e-11,22,ESM2,0.9
IM066,RCIP0109,1.6446540310188773e-11,23,ESM2,0.9
IM066,RCIP0058,3.508382603531479e-12,24,ESM2,0.9
IM066,RCIP0063,6.818872181311997e-13,25,ESM2,0.9
IM066,RCIP0091,6.360823326390097e-13,26,ESM2,0.9
IM066,RCIP0108,5.3654682015706265e-14,27,ESM2,0.9
IM074,RCIP0023,0.9999011754989624,1,ESM2,0.9
IM074,RCIP0083,0.9553203582763672,2,ESM2,0.9
IM074,RCIP0074,0.8309037089347839,3,ESM2,0.9
IM074,RCIP0064,0.5120083689689636,4,ESM2,0.9
IM074,RCIP0082,3.656986564237741e-06,5,ESM2,0.9
IM074,RCIP0111,3.11760004478856e-06,6,ESM2,0.9
IM074,RCIP0090,2.412282810837496e-06,7,ESM2,0.9
IM074,RCIP0014,1.1335577028148691e-06,8,ESM2,0.9
IM074,RCIP0004,1.1276878240096266e-06,9,ESM2,0.9
IM074,RCIP0112,1.0344228940084577e-06,10,ESM2,0.9
IM074,RCIP0028,5.060085754848842e-07,11,ESM2,0.9
IM074,RCIP0113,2.3953114691721566e-07,12,ESM2,0.9
IM074,RCIP0110,1.8855297412301297e-07,13,ESM2,0.9
IM074,RCIP0067,8.107424953607278e-09,14,ESM2,0.9
IM074,RCIP0085,6.677867148141559e-10,15,ESM2,0.9
IM074,RCIP0104,4.578601109361813e-10,16,ESM2,0.9
IM074,RCIP0069,4.40555786296315e-10,17,ESM2,0.9
IM074,RCIP0106,3.815005811258487e-10,18,ESM2,0.9
IM074,RCIP0034,1.2496373380521675e-10,19,ESM2,0.9
IM074,RCIP0098,1.173041525026619e-10,20,ESM2,0.9
IM074,RCIP0099,5.7811165576904244e-11,21,ESM2,0.9
IM074,RCIP0089,2.0830902974777743e-11,22,ESM2,0.9
IM074,RCIP0109,7.513850652784981e-12,23,ESM2,0.9
IM074,RCIP0058,3.52074424302129e-12,24,ESM2,0.9
IM074,RCIP0063,4.557196091846405e-13,25,ESM2,0.9
IM074,RCIP0091,3.6147604007275014e-13,26,ESM2,0.9
IM074,RCIP0108,4.0652136740421466e-14,27,ESM2,0.9
IM085,RCIP0023,0.9999309778213501,1,ESM2,0.9
IM085,RCIP0083,0.9729118943214417,2,ESM2,0.9
IM085,RCIP0074,0.8930401802062988,3,ESM2,0.9
IM085,RCIP0064,0.6466687917709351,4,ESM2,0.9
IM085,RCIP0090,9.741093890625052e-06,5,ESM2,0.9
IM085,RCIP0082,8.568821613152977e-06,6,ESM2,0.9
IM085,RCIP0111,6.990571819187608e-06,7,ESM2,0.9
IM085,RCIP0004,5.90423951507546e-06,8,ESM2,0.9
IM085,RCIP0112,2.3066927496984135e-06,9,ESM2,0.9
IM085,RCIP0028,2.3029585918266093e-06,10,ESM2,0.9
IM085,RCIP0014,1.8406869912723778e-06,11,ESM2,0.9
IM085,RCIP0110,1.021374600895797e-06,12,ESM2,0.9
IM085,RCIP0113,7.435536986122315e-07,13,ESM2,0.9
IM085,RCIP0067,4.178986401370821e-08,14,ESM2,0.9
IM085,RCIP0069,3.996965425301369e-09,15,ESM2,0.9
IM085,RCIP0085,3.1037865610983317e-09,16,ESM2,0.9
IM085,RCIP0106,9.001215883763791e-10,17,ESM2,0.9
IM085,RCIP0104,8.207574064833523e-10,18,ESM2,0.9
IM085,RCIP0099,3.6975386641380226e-10,19,ESM2,0.9
IM085,RCIP0089,1.1272834748998761e-10,20,ESM2,0.9
IM085,RCIP0034,6.357603332673989e-11,21,ESM2,0.9
IM085,RCIP0098,6.060742185898249e-11,22,ESM2,0.9
IM085,RCIP0109,5.974272465625319e-11,23,ESM2,0.9
IM085,RCIP0058,4.281654891746811e-12,24,ESM2,0.9
IM085,RCIP0091,1.5363370298171475e-12,25,ESM2,0.9
IM085,RCIP0063,1.0427069364188357e-12,26,ESM2,0.9
IM085,RCIP0108,7.439460560174777e-14,27,ESM2,0.9
IM088,RCIP0023,0.9998981952667236,1,ESM2,0.9
IM088,RCIP0083,0.9917048215866089,2,ESM2,0.9
IM088,RCIP0074,0.9656950831413269,3,ESM2,0.9
IM088,RCIP0064,0.8656972646713257,4,ESM2,0.9
IM088,RCIP0111,6.191667125676759e-06,5,ESM2,0.9
IM088,RCIP0082,5.202000920689898e-06,6,ESM2,0.9
IM088,RCIP0090,3.0603578125010245e-06,7,ESM2,0.9
IM088,RCIP0112,2.059136704701814e-06,8,ESM2,0.9
IM088,RCIP0014,1.8475808474249789e-06,9,ESM2,0.9
IM088,RCIP0004,1.5214785662465147e-06,10,ESM2,0.9
IM088,RCIP0028,2.4611483695480274e-07,11,ESM2,0.9
IM088,RCIP0113,2.3761610634664976e-07,12,ESM2,0.9
IM088,RCIP0110,1.530526105852914e-07,13,ESM2,0.9
IM088,RCIP0067,8.821533725722475e-09,14,ESM2,0.9
IM088,RCIP0034,1.2644187918908756e-09,15,ESM2,0.9
IM088,RCIP0098,1.1878320549385535e-09,16,ESM2,0.9
IM088,RCIP0104,8.633136427960153e-10,17,ESM2,0.9
IM088,RCIP0085,8.400079520853865e-10,18,ESM2,0.9
IM088,RCIP0069,3.7268160779646564e-10,19,ESM2,0.9
IM088,RCIP0106,3.5087610594786156e-10,20,ESM2,0.9
IM088,RCIP0099,8.569445153483457e-11,21,ESM2,0.9
IM088,RCIP0089,1.616946507243533e-11,22,ESM2,0.9
IM088,RCIP0058,1.591204078221775e-11,23,ESM2,0.9
IM088,RCIP0109,7.791782843935557e-12,24,ESM2,0.9
IM088,RCIP0063,3.545541410378966e-13,25,ESM2,0.9
IM088,RCIP0091,2.9111587272756534e-13,26,ESM2,0.9
IM088,RCIP0108,3.380803598770736e-14,27,ESM2,0.9
IM094,RCIP0023,0.9998965263366699,1,ESM2,0.9
IM094,RCIP0083,0.9927224516868591,2,ESM2,0.9
IM094,RCIP0074,0.9701820015907288,3,ESM2,0.9
IM094,RCIP0064,0.8827827572822571,4,ESM2,0.9
IM094,RCIP0111,6.411059530364582e-06,5,ESM2,0.9
IM094,RCIP0082,5.125637017044937e-06,6,ESM2,0.9
IM094,RCIP0090,2.932896450147382e-06,7,ESM2,0.9
IM094,RCIP0112,2.1381554233812494e-06,8,ESM2,0.9
IM094,RCIP0014,1.8492802382752416e-06,9,ESM2,0.9
IM094,RCIP0004,1.4261042906582588e-06,10,ESM2,0.9
IM094,RCIP0028,2.427539129712386e-07,11,ESM2,0.9
IM094,RCIP0113,2.258396989418543e-07,12,ESM2,0.9
IM094,RCIP0110,1.45528858297439e-07,13,ESM2,0.9
IM094,RCIP0067,8.471943147014827e-09,14,ESM2,0.9
IM094,RCIP0034,1.2698665452504088e-09,15,ESM2,0.9
IM094,RCIP0098,1.195845200641088e-09,16,ESM2,0.9
IM094,RCIP0104,8.360822034703119e-10,17,ESM2,0.9
IM094,RCIP0085,8.072794099867053e-10,18,ESM2,0.9
IM094,RCIP0069,3.723867325611252e-10,19,ESM2,0.9
IM094,RCIP0106,3.4680483484983426e-10,20,ESM2,0.9
IM094,RCIP0099,8.417525704240703e-11,21,ESM2,0.9
IM094,RCIP0089,1.5763479063735097e-11,22,ESM2,0.9
IM094,RCIP0058,1.5116798438019607e-11,23,ESM2,0.9
IM094,RCIP0109,7.560024654906794e-12,24,ESM2,0.9
IM094,RCIP0063,3.408432932595906e-13,25,ESM2,0.9
IM094,RCIP0091,2.785588057961641e-13,26,ESM2,0.9
IM094,RCIP0108,3.24875759974419e-14,27,ESM2,0.9
IM_023,RCIP0023,0.9994704127311707,1,ESM2,0.995
IM_023,RCIP0074,0.9991724491119385,2,ESM2,0.995
IM_023,RCIP0083,0.999125063419342,3,ESM2,0.995
IM_023,RCIP0064,0.998907208442688,4,ESM2,0.995
IM_023,RCIP0028,0.9986567497253418,5,ESM2,0.995
IM_023,RCIP0098,0.9949594736099243,6,ESM2,0.995
IM_023,RCIP0034,0.9947013854980469,7,ESM2,0.995
IM_023,RCIP0058,0.827073335647583,8,ESM2,0.995
IM_023,RCIP0104,0.06422710418701172,9,ESM2,0.995
IM_023,RCIP0106,6.247169221751392e-05,10,ESM2,0.995
IM_023,RCIP0108,2.1539477529586293e-05,11,ESM2,0.995
IM_023,RCIP0085,8.688060916028917e-06,12,ESM2,0.995
IM_023,RCIP0004,3.959766672778642e-06,13,ESM2,0.995
IM_023,RCIP0014,1.161371415037138e-06,14,ESM2,0.995
IM_023,RCIP0067,8.36399408399302e-07,15,ESM2,0.995
IM_023,RCIP0111,5.501630084836506e-07,16,ESM2,0.995
IM_023,RCIP0112,5.170265353626746e-07,17,ESM2,0.995
IM_023,RCIP0099,3.528448928591388e-07,18,ESM2,0.995
IM_023,RCIP0090,1.7545158925713622e-07,19,ESM2,0.995
IM_023,RCIP0082,1.3517090735604143e-07,20,ESM2,0.995
IM_023,RCIP0063,1.1243710673625174e-07,21,ESM2,0.995
IM_023,RCIP0110,1.1128499011192616e-07,22,ESM2,0.995
IM_023,RCIP0109,1.1007326605749768e-07,23,ESM2,0.995
IM_023,RCIP0091,4.249834617553461e-08,24,ESM2,0.995
IM_023,RCIP0113,2.362463114025104e-08,25,ESM2,0.995
IM_023,RCIP0089,1.783297598478839e-08,26,ESM2,0.995
IM_023,RCIP0069,2.0870654093840812e-09,27,ESM2,0.995
NK06130,RCIP0069,0.9998695850372314,1,ESM2,0.999
NK06130,RCIP0112,0.9998664855957031,2,ESM2,0.999
NK06130,RCIP0111,0.9998501539230347,3,ESM2,0.999
NK06130,RCIP0014,0.9990062117576599,4,ESM2,0.999
NK06130,RCIP0082,0.9989305138587952,5,ESM2,0.999
NK06130,RCIP0099,0.9896173477172852,6,ESM2,0.999
NK06130,RCIP0089,0.9819765090942383,7,ESM2,0.999
NK06130,RCIP0067,0.981383740901947,8,ESM2,0.999
NK06130,RCIP0109,0.9785753488540649,9,ESM2,0.999
NK06130,RCIP0106,0.9691011905670166,10,ESM2,0.999
NK06130,RCIP0004,0.9655658006668091,11,ESM2,0.999
NK06130,RCIP0085,0.9653311371803284,12,ESM2,0.999
NK06130,RCIP0104,0.9640558958053589,13,ESM2,0.999
NK06130,RCIP0058,0.9628625512123108,14,ESM2,0.999
NK06130,RCIP0091,0.9419190883636475,15,ESM2,0.999
NK06130,RCIP0110,0.9203048348426819,16,ESM2,0.999
NK06130,RCIP0090,0.8653217554092407,17,ESM2,0.999
NK06130,RCIP0098,0.7939676642417908,18,ESM2,0.999
NK06130,RCIP0034,0.7909950613975525,19,ESM2,0.999
NK06130,RCIP0108,0.7754861116409302,20,ESM2,0.999
NK06130,RCIP0113,0.5760019421577454,21,ESM2,0.999
NK06130,RCIP0063,0.5724024176597595,22,ESM2,0.999
NK06130,RCIP0023,0.000325311761116609,23,ESM2,0.999
NK06130,RCIP0064,0.00012091361713828519,24,ESM2,0.999
NK06130,RCIP0083,9.915680129779503e-05,25,ESM2,0.999
NK06130,RCIP0074,9.628449333831668e-05,26,ESM2,0.999
NK06130,RCIP0028,5.5161446653073654e-05,27,ESM2,0.999
NK06145,RCIP0069,0.9998695850372314,1,ESM2,0.999
NK06145,RCIP0112,0.9998664855957031,2,ESM2,0.999
NK06145,RCIP0111,0.9998501539230347,3,ESM2,0.999
NK06145,RCIP0014,0.9990062117576599,4,ESM2,0.999
NK06145,RCIP0082,0.9989305138587952,5,ESM2,0.999
NK06145,RCIP0099,0.9896173477172852,6,ESM2,0.999
NK06145,RCIP0089,0.9819765090942383,7,ESM2,0.999
NK06145,RCIP0067,0.981383740901947,8,ESM2,0.999
NK06145,RCIP0109,0.9785753488540649,9,ESM2,0.999
NK06145,RCIP0106,0.9691011905670166,10,ESM2,0.999
NK06145,RCIP0004,0.9655658006668091,11,ESM2,0.999
NK06145,RCIP0085,0.9653311371803284,12,ESM2,0.999
NK06145,RCIP0104,0.9640558958053589,13,ESM2,0.999
NK06145,RCIP0058,0.9628625512123108,14,ESM2,0.999
NK06145,RCIP0091,0.9419190883636475,15,ESM2,0.999
NK06145,RCIP0110,0.9203048348426819,16,ESM2,0.999
NK06145,RCIP0090,0.8653216361999512,17,ESM2,0.999
NK06145,RCIP0098,0.7939676642417908,18,ESM2,0.999
NK06145,RCIP0034,0.790995180606842,19,ESM2,0.999
NK06145,RCIP0108,0.7754861116409302,20,ESM2,0.999
NK06145,RCIP0113,0.5760019421577454,21,ESM2,0.999
NK06145,RCIP0063,0.5724024176597595,22,ESM2,0.999
NK06145,RCIP0023,0.000325311761116609,23,ESM2,0.999
NK06145,RCIP0064,0.00012091361713828519,24,ESM2,0.999
NK06145,RCIP0083,9.915680129779503e-05,25,ESM2,0.999
NK06145,RCIP0074,9.628458792576566e-05,26,ESM2,0.999
NK06145,RCIP0028,5.5161446653073654e-05,27,ESM2,0.999
NK06248,RCIP0069,0.9998692274093628,1,ESM2,0.99
NK06248,RCIP0112,0.9998618364334106,2,ESM2,0.99
NK06248,RCIP0111,0.9998441934585571,3,ESM2,0.99
NK06248,RCIP0082,0.9989726543426514,4,ESM2,0.99
NK06248,RCIP0014,0.9989338517189026,5,ESM2,0.99
NK06248,RCIP0099,0.9892051219940186,6,ESM2,0.99
NK06248,RCIP0089,0.9823087453842163,7,ESM2,0.99
NK06248,RCIP0067,0.9815744757652283,8,ESM2,0.99
NK06248,RCIP0109,0.9790394902229309,9,ESM2,0.99
NK06248,RCIP0106,0.9655449390411377,10,ESM2,0.99
NK06248,RCIP0104,0.9642871618270874,11,ESM2,0.99
NK06248,RCIP0058,0.9642598032951355,12,ESM2,0.99
NK06248,RCIP0004,0.9640978574752808,13,ESM2,0.99
NK06248,RCIP0085,0.963591456413269,14,ESM2,0.99
NK06248,RCIP0091,0.9352906942367554,15,ESM2,0.99
NK06248,RCIP0110,0.9189426898956299,16,ESM2,0.99
NK06248,RCIP0090,0.8579303026199341,17,ESM2,0.99
NK06248,RCIP0098,0.7922319769859314,18,ESM2,0.99
NK06248,RCIP0034,0.788518488407135,19,ESM2,0.99
NK06248,RCIP0108,0.7730781435966492,20,ESM2,0.99
NK06248,RCIP0113,0.5892109870910645,21,ESM2,0.99
NK06248,RCIP0063,0.5503212809562683,22,ESM2,0.99
NK06248,RCIP0023,0.0004234388761688024,23,ESM2,0.99
NK06248,RCIP0064,0.000151179832755588,24,ESM2,0.99
NK06248,RCIP0083,0.0001202962885145098,25,ESM2,0.99
NK06248,RCIP0074,0.00011920247197849676,26,ESM2,0.99
NK06248,RCIP0028,6.400279380613938e-05,27,ESM2,0.99
NK08119,RCIP0069,0.999868631362915,1,ESM2,0.999
NK08119,RCIP0112,0.9998656511306763,2,ESM2,0.999
NK08119,RCIP0111,0.9998493194580078,3,ESM2,0.999
NK08119,RCIP0014,0.9990039467811584,4,ESM2,0.999
NK08119,RCIP0082,0.9989283680915833,5,ESM2,0.999
NK08119,RCIP0099,0.9894270896911621,6,ESM2,0.999
NK08119,RCIP0089,0.9816758036613464,7,ESM2,0.999
NK08119,RCIP0067,0.9812799692153931,8,ESM2,0.999
NK08119,RCIP0109,0.978270411491394,9,ESM2,0.999
NK08119,RCIP0106,0.9685500264167786,10,ESM2,0.999
NK08119,RCIP0004,0.9654441475868225,11,ESM2,0.999
NK08119,RCIP0085,0.9651350378990173,12,ESM2,0.999
NK08119,RCIP0104,0.9635404348373413,13,ESM2,0.999
NK08119,RCIP0058,0.9626654386520386,14,ESM2,0.999
NK08119,RCIP0091,0.9414757490158081,15,ESM2,0.999
NK08119,RCIP0110,0.9195095300674438,16,ESM2,0.999
NK08119,RCIP0090,0.8643956780433655,17,ESM2,0.999
NK08119,RCIP0098,0.7934515476226807,18,ESM2,0.999
NK08119,RCIP0034,0.7904844284057617,19,ESM2,0.999
NK08119,RCIP0108,0.7751514911651611,20,ESM2,0.999
NK08119,RCIP0113,0.5753140449523926,21,ESM2,0.999
NK08119,RCIP0063,0.5717259049415588,22,ESM2,0.999
NK08119,RCIP0023,0.00032562139676883817,23,ESM2,0.999
NK08119,RCIP0064,0.00012036237603751943,24,ESM2,0.999
NK08119,RCIP0083,9.871799557004124e-05,25,ESM2,0.999
NK08119,RCIP0074,9.581007179804146e-05,26,ESM2,0.999
NK08119,RCIP0028,5.493964999914169e-05,27,ESM2,0.999
NK08370,RCIP0069,0.999995231628418,1,ESM2,0.9
NK08370,RCIP0111,0.9999880790710449,2,ESM2,0.9
NK08370,RCIP0112,0.9999878406524658,3,ESM2,0.9
NK08370,RCIP0099,0.9999418258666992,4,ESM2,0.9
NK08370,RCIP0106,0.999904990196228,5,ESM2,0.9
NK08370,RCIP0089,0.999842643737793,6,ESM2,0.9
NK08370,RCIP0109,0.9998160004615784,7,ESM2,0.9
NK08370,RCIP0104,0.9997617602348328,8,ESM2,0.9
NK08370,RCIP0014,0.9996803998947144,9,ESM2,0.9
NK08370,RCIP0082,0.9996022582054138,10,ESM2,0.9
NK08370,RCIP0067,0.9993320107460022,11,ESM2,0.9
NK08370,RCIP0085,0.9986240863800049,12,ESM2,0.9
NK08370,RCIP0113,0.9984205961227417,13,ESM2,0.9
NK08370,RCIP0004,0.9983135461807251,14,ESM2,0.9
NK08370,RCIP0091,0.9972623586654663,15,ESM2,0.9
NK08370,RCIP0110,0.9967358708381653,16,ESM2,0.9
NK08370,RCIP0058,0.9919551014900208,17,ESM2,0.9
NK08370,RCIP0090,0.9901752471923828,18,ESM2,0.9
NK08370,RCIP0098,0.9729124903678894,19,ESM2,0.9
NK08370,RCIP0034,0.9705767035484314,20,ESM2,0.9
NK08370,RCIP0108,0.927134096622467,21,ESM2,0.9
NK08370,RCIP0063,0.7862111926078796,22,ESM2,0.9
NK08370,RCIP0064,9.081098141905386e-06,23,ESM2,0.9
NK08370,RCIP0074,6.3586094256606884e-06,24,ESM2,0.9
NK08370,RCIP0083,6.166204457258573e-06,25,ESM2,0.9
NK08370,RCIP0028,2.543755499573308e-06,26,ESM2,0.9
NK08370,RCIP0023,1.203747501676844e-06,27,ESM2,0.9
IM001,RCIP0074,0.9993040561676025,1,ESMC,0.99
IM001,RCIP0083,0.9992671608924866,2,ESMC,0.99
IM001,RCIP0064,0.9991274476051331,3,ESMC,0.99
IM001,RCIP0028,0.9990081191062927,4,ESMC,0.99
IM001,RCIP0023,0.9989991784095764,5,ESMC,0.99
IM001,RCIP0098,0.993335485458374,6,ESMC,0.99
IM001,RCIP0034,0.9919213056564331,7,ESMC,0.99
IM001,RCIP0058,0.6515703797340393,8,ESMC,0.99
IM001,RCIP0104,0.004730822052806616,9,ESMC,0.99
IM001,RCIP0108,0.0005482994602061808,10,ESMC,0.99
IM001,RCIP0109,1.7230686353286728e-05,11,ESMC,0.99
IM001,RCIP0106,9.522915206616744e-06,12,ESMC,0.99
IM001,RCIP0004,6.13810152572114e-06,13,ESMC,0.99
IM001,RCIP0085,6.008741593177547e-07,14,ESMC,0.99
IM001,RCIP0067,3.706301754391461e-07,15,ESMC,0.99
IM001,RCIP0111,1.1182095249751001e-07,16,ESMC,0.99
IM001,RCIP0112,8.067722490068263e-08,17,ESMC,0.99
IM001,RCIP0099,6.611287517443998e-08,18,ESMC,0.99
IM001,RCIP0063,4.8196440616266045e-08,19,ESMC,0.99
IM001,RCIP0014,4.5114479263475005e-08,20,ESMC,0.99
IM001,RCIP0091,2.9275138757611785e-08,21,ESMC,0.99
IM001,RCIP0082,1.7510751959548543e-08,22,ESMC,0.99
IM001,RCIP0090,1.6409279268714272e-08,23,ESMC,0.99
IM001,RCIP0069,1.4528114711254148e-08,24,ESMC,0.99
IM001,RCIP0110,1.3783646224396762e-08,25,ESMC,0.99
IM001,RCIP0089,1.9786940974597655e-09,26,ESMC,0.99
IM001,RCIP0113,4.321385194128169e-10,27,ESMC,0.99
IM018,RCIP0023,0.9997125267982483,1,ESMC,0.9
IM018,RCIP0110,0.251852422952652,2,ESMC,0.9
IM018,RCIP0090,0.0895332396030426,3,ESMC,0.9
IM018,RCIP0106,0.06281359493732452,4,ESMC,0.9
IM018,RCIP0099,0.022745849564671516,5,ESMC,0.9
IM018,RCIP0091,0.021033596247434616,6,ESMC,0.9
IM018,RCIP0109,0.014126199297606945,7,ESMC,0.9
IM018,RCIP0028,0.011230429634451866,8,ESMC,0.9
IM018,RCIP0089,0.007987636141479015,9,ESMC,0.9
IM018,RCIP0104,0.0057752118445932865,10,ESMC,0.9
IM018,RCIP0004,0.00029053480830043554,11,ESMC,0.9
IM018,RCIP0108,2.6588477339828387e-06,12,ESMC,0.9
IM018,RCIP0058,7.640522881047218e-08,13,ESMC,0.9
IM018,RCIP0085,5.3127745758274614e-08,14,ESMC,0.9
IM018,RCIP0063,3.1348630358252194e-08,15,ESMC,0.9
IM018,RCIP0064,2.6993351553983302e-08,16,ESMC,0.9
IM018,RCIP0074,2.529096043701884e-08,17,ESMC,0.9
IM018,RCIP0083,2.4333770554108014e-08,18,ESMC,0.9
IM018,RCIP0113,1.3745972360368341e-08,19,ESMC,0.9
IM018,RCIP0067,5.2161386321358805e-09,20,ESMC,0.9
IM018,RCIP0082,4.2163015301355244e-09,21,ESMC,0.9
IM018,RCIP0069,1.8115834388154894e-09,22,ESMC,0.9
IM018,RCIP0014,1.477088673595972e-09,23,ESMC,0.9
IM018,RCIP0098,6.744017566617799e-10,24,ESMC,0.9
IM018,RCIP0034,4.071841197550441e-10,25,ESMC,0.9
IM018,RCIP0111,7.665424718583669e-12,26,ESMC,0.9
IM018,RCIP0112,4.566508195885666e-12,27,ESMC,0.9
IM043,RCIP0074,0.9992802739143372,1,ESMC,0.99
IM043,RCIP0083,0.9992414712905884,2,ESMC,0.99
IM043,RCIP0064,0.9990971088409424,3,ESMC,0.99
IM043,RCIP0023,0.9990317821502686,4,ESMC,0.99
IM043,RCIP0028,0.9990158081054688,5,ESMC,0.99
IM043,RCIP0098,0.9931651949882507,6,ESMC,0.99
IM043,RCIP0034,0.9917284846305847,7,ESMC,0.99
IM043,RCIP0058,0.6559740304946899,8,ESMC,0.99
IM043,RCIP0104,0.0052187093533575535,9,ESMC,0.99
IM043,RCIP0108,0.0005835476331412792,10,ESMC,0.99
IM043,RCIP0109,1.9205450371373445e-05,11,ESMC,0.99
IM043,RCIP0106,1.0994923286489211e-05,12,ESMC,0.99
IM043,RCIP0004,6.283697075559758e-06,13,ESMC,0.99
IM043,RCIP0085,5.971159566797724e-07,14,ESMC,0.99
IM043,RCIP0067,3.4631406720109226e-07,15,ESMC,0.99
IM043,RCIP0111,9.927519073471558e-08,16,ESMC,0.99
IM043,RCIP0099,7.555859582453195e-08,17,ESMC,0.99
IM043,RCIP0112,7.120650025171926e-08,18,ESMC,0.99
IM043,RCIP0063,5.083243337367094e-08,19,ESMC,0.99
IM043,RCIP0014,3.894292532891086e-08,20,ESMC,0.99
IM043,RCIP0091,3.372344536956007e-08,21,ESMC,0.99
IM043,RCIP0090,1.878991362502802e-08,22,ESMC,0.99
IM043,RCIP0110,1.596989562813178e-08,23,ESMC,0.99
IM043,RCIP0082,1.530108306724287e-08,24,ESMC,0.99
IM043,RCIP0069,1.4112670143617834e-08,25,ESMC,0.99
IM043,RCIP0089,2.2518229503276643e-09,26,ESMC,0.99
IM043,RCIP0113,4.170637168954272e-10,27,ESMC,0.99
IM061_1,RCIP0074,0.9995476603507996,1,ESMC,0.995
IM061_1,RCIP0083,0.9995212554931641,2,ESMC,0.995
IM061_1,RCIP0064,0.9994162321090698,3,ESMC,0.995
IM061_1,RCIP0023,0.9993560910224915,4,ESMC,0.995
IM061_1,RCIP0028,0.9992054104804993,5,ESMC,0.995
IM061_1,RCIP0098,0.9946107864379883,6,ESMC,0.995
IM061_1,RCIP0034,0.9934914708137512,7,ESMC,0.995
IM061_1,RCIP0058,0.6101297736167908,8,ESMC,0.995
IM061_1,RCIP0104,0.0009907287312671542,9,ESMC,0.995
IM061_1,RCIP0108,0.00010859008034458384,10,ESMC,0.995
IM061_1,RCIP0109,3.385581067050225e-06,11,ESMC,0.995
IM061_1,RCIP0004,1.6800020148366457e-06,12,ESMC,0.995
IM061_1,RCIP0106,1.26990198623389e-06,13,ESMC,0.995
IM061_1,RCIP0067,2.2773453167701518e-07,14,ESMC,0.995
IM061_1,RCIP0085,1.0818396845024836e-07,15,ESMC,0.995
IM061_1,RCIP0014,8.208348845073488e-08,16,ESMC,0.995
IM061_1,RCIP0111,5.333680519470363e-08,17,ESMC,0.995
IM061_1,RCIP0112,3.951757676645684e-08,18,ESMC,0.995
IM061_1,RCIP0082,3.2227848834054384e-08,19,ESMC,0.995
IM061_1,RCIP0069,1.549716266424639e-08,20,ESMC,0.995
IM061_1,RCIP0099,1.0115982718161831e-08,21,ESMC,0.995
IM061_1,RCIP0090,5.039952455376806e-09,22,ESMC,0.995
IM061_1,RCIP0110,4.987623647423334e-09,23,ESMC,0.995
IM061_1,RCIP0063,3.748647614543188e-09,24,ESMC,0.995
IM061_1,RCIP0091,2.595384351877783e-09,25,ESMC,0.995
IM061_1,RCIP0089,3.7925299012364633e-10,26,ESMC,0.995
IM061_1,RCIP0113,2.765470075161147e-10,27,ESMC,0.995
IM066,RCIP0064,0.9997513890266418,1,ESMC,0.9
IM066,RCIP0083,0.9997276663780212,2,ESMC,0.9
IM066,RCIP0074,0.9997264742851257,3,ESMC,0.9
IM066,RCIP0014,0.17945444583892822,4,ESMC,0.9
IM066,RCIP0023,0.17697057127952576,5,ESMC,0.9
IM066,RCIP0082,0.04786190018057823,6,ESMC,0.9
IM066,RCIP0034,0.004569836426526308,7,ESMC,0.9
IM066,RCIP0098,0.0027823455166071653,8,ESMC,0.9
IM066,RCIP0111,0.0012817790266126394,9,ESMC,0.9
IM066,RCIP0112,0.0012074284022673965,10,ESMC,0.9
IM066,RCIP0028,4.9048718210542575e-05,11,ESMC,0.9
IM066,RCIP0110,3.587840183172375e-05,12,ESMC,0.9
IM066,RCIP0090,1.2079913176421542e-05,13,ESMC,0.9
IM066,RCIP0058,6.77872719734296e-07,14,ESMC,0.9
IM066,RCIP0067,1.6960213145011949e-07,15,ESMC,0.9
IM066,RCIP0113,3.2316609832605536e-08,16,ESMC,0.9
IM066,RCIP0069,2.7483412878837044e-08,17,ESMC,0.9
IM066,RCIP0099,2.273736043889585e-08,18,ESMC,0.9
IM066,RCIP0089,6.654399697936242e-09,19,ESMC,0.9
IM066,RCIP0109,3.9263619022733565e-09,20,ESMC,0.9
IM066,RCIP0104,3.457641062354355e-09,21,ESMC,0.9
IM066,RCIP0106,1.6658812107550602e-09,22,ESMC,0.9
IM066,RCIP0004,1.0602707600781969e-09,23,ESMC,0.9
IM066,RCIP0063,1.995791448772266e-10,24,ESMC,0.9
IM066,RCIP0108,1.145053080131575e-10,25,ESMC,0.9
IM066,RCIP0085,1.778875137470326e-11,26,ESMC,0.9
IM066,RCIP0091,1.1861689581948998e-11,27,ESMC,0.9
IM074,RCIP0064,0.9997615218162537,1,ESMC,0.9
IM074,RCIP0083,0.9997403025627136,2,ESMC,0.9
IM074,RCIP0074,0.9997397065162659,3,ESMC,0.9
IM074,RCIP0014,0.20408236980438232,4,ESMC,0.9
IM074,RCIP0023,0.15847747027873993,5,ESMC,0.9
IM074,RCIP0082,0.05587315186858177,6,ESMC,0.9
IM074,RCIP0034,0.005551198963075876,7,ESMC,0.9
IM074,RCIP0098,0.0033965525217354298,8,ESMC,0.9
IM074,RCIP0111,0.0016173882177099586,9,ESMC,0.9
IM074,RCIP0112,0.001522989827208221,10,ESMC,0.9
IM074,RCIP0028,4.619879837264307e-05,11,ESMC,0.9
IM074,RCIP0110,3.57946046278812e-05,12,ESMC,0.9
IM074,RCIP0090,1.236989010067191e-05,13,ESMC,0.9
IM074,RCIP0058,6.908767318236642e-07,14,ESMC,0.9
IM074,RCIP0067,1.926060235746263e-07,15,ESMC,0.9
IM074,RCIP0113,3.5120788055564844e-08,16,ESMC,0.9
IM074,RCIP0069,3.0826665664562825e-08,17,ESMC,0.9
IM074,RCIP0099,2.5117032009802642e-08,18,ESMC,0.9
IM074,RCIP0089,7.057368467400238e-09,19,ESMC,0.9
IM074,RCIP0109,4.413676535364175e-09,20,ESMC,0.9
IM074,RCIP0104,3.7001790520463373e-09,21,ESMC,0.9
IM074,RCIP0106,1.7301752253118252e-09,22,ESMC,0.9
IM074,RCIP0004,1.129640936348153e-09,23,ESMC,0.9
IM074,RCIP0063,2.145619515392383e-10,24,ESMC,0.9
IM074,RCIP0108,1.19312892898904e-10,25,ESMC,0.9
IM074,RCIP0085,2.0262298783269017e-11,26,ESMC,0.9
IM074,RCIP0091,1.2578460842349592e-11,27,ESMC,0.9
IM085,RCIP0064,0.9968275427818298,1,ESMC,0.9
IM085,RCIP0083,0.9959476590156555,2,ESMC,0.9
IM085,RCIP0074,0.9957692623138428,3,ESMC,0.9
IM085,RCIP0014,0.1783570796251297,4,ESMC,0.9
IM085,RCIP0023,0.15636597573757172,5,ESMC,0.9
IM085,RCIP0082,0.09081033617258072,6,ESMC,0.9
IM085,RCIP0111,0.020175717771053314,7,ESMC,0.9
IM085,RCIP0112,0.01560367364436388,8,ESMC,0.9
IM085,RCIP0110,0.0011240857420489192,9,ESMC,0.9
IM085,RCIP0034,0.0007602557307109237,10,ESMC,0.9
IM085,RCIP0090,0.0005207718349993229,11,ESMC,0.9
IM085,RCIP0098,0.0005063375574536622,12,ESMC,0.9
IM085,RCIP0028,0.00010990810551447794,13,ESMC,0.9
IM085,RCIP0099,2.6714799332694383e-06,14,ESMC,0.9
IM085,RCIP0058,1.0078937293656054e-06,15,ESMC,0.9
IM085,RCIP0109,6.043360940566345e-07,16,ESMC,0.9
IM085,RCIP0067,2.8655847472691676e-07,17,ESMC,0.9
IM085,RCIP0089,1.9712598486876232e-07,18,ESMC,0.9
IM085,RCIP0069,1.3480273253207997e-07,19,ESMC,0.9
IM085,RCIP0104,1.3153970712664886e-07,20,ESMC,0.9
IM085,RCIP0106,9.278756607500327e-08,21,ESMC,0.9
IM085,RCIP0113,6.115362793934764e-08,22,ESMC,0.9
IM085,RCIP0004,8.785331573335498e-09,23,ESMC,0.9
IM085,RCIP0063,5.209914721859832e-09,24,ESMC,0.9
IM085,RCIP0091,1.468473120880276e-09,25,ESMC,0.9
IM085,RCIP0108,1.3106463692125203e-09,26,ESMC,0.9
IM085,RCIP0085,1.3372429552571674e-10,27,ESMC,0.9
IM088,RCIP0064,0.9843201637268066,1,ESMC,0.9
IM088,RCIP0083,0.978714644908905,2,ESMC,0.9
IM088,RCIP0023,0.9784683585166931,3,ESMC,0.9
IM088,RCIP0074,0.9779791235923767,4,ESMC,0.9
IM088,RCIP0028,0.002685721032321453,5,ESMC,0.9
IM088,RCIP0014,0.0007364468183368444,6,ESMC,0.9
IM088,RCIP0110,0.0005677159642800689,7,ESMC,0.9
IM088,RCIP0082,0.00029600196285173297,8,ESMC,0.9
IM088,RCIP0090,8.168826752807945e-05,9,ESMC,0.9
IM088,RCIP0111,7.844526408007368e-06,10,ESMC,0.9
IM088,RCIP0112,5.666411652782699e-06,11,ESMC,0.9
IM088,RCIP0034,5.27009115103283e-06,12,ESMC,0.9
IM088,RCIP0098,3.4641327602003003e-06,13,ESMC,0.9
IM088,RCIP0058,3.6111214285483584e-07,14,ESMC,0.9
IM088,RCIP0109,2.970446821848327e-08,15,ESMC,0.9
IM088,RCIP0099,2.90411712455807e-08,16,ESMC,0.9
IM088,RCIP0089,2.4545448340518305e-08,17,ESMC,0.9
IM088,RCIP0067,1.5000154007793753e-08,18,ESMC,0.9
IM088,RCIP0106,1.3278251387305318e-08,19,ESMC,0.9
IM088,RCIP0104,1.0539844552681643e-08,20,ESMC,0.9
IM088,RCIP0113,8.156903597011933e-09,21,ESMC,0.9
IM088,RCIP0069,6.412657072019101e-09,22,ESMC,0.9
IM088,RCIP0004,5.002943836984741e-09,23,ESMC,0.9
IM088,RCIP0108,4.5354550670673177e-10,24,ESMC,0.9
IM088,RCIP0091,9.00437086004402e-11,25,ESMC,0.9
IM088,RCIP0063,7.423411885199016e-11,26,ESMC,0.9
IM088,RCIP0085,5.539203644377988e-12,27,ESMC,0.9
IM094,RCIP0064,0.9843201637268066,1,ESMC,0.9
IM094,RCIP0083,0.978714644908905,2,ESMC,0.9
IM094,RCIP0023,0.9784683585166931,3,ESMC,0.9
IM094,RCIP0074,0.9779791235923767,4,ESMC,0.9
IM094,RCIP0028,0.002685723826289177,5,ESMC,0.9
IM094,RCIP0014,0.0007364474586211145,6,ESMC,0.9
IM094,RCIP0110,0.0005677159642800689,7,ESMC,0.9
IM094,RCIP0082,0.00029600225389003754,8,ESMC,0.9
IM094,RCIP0090,8.168826752807945e-05,9,ESMC,0.9
IM094,RCIP0111,7.84451185609214e-06,10,ESMC,0.9
IM094,RCIP0112,5.6664061958144885e-06,11,ESMC,0.9
IM094,RCIP0034,5.27009115103283e-06,12,ESMC,0.9
IM094,RCIP0098,3.4641327602003003e-06,13,ESMC,0.9
IM094,RCIP0058,3.6111214285483584e-07,14,ESMC,0.9
IM094,RCIP0109,2.970435630800239e-08,15,ESMC,0.9
IM094,RCIP0099,2.904122631264272e-08,16,ESMC,0.9
IM094,RCIP0089,2.4545448340518305e-08,17,ESMC,0.9
IM094,RCIP0067,1.5000154007793753e-08,18,ESMC,0.9
IM094,RCIP0106,1.3278251387305318e-08,19,ESMC,0.9
IM094,RCIP0104,1.0539864980785296e-08,20,ESMC,0.9
IM094,RCIP0113,8.156920472401907e-09,21,ESMC,0.9
IM094,RCIP0069,6.412657072019101e-09,22,ESMC,0.9
IM094,RCIP0004,5.002943836984741e-09,23,ESMC,0.9
IM094,RCIP0108,4.5354550670673177e-10,24,ESMC,0.9
IM094,RCIP0091,9.00437086004402e-11,25,ESMC,0.9
IM094,RCIP0063,7.423426456876214e-11,26,ESMC,0.9
IM094,RCIP0085,5.539214052718844e-12,27,ESMC,0.9
IM_023,RCIP0074,0.9995476603507996,1,ESMC,0.995
IM_023,RCIP0083,0.9995212554931641,2,ESMC,0.995
IM_023,RCIP0064,0.9994162321090698,3,ESMC,0.995
IM_023,RCIP0023,0.9993560910224915,4,ESMC,0.995
IM_023,RCIP0028,0.9992054104804993,5,ESMC,0.995
IM_023,RCIP0098,0.9946107864379883,6,ESMC,0.995
IM_023,RCIP0034,0.9934914708137512,7,ESMC,0.995
IM_023,RCIP0058,0.6101297736167908,8,ESMC,0.995
IM_023,RCIP0104,0.0009907287312671542,9,ESMC,0.995
IM_023,RCIP0108,0.00010858997848117724,10,ESMC,0.995
IM_023,RCIP0109,3.3855844776553567e-06,11,ESMC,0.995
IM_023,RCIP0004,1.6800020148366457e-06,12,ESMC,0.995
IM_023,RCIP0106,1.269903236789105e-06,13,ESMC,0.995
IM_023,RCIP0067,2.2773453167701518e-07,14,ESMC,0.995
IM_023,RCIP0085,1.0818396845024836e-07,15,ESMC,0.995
IM_023,RCIP0014,8.208348845073488e-08,16,ESMC,0.995
IM_023,RCIP0111,5.333680519470363e-08,17,ESMC,0.995
IM_023,RCIP0112,3.951757676645684e-08,18,ESMC,0.995
IM_023,RCIP0082,3.2227848834054384e-08,19,ESMC,0.995
IM_023,RCIP0069,1.549716266424639e-08,20,ESMC,0.995
IM_023,RCIP0099,1.0115982718161831e-08,21,ESMC,0.995
IM_023,RCIP0090,5.039952455376806e-09,22,ESMC,0.995
IM_023,RCIP0110,4.987623647423334e-09,23,ESMC,0.995
IM_023,RCIP0063,3.748647614543188e-09,24,ESMC,0.995
IM_023,RCIP0091,2.595384351877783e-09,25,ESMC,0.995
IM_023,RCIP0089,3.7925299012364633e-10,26,ESMC,0.995
IM_023,RCIP0113,2.765470075161147e-10,27,ESMC,0.995
NK06130,RCIP0111,0.9997938275337219,1,ESMC,0.999
NK06130,RCIP0112,0.9997536540031433,2,ESMC,0.999
NK06130,RCIP0069,0.9997273087501526,3,ESMC,0.999
NK06130,RCIP0082,0.9996777772903442,4,ESMC,0.999
NK06130,RCIP0014,0.9994157552719116,5,ESMC,0.999
NK06130,RCIP0099,0.9886838793754578,6,ESMC,0.999
NK06130,RCIP0067,0.982032835483551,7,ESMC,0.999
NK06130,RCIP0004,0.9786329865455627,8,ESMC,0.999
NK06130,RCIP0085,0.9782679080963135,9,ESMC,0.999
NK06130,RCIP0091,0.9757532477378845,10,ESMC,0.999
NK06130,RCIP0089,0.9754122495651245,11,ESMC,0.999
NK06130,RCIP0090,0.970925509929657,12,ESMC,0.999
NK06130,RCIP0106,0.9638148546218872,13,ESMC,0.999
NK06130,RCIP0109,0.9611360430717468,14,ESMC,0.999
NK06130,RCIP0104,0.9560766816139221,15,ESMC,0.999
NK06130,RCIP0113,0.9371045827865601,16,ESMC,0.999
NK06130,RCIP0110,0.8866335153579712,17,ESMC,0.999
NK06130,RCIP0108,0.8597684502601624,18,ESMC,0.999
NK06130,RCIP0098,0.8548114895820618,19,ESMC,0.999
NK06130,RCIP0034,0.8425986766815186,20,ESMC,0.999
NK06130,RCIP0063,0.773634135723114,21,ESMC,0.999
NK06130,RCIP0058,0.42793959379196167,22,ESMC,0.999
NK06130,RCIP0023,2.2285910745267756e-05,23,ESMC,0.999
NK06130,RCIP0028,2.3833536033635028e-06,24,ESMC,0.999
NK06130,RCIP0074,4.307889582833013e-07,25,ESMC,0.999
NK06130,RCIP0083,3.3530145060467476e-07,26,ESMC,0.999
NK06130,RCIP0064,1.4275653370532382e-07,27,ESMC,0.999
NK06145,RCIP0111,0.9997938275337219,1,ESMC,0.999
NK06145,RCIP0112,0.9997536540031433,2,ESMC,0.999
NK06145,RCIP0069,0.9997273087501526,3,ESMC,0.999
NK06145,RCIP0082,0.9996777772903442,4,ESMC,0.999
NK06145,RCIP0014,0.9994157552719116,5,ESMC,0.999
NK06145,RCIP0099,0.9886838793754578,6,ESMC,0.999
NK06145,RCIP0067,0.982032835483551,7,ESMC,0.999
NK06145,RCIP0004,0.9786329865455627,8,ESMC,0.999
NK06145,RCIP0085,0.9782679080963135,9,ESMC,0.999
NK06145,RCIP0091,0.9757532477378845,10,ESMC,0.999
NK06145,RCIP0089,0.9754122495651245,11,ESMC,0.999
NK06145,RCIP0090,0.970925509929657,12,ESMC,0.999
NK06145,RCIP0106,0.9638148546218872,13,ESMC,0.999
NK06145,RCIP0109,0.9611360430717468,14,ESMC,0.999
NK06145,RCIP0104,0.9560766816139221,15,ESMC,0.999
NK06145,RCIP0113,0.9371045827865601,16,ESMC,0.999
NK06145,RCIP0110,0.8866335153579712,17,ESMC,0.999
NK06145,RCIP0108,0.8597684502601624,18,ESMC,0.999
NK06145,RCIP0098,0.8548114895820618,19,ESMC,0.999
NK06145,RCIP0034,0.8425986766815186,20,ESMC,0.999
NK06145,RCIP0063,0.773634135723114,21,ESMC,0.999
NK06145,RCIP0058,0.4279395639896393,22,ESMC,0.999
NK06145,RCIP0023,2.2285934392130002e-05,23,ESMC,0.999
NK06145,RCIP0028,2.3833536033635028e-06,24,ESMC,0.999
NK06145,RCIP0074,4.307893277655239e-07,25,ESMC,0.999
NK06145,RCIP0083,3.353020758822822e-07,26,ESMC,0.999
NK06145,RCIP0064,1.4275653370532382e-07,27,ESMC,0.999
NK06248,RCIP0111,0.9998388290405273,1,ESMC,0.99
NK06248,RCIP0112,0.9997993111610413,2,ESMC,0.99
NK06248,RCIP0069,0.999735414981842,3,ESMC,0.99
NK06248,RCIP0082,0.99962317943573,4,ESMC,0.99
NK06248,RCIP0014,0.9993189573287964,5,ESMC,0.99
NK06248,RCIP0099,0.9892411828041077,6,ESMC,0.99
NK06248,RCIP0067,0.9838567972183228,7,ESMC,0.99
NK06248,RCIP0085,0.9799814820289612,8,ESMC,0.99
NK06248,RCIP0004,0.978785514831543,9,ESMC,0.99
NK06248,RCIP0091,0.9776827692985535,10,ESMC,0.99
NK06248,RCIP0089,0.9773808717727661,11,ESMC,0.99
NK06248,RCIP0090,0.9711794257164001,12,ESMC,0.99
NK06248,RCIP0106,0.9634069800376892,13,ESMC,0.99
NK06248,RCIP0109,0.9618943929672241,14,ESMC,0.99
NK06248,RCIP0104,0.9550122618675232,15,ESMC,0.99
NK06248,RCIP0113,0.9307948350906372,16,ESMC,0.99
NK06248,RCIP0110,0.8883607983589172,17,ESMC,0.99
NK06248,RCIP0108,0.8687282204627991,18,ESMC,0.99
NK06248,RCIP0098,0.8380066752433777,19,ESMC,0.99
NK06248,RCIP0034,0.8243363499641418,20,ESMC,0.99
NK06248,RCIP0063,0.7854529619216919,21,ESMC,0.99
NK06248,RCIP0058,0.46963295340538025,22,ESMC,0.99
NK06248,RCIP0023,2.6758460080600344e-05,23,ESMC,0.99
NK06248,RCIP0028,2.0069016954948893e-06,24,ESMC,0.99
NK06248,RCIP0074,3.002895141435147e-07,25,ESMC,0.99
NK06248,RCIP0083,2.323978947060823e-07,26,ESMC,0.99
NK06248,RCIP0064,9.656241672928445e-08,27,ESMC,0.99
NK08119,RCIP0111,0.9997938275337219,1,ESMC,0.999
NK08119,RCIP0112,0.9997536540031433,2,ESMC,0.999
NK08119,RCIP0069,0.9997273087501526,3,ESMC,0.999
NK08119,RCIP0082,0.9996777772903442,4,ESMC,0.999
NK08119,RCIP0014,0.9994157552719116,5,ESMC,0.999
NK08119,RCIP0099,0.9886839985847473,6,ESMC,0.999
NK08119,RCIP0067,0.982032835483551,7,ESMC,0.999
NK08119,RCIP0004,0.9786329865455627,8,ESMC,0.999
NK08119,RCIP0085,0.9782679080963135,9,ESMC,0.999
NK08119,RCIP0091,0.9757532477378845,10,ESMC,0.999
NK08119,RCIP0089,0.9754122495651245,11,ESMC,0.999
NK08119,RCIP0090,0.970925509929657,12,ESMC,0.999
NK08119,RCIP0106,0.9638148546218872,13,ESMC,0.999
NK08119,RCIP0109,0.9611360430717468,14,ESMC,0.999
NK08119,RCIP0104,0.9560766816139221,15,ESMC,0.999
NK08119,RCIP0113,0.9371045827865601,16,ESMC,0.999
NK08119,RCIP0110,0.8866335153579712,17,ESMC,0.999
NK08119,RCIP0108,0.8597684502601624,18,ESMC,0.999
NK08119,RCIP0098,0.8548114895820618,19,ESMC,0.999
NK08119,RCIP0034,0.842598557472229,20,ESMC,0.999
NK08119,RCIP0063,0.773634135723114,21,ESMC,0.999
NK08119,RCIP0058,0.42793959379196167,22,ESMC,0.999
NK08119,RCIP0023,2.2285934392130002e-05,23,ESMC,0.999
NK08119,RCIP0028,2.3833536033635028e-06,24,ESMC,0.999
NK08119,RCIP0074,4.307889582833013e-07,25,ESMC,0.999
NK08119,RCIP0083,3.3530145060467476e-07,26,ESMC,0.999
NK08119,RCIP0064,1.4275653370532382e-07,27,ESMC,0.999
NK08370,RCIP0111,0.9999572038650513,1,ESMC,0.9
NK08370,RCIP0069,0.9999537467956543,2,ESMC,0.9
NK08370,RCIP0112,0.999948263168335,3,ESMC,0.9
NK08370,RCIP0099,0.9998780488967896,4,ESMC,0.9
NK08370,RCIP0106,0.9997988343238831,5,ESMC,0.9
NK08370,RCIP0091,0.9997897744178772,6,ESMC,0.9
NK08370,RCIP0089,0.9997557997703552,7,ESMC,0.9
NK08370,RCIP0090,0.9995947480201721,8,ESMC,0.9
NK08370,RCIP0104,0.9995437264442444,9,ESMC,0.9
NK08370,RCIP0082,0.9993897676467896,10,ESMC,0.9
NK08370,RCIP0113,0.9991986155509949,11,ESMC,0.9
NK08370,RCIP0109,0.9990474581718445,12,ESMC,0.9
NK08370,RCIP0014,0.9988321661949158,13,ESMC,0.9
NK08370,RCIP0067,0.9985463619232178,14,ESMC,0.9
NK08370,RCIP0085,0.9984797835350037,15,ESMC,0.9
NK08370,RCIP0110,0.9979861974716187,16,ESMC,0.9
NK08370,RCIP0004,0.9959956407546997,17,ESMC,0.9
NK08370,RCIP0098,0.991805911064148,18,ESMC,0.9
NK08370,RCIP0034,0.9885623455047607,19,ESMC,0.9
NK08370,RCIP0108,0.9627395868301392,20,ESMC,0.9
NK08370,RCIP0063,0.7215713262557983,21,ESMC,0.9
NK08370,RCIP0058,0.07366803288459778,22,ESMC,0.9
NK08370,RCIP0074,6.703056669721263e-07,23,ESMC,0.9
NK08370,RCIP0083,4.982676955478382e-07,24,ESMC,0.9
NK08370,RCIP0064,3.145833886719629e-07,25,ESMC,0.9
NK08370,RCIP0028,1.5473128200937936e-07,26,ESMC,0.9
NK08370,RCIP0023,1.0114574955366606e-08,27,ESMC,0.9
IM001,RCIP0028,0.9973893761634827,1,LucaOne,0.99
IM001,RCIP0074,0.99736088514328,2,LucaOne,0.99
IM001,RCIP0083,0.9973478317260742,3,LucaOne,0.99
IM001,RCIP0064,0.9970141649246216,4,LucaOne,0.99
IM001,RCIP0023,0.9927627444267273,5,LucaOne,0.99
IM001,RCIP0098,0.9874725341796875,6,LucaOne,0.99
IM001,RCIP0034,0.9874292016029358,7,LucaOne,0.99
IM001,RCIP0058,0.8517864942550659,8,LucaOne,0.99
IM001,RCIP0104,0.6244242787361145,9,LucaOne,0.99
IM001,RCIP0106,0.014234518632292747,10,LucaOne,0.99
IM001,RCIP0109,0.0013017302844673395,11,LucaOne,0.99
IM001,RCIP0108,0.0009135477594099939,12,LucaOne,0.99
IM001,RCIP0099,0.00030944624450057745,13,LucaOne,0.99
IM001,RCIP0091,1.3795734957966488e-05,14,LucaOne,0.99
IM001,RCIP0110,7.3046576289925724e-06,15,LucaOne,0.99
IM001,RCIP0090,3.7103518479852937e-06,16,LucaOne,0.99
IM001,RCIP0089,4.3327219145794515e-07,17,LucaOne,0.99
IM001,RCIP0004,2.840788511093706e-07,18,LucaOne,0.99
IM001,RCIP0085,2.665646832156199e-07,19,LucaOne,0.99
IM001,RCIP0067,1.4126207759090903e-07,20,LucaOne,0.99
IM001,RCIP0069,7.773613930339707e-08,21,LucaOne,0.99
IM001,RCIP0014,8.135152107513477e-09,22,LucaOne,0.99
IM001,RCIP0082,4.196060832128978e-09,23,LucaOne,0.99
IM001,RCIP0113,2.8695537057643605e-09,24,LucaOne,0.99
IM001,RCIP0112,4.3939518690194745e-10,25,LucaOne,0.99
IM001,RCIP0063,3.785533830846788e-10,26,LucaOne,0.99
IM001,RCIP0111,2.7110602651703175e-10,27,LucaOne,0.99
IM018,RCIP0023,0.9999878406524658,1,LucaOne,0.9
IM018,RCIP0028,0.9997249245643616,2,LucaOne,0.9
IM018,RCIP0098,0.5285343527793884,3,LucaOne,0.9
IM018,RCIP0099,0.524323582649231,4,LucaOne,0.9
IM018,RCIP0034,0.5159213542938232,5,LucaOne,0.9
IM018,RCIP0104,0.5119417905807495,6,LucaOne,0.9
IM018,RCIP0109,0.4473499655723572,7,LucaOne,0.9
IM018,RCIP0106,0.262955904006958,8,LucaOne,0.9
IM018,RCIP0074,0.24791266024112701,9,LucaOne,0.9
IM018,RCIP0110,0.23410552740097046,10,LucaOne,0.9
IM018,RCIP0083,0.2333717942237854,11,LucaOne,0.9
IM018,RCIP0091,0.20780231058597565,12,LucaOne,0.9
IM018,RCIP0090,0.08992329984903336,13,LucaOne,0.9
IM018,RCIP0064,0.04837922379374504,14,LucaOne,0.9
IM018,RCIP0058,0.02195413038134575,15,LucaOne,0.9
IM018,RCIP0108,0.011473295278847218,16,LucaOne,0.9
IM018,RCIP0089,0.0021720726508647203,17,LucaOne,0.9
IM018,RCIP0085,0.0010357106802985072,18,LucaOne,0.9
IM018,RCIP0112,0.00028758932603523135,19,LucaOne,0.9
IM018,RCIP0111,0.0002412176108919084,20,LucaOne,0.9
IM018,RCIP0004,0.00012245311518199742,21,LucaOne,0.9
IM018,RCIP0014,6.662420491920784e-05,22,LucaOne,0.9
IM018,RCIP0082,2.8262793421163224e-05,23,LucaOne,0.9
IM018,RCIP0067,1.1802447261288762e-05,24,LucaOne,0.9
IM018,RCIP0063,1.5367628520834842e-06,25,LucaOne,0.9
IM018,RCIP0113,1.0988516123688896e-06,26,LucaOne,0.9
IM018,RCIP0069,8.177032100320503e-07,27,LucaOne,0.9
IM043,RCIP0028,0.9973686933517456,1,LucaOne,0.99
IM043,RCIP0074,0.9973045587539673,2,LucaOne,0.99
IM043,RCIP0083,0.9972902536392212,3,LucaOne,0.99
IM043,RCIP0064,0.9969468712806702,4,LucaOne,0.99
IM043,RCIP0023,0.9926625490188599,5,LucaOne,0.99
IM043,RCIP0098,0.9873746633529663,6,LucaOne,0.99
IM043,RCIP0034,0.9873277544975281,7,LucaOne,0.99
IM043,RCIP0058,0.8514729142189026,8,LucaOne,0.99
IM043,RCIP0104,0.6366930603981018,9,LucaOne,0.99
IM043,RCIP0106,0.015403610654175282,10,LucaOne,0.99
IM043,RCIP0109,0.0013704219600185752,11,LucaOne,0.99
IM043,RCIP0108,0.0009751906036399305,12,LucaOne,0.99
IM043,RCIP0099,0.00032707187347114086,13,LucaOne,0.99
IM043,RCIP0091,1.5000538041931577e-05,14,LucaOne,0.99
IM043,RCIP0110,7.675315828237217e-06,15,LucaOne,0.99
IM043,RCIP0090,3.9101983020373154e-06,16,LucaOne,0.99
IM043,RCIP0089,4.5464810227713315e-07,17,LucaOne,0.99
IM043,RCIP0004,2.9990800953783037e-07,18,LucaOne,0.99
IM043,RCIP0085,2.9113778055034345e-07,19,LucaOne,0.99
IM043,RCIP0067,1.4946124338166555e-07,20,LucaOne,0.99
IM043,RCIP0069,8.09776921073535e-08,21,LucaOne,0.99
IM043,RCIP0014,8.287695862918554e-09,22,LucaOne,0.99
IM043,RCIP0082,4.296821121130279e-09,23,LucaOne,0.99
IM043,RCIP0113,3.017234684321579e-09,24,LucaOne,0.99
IM043,RCIP0112,4.551651833217818e-10,25,LucaOne,0.99
IM043,RCIP0063,3.9040909394216783e-10,26,LucaOne,0.99
IM043,RCIP0111,2.808135668441736e-10,27,LucaOne,0.99
IM061_1,RCIP0074,0.9998680353164673,1,LucaOne,0.995
IM061_1,RCIP0083,0.9998669624328613,2,LucaOne,0.995
IM061_1,RCIP0023,0.9998446702957153,3,LucaOne,0.995
IM061_1,RCIP0064,0.999834418296814,4,LucaOne,0.995
IM061_1,RCIP0028,0.9998214840888977,5,LucaOne,0.995
IM061_1,RCIP0098,0.9934993982315063,6,LucaOne,0.995
IM061_1,RCIP0034,0.9934452772140503,7,LucaOne,0.995
IM061_1,RCIP0058,0.8786636590957642,8,LucaOne,0.995
IM061_1,RCIP0104,0.030411722138524055,9,LucaOne,0.995
IM061_1,RCIP0108,0.00025808342616073787,10,LucaOne,0.995
IM061_1,RCIP0109,0.0001885351666714996,11,LucaOne,0.995
IM061_1,RCIP0106,8.241970499511808e-05,12,LucaOne,0.995
IM061_1,RCIP0099,2.053616481134668e-05,13,LucaOne,0.995
IM061_1,RCIP0110,3.2252177106784075e-07,14,LucaOne,0.995
IM061_1,RCIP0091,2.9237509124868666e-07,15,LucaOne,0.995
IM061_1,RCIP0090,1.3383495911512e-07,16,LucaOne,0.995
IM061_1,RCIP0004,1.300812613180824e-07,17,LucaOne,0.995
IM061_1,RCIP0085,9.598289807399851e-08,18,LucaOne,0.995
IM061_1,RCIP0089,6.370491689722257e-08,19,LucaOne,0.995
IM061_1,RCIP0067,4.71124934620093e-08,20,LucaOne,0.995
IM061_1,RCIP0014,3.2293812068928673e-08,21,LucaOne,0.995
IM061_1,RCIP0082,8.103590687369433e-09,22,LucaOne,0.995
IM061_1,RCIP0069,3.4603588883186376e-09,23,LucaOne,0.995
IM061_1,RCIP0113,2.1834576369172964e-09,24,LucaOne,0.995
IM061_1,RCIP0112,4.657991770073977e-10,25,LucaOne,0.995
IM061_1,RCIP0111,2.3967686169079627e-10,26,LucaOne,0.995
IM061_1,RCIP0063,5.306802219884332e-11,27,LucaOne,0.995
IM066,RCIP0023,0.6306519508361816,1,LucaOne,0.9
IM066,RCIP0014,0.14357821643352509,2,LucaOne,0.9
IM066,RCIP0082,0.03920132666826248,3,LucaOne,0.9
IM066,RCIP0112,0.000872294360306114,4,LucaOne,0.9
IM066,RCIP0064,0.0005917864618822932,5,LucaOne,0.9
IM066,RCIP0083,0.000553721038158983,6,LucaOne,0.9
IM066,RCIP0074,0.0004818109446205199,7,LucaOne,0.9
IM066,RCIP0111,0.00045784414396621287,8,LucaOne,0.9
IM066,RCIP0034,2.862545989046339e-05,9,LucaOne,0.9
IM066,RCIP0098,2.6060886739287525e-05,10,LucaOne,0.9
IM066,RCIP0113,1.4604394891648553e-05,11,LucaOne,0.9
IM066,RCIP0004,6.282415142777609e-06,12,LucaOne,0.9
IM066,RCIP0067,9.9795431651728e-07,13,LucaOne,0.9
IM066,RCIP0089,3.3228081974812085e-07,14,LucaOne,0.9
IM066,RCIP0028,2.476499503245577e-07,15,LucaOne,0.9
IM066,RCIP0110,3.090632105795521e-08,16,LucaOne,0.9
IM066,RCIP0099,1.8992521333416335e-08,17,LucaOne,0.9
IM066,RCIP0090,1.4148408666869727e-08,18,LucaOne,0.9
IM066,RCIP0085,4.5042063412381594e-09,19,LucaOne,0.9
IM066,RCIP0109,2.655067943280187e-09,20,LucaOne,0.9
IM066,RCIP0069,2.164301626805809e-09,21,LucaOne,0.9
IM066,RCIP0058,5.669356095694411e-10,22,LucaOne,0.9
IM066,RCIP0106,2.3248315772494976e-10,23,LucaOne,0.9
IM066,RCIP0063,3.2346222922363665e-11,24,LucaOne,0.9
IM066,RCIP0104,2.0532726560662518e-11,25,LucaOne,0.9
IM066,RCIP0108,3.1022903430183435e-12,26,LucaOne,0.9
IM066,RCIP0091,2.7285398333104505e-12,27,LucaOne,0.9
IM074,RCIP0023,0.5666859745979309,1,LucaOne,0.9
IM074,RCIP0014,0.16214150190353394,2,LucaOne,0.9
IM074,RCIP0082,0.04562275856733322,3,LucaOne,0.9
IM074,RCIP0112,0.0010477328905835748,4,LucaOne,0.9
IM074,RCIP0064,0.00059331557713449,5,LucaOne,0.9
IM074,RCIP0111,0.0005534347146749496,6,LucaOne,0.9
IM074,RCIP0083,0.0005408978904597461,7,LucaOne,0.9
IM074,RCIP0074,0.0004716630792245269,8,LucaOne,0.9
IM074,RCIP0034,3.2811760320328176e-05,9,LucaOne,0.9
IM074,RCIP0098,2.988299820572138e-05,10,LucaOne,0.9
IM074,RCIP0113,1.6617250366834924e-05,11,LucaOne,0.9
IM074,RCIP0004,7.299399840121623e-06,12,LucaOne,0.9
IM074,RCIP0067,1.2247752465555095e-06,13,LucaOne,0.9
IM074,RCIP0089,3.47626098573528e-07,14,LucaOne,0.9
IM074,RCIP0028,1.9527081462911156e-07,15,LucaOne,0.9
IM074,RCIP0110,3.265042991529299e-08,16,LucaOne,0.9
IM074,RCIP0099,2.0971500092059614e-08,17,LucaOne,0.9
IM074,RCIP0090,1.538380978161058e-08,18,LucaOne,0.9
IM074,RCIP0085,5.421413096229344e-09,19,LucaOne,0.9
IM074,RCIP0069,2.8443456479010365e-09,20,LucaOne,0.9
IM074,RCIP0109,2.8180153766044214e-09,21,LucaOne,0.9
IM074,RCIP0058,5.722863294366221e-10,22,LucaOne,0.9
IM074,RCIP0106,2.648597174914613e-10,23,LucaOne,0.9
IM074,RCIP0063,3.356259020703689e-11,24,LucaOne,0.9
IM074,RCIP0104,2.3437436019735358e-11,25,LucaOne,0.9
IM074,RCIP0108,3.115341535089855e-12,26,LucaOne,0.9
IM074,RCIP0091,3.003043126670324e-12,27,LucaOne,0.9
IM085,RCIP0023,0.5508672595024109,1,LucaOne,0.9
IM085,RCIP0014,0.22300130128860474,2,LucaOne,0.9
IM085,RCIP0082,0.0932949110865593,3,LucaOne,0.9
IM085,RCIP0112,0.0006173327565193176,4,LucaOne,0.9
IM085,RCIP0111,0.0003555745061021298,5,LucaOne,0.9
IM085,RCIP0113,1.353708648821339e-05,6,LucaOne,0.9
IM085,RCIP0034,1.1539232218638062e-05,7,LucaOne,0.9
IM085,RCIP0083,1.1491310033306945e-05,8,LucaOne,0.9
IM085,RCIP0098,1.0445539373904467e-05,9,LucaOne,0.9
IM085,RCIP0074,1.0121058949152939e-05,10,LucaOne,0.9
IM085,RCIP0064,8.948114555096254e-06,11,LucaOne,0.9
IM085,RCIP0004,6.772718279535184e-06,12,LucaOne,0.9
IM085,RCIP0090,5.255981704976875e-06,13,LucaOne,0.9
IM085,RCIP0110,5.09804476678255e-06,14,LucaOne,0.9
IM085,RCIP0099,4.7972530410334e-06,15,LucaOne,0.9
IM085,RCIP0067,1.4610848211304983e-06,16,LucaOne,0.9
IM085,RCIP0089,1.3863227650290355e-06,17,LucaOne,0.9
IM085,RCIP0028,1.2680649206231465e-06,18,LucaOne,0.9
IM085,RCIP0109,1.4258185387916456e-07,19,LucaOne,0.9
IM085,RCIP0106,3.6586421003903524e-08,20,LucaOne,0.9
IM085,RCIP0069,6.069332147973228e-09,21,LucaOne,0.9
IM085,RCIP0085,5.7758979821187495e-09,22,LucaOne,0.9
IM085,RCIP0104,1.8876655794031194e-09,23,LucaOne,0.9
IM085,RCIP0091,2.875162330440162e-10,24,LucaOne,0.9
IM085,RCIP0063,2.8579230648695386e-10,25,LucaOne,0.9
IM085,RCIP0058,1.6730287988320214e-10,26,LucaOne,0.9
IM085,RCIP0108,1.5980963080641786e-11,27,LucaOne,0.9
IM088,RCIP0023,0.3284899592399597,1,LucaOne,0.9
IM088,RCIP0014,0.031327083706855774,2,LucaOne,0.9
IM088,RCIP0082,0.005979436915367842,3,LucaOne,0.9
IM088,RCIP0064,0.0021150612737983465,4,LucaOne,0.9
IM088,RCIP0112,0.0016281852731481194,5,LucaOne,0.9
IM088,RCIP0083,0.001530289649963379,6,LucaOne,0.9
IM088,RCIP0074,0.0013502532383427024,7,LucaOne,0.9
IM088,RCIP0111,0.0008324640803039074,8,LucaOne,0.9
IM088,RCIP0034,6.505936471512541e-05,9,LucaOne,0.9
IM088,RCIP0098,6.0493595810839906e-05,10,LucaOne,0.9
IM088,RCIP0004,1.172487191070104e-05,11,LucaOne,0.9
IM088,RCIP0113,1.0035480045189615e-05,12,LucaOne,0.9
IM088,RCIP0067,1.4695871186631848e-06,13,LucaOne,0.9
IM088,RCIP0089,6.164395358609909e-07,14,LucaOne,0.9
IM088,RCIP0028,3.0995462196869994e-08,15,LucaOne,0.9
IM088,RCIP0085,2.1117406490134272e-08,16,LucaOne,0.9
IM088,RCIP0058,3.3552705058781385e-09,17,LucaOne,0.9
IM088,RCIP0110,3.058763464736103e-09,18,LucaOne,0.9
IM088,RCIP0069,2.7950348702177052e-09,19,LucaOne,0.9
IM088,RCIP0109,1.987829678640196e-09,20,LucaOne,0.9
IM088,RCIP0099,1.4148615612441517e-09,21,LucaOne,0.9
IM088,RCIP0090,8.997491085516174e-10,22,LucaOne,0.9
IM088,RCIP0106,8.410479951370675e-11,23,LucaOne,0.9
IM088,RCIP0063,4.0339228485342105e-11,24,LucaOne,0.9
IM088,RCIP0104,2.263866004381665e-11,25,LucaOne,0.9
IM088,RCIP0108,7.47944761680941e-12,26,LucaOne,0.9
IM088,RCIP0091,1.5679748081517952e-12,27,LucaOne,0.9
IM094,RCIP0023,0.3284900188446045,1,LucaOne,0.9
IM094,RCIP0014,0.03132709115743637,2,LucaOne,0.9
IM094,RCIP0082,0.005979436915367842,3,LucaOne,0.9
IM094,RCIP0064,0.002115060342475772,4,LucaOne,0.9
IM094,RCIP0112,0.0016281836433336139,5,LucaOne,0.9
IM094,RCIP0083,0.001530289649963379,6,LucaOne,0.9
IM094,RCIP0074,0.0013502532383427024,7,LucaOne,0.9
IM094,RCIP0111,0.0008324637310579419,8,LucaOne,0.9
IM094,RCIP0034,6.505936471512541e-05,9,LucaOne,0.9
IM094,RCIP0098,6.0493595810839906e-05,10,LucaOne,0.9
IM094,RCIP0004,1.1724883734132163e-05,11,LucaOne,0.9
IM094,RCIP0113,1.0035480045189615e-05,12,LucaOne,0.9
IM094,RCIP0067,1.4695871186631848e-06,13,LucaOne,0.9
IM094,RCIP0089,6.164395358609909e-07,14,LucaOne,0.9
IM094,RCIP0028,3.0995462196869994e-08,15,LucaOne,0.9
IM094,RCIP0085,2.1117367410283805e-08,16,LucaOne,0.9
IM094,RCIP0058,3.3552705058781385e-09,17,LucaOne,0.9
IM094,RCIP0110,3.058769459940436e-09,18,LucaOne,0.9
IM094,RCIP0069,2.7950348702177052e-09,19,LucaOne,0.9
IM094,RCIP0109,1.987829678640196e-09,20,LucaOne,0.9
IM094,RCIP0099,1.4148615612441517e-09,21,LucaOne,0.9
IM094,RCIP0090,8.997491085516174e-10,22,LucaOne,0.9
IM094,RCIP0106,8.410479951370675e-11,23,LucaOne,0.9
IM094,RCIP0063,4.0339228485342105e-11,24,LucaOne,0.9
IM094,RCIP0104,2.263866004381665e-11,25,LucaOne,0.9
IM094,RCIP0108,7.47944761680941e-12,26,LucaOne,0.9
IM094,RCIP0091,1.5679748081517952e-12,27,LucaOne,0.9
IM_023,RCIP0074,0.9998680353164673,1,LucaOne,0.995
IM_023,RCIP0083,0.9998669624328613,2,LucaOne,0.995
IM_023,RCIP0023,0.9998446702957153,3,LucaOne,0.995
IM_023,RCIP0064,0.999834418296814,4,LucaOne,0.995
IM_023,RCIP0028,0.9998214840888977,5,LucaOne,0.995
IM_023,RCIP0098,0.9934993982315063,6,LucaOne,0.995
IM_023,RCIP0034,0.9934452772140503,7,LucaOne,0.995
IM_023,RCIP0058,0.8786636590957642,8,LucaOne,0.995
IM_023,RCIP0104,0.030411722138524055,9,LucaOne,0.995
IM_023,RCIP0108,0.00025808342616073787,10,LucaOne,0.995
IM_023,RCIP0109,0.0001885351666714996,11,LucaOne,0.995
IM_023,RCIP0106,8.241970499511808e-05,12,LucaOne,0.995
IM_023,RCIP0099,2.0536146621452644e-05,13,LucaOne,0.995
IM_023,RCIP0110,3.2252177106784075e-07,14,LucaOne,0.995
IM_023,RCIP0091,2.9237509124868666e-07,15,LucaOne,0.995
IM_023,RCIP0090,1.3383508701281244e-07,16,LucaOne,0.995
IM_023,RCIP0004,1.300812613180824e-07,17,LucaOne,0.995
IM_023,RCIP0085,9.598289807399851e-08,18,LucaOne,0.995
IM_023,RCIP0089,6.37047961049575e-08,19,LucaOne,0.995
IM_023,RCIP0067,4.71124934620093e-08,20,LucaOne,0.995
IM_023,RCIP0014,3.2293812068928673e-08,21,LucaOne,0.995
IM_023,RCIP0082,8.103590687369433e-09,22,LucaOne,0.995
IM_023,RCIP0069,3.4603588883186376e-09,23,LucaOne,0.995
IM_023,RCIP0113,2.1834576369172964e-09,24,LucaOne,0.995
IM_023,RCIP0112,4.657991770073977e-10,25,LucaOne,0.995
IM_023,RCIP0111,2.3967686169079627e-10,26,LucaOne,0.995
IM_023,RCIP0063,5.306802219884332e-11,27,LucaOne,0.995
NK06130,RCIP0069,0.9999171495437622,1,LucaOne,0.999
NK06130,RCIP0111,0.9997401833534241,2,LucaOne,0.999
NK06130,RCIP0112,0.9997305274009705,3,LucaOne,0.999
NK06130,RCIP0082,0.9981410503387451,4,LucaOne,0.999
NK06130,RCIP0014,0.9977545142173767,5,LucaOne,0.999
NK06130,RCIP0067,0.9931637644767761,6,LucaOne,0.999
NK06130,RCIP0085,0.9848104119300842,7,LucaOne,0.999
NK06130,RCIP0004,0.9814023375511169,8,LucaOne,0.999
NK06130,RCIP0091,0.9761369824409485,9,LucaOne,0.999
NK06130,RCIP0090,0.9589402675628662,10,LucaOne,0.999
NK06130,RCIP0099,0.9545273780822754,11,LucaOne,0.999
NK06130,RCIP0106,0.9535591006278992,12,LucaOne,0.999
NK06130,RCIP0109,0.9419278502464294,13,LucaOne,0.999
NK06130,RCIP0104,0.9282970428466797,14,LucaOne,0.999
NK06130,RCIP0110,0.9218485355377197,15,LucaOne,0.999
NK06130,RCIP0089,0.9125503301620483,16,LucaOne,0.999
NK06130,RCIP0058,0.850799024105072,17,LucaOne,0.999
NK06130,RCIP0063,0.8254267573356628,18,LucaOne,0.999
NK06130,RCIP0108,0.8040043115615845,19,LucaOne,0.999
NK06130,RCIP0098,0.6037783026695251,20,LucaOne,0.999
NK06130,RCIP0034,0.5922290682792664,21,LucaOne,0.999
NK06130,RCIP0113,0.4241606295108795,22,LucaOne,0.999
NK06130,RCIP0023,0.0007676903042010963,23,LucaOne,0.999
NK06130,RCIP0074,9.143362831309787e-07,24,LucaOne,0.999
NK06130,RCIP0064,8.154207762345322e-07,25,LucaOne,0.999
NK06130,RCIP0083,7.741858780718758e-07,26,LucaOne,0.999
NK06130,RCIP0028,6.921831641193421e-07,27,LucaOne,0.999
NK06145,RCIP0069,0.9999171495437622,1,LucaOne,0.999
NK06145,RCIP0111,0.9997401833534241,2,LucaOne,0.999
NK06145,RCIP0112,0.9997305274009705,3,LucaOne,0.999
NK06145,RCIP0082,0.9981410503387451,4,LucaOne,0.999
NK06145,RCIP0014,0.9977545142173767,5,LucaOne,0.999
NK06145,RCIP0067,0.9931637644767761,6,LucaOne,0.999
NK06145,RCIP0085,0.9848104119300842,7,LucaOne,0.999
NK06145,RCIP0004,0.9814023375511169,8,LucaOne,0.999
NK06145,RCIP0091,0.9761369824409485,9,LucaOne,0.999
NK06145,RCIP0090,0.9589402675628662,10,LucaOne,0.999
NK06145,RCIP0099,0.9545273780822754,11,LucaOne,0.999
NK06145,RCIP0106,0.9535591006278992,12,LucaOne,0.999
NK06145,RCIP0109,0.9419278502464294,13,LucaOne,0.999
NK06145,RCIP0104,0.9282970428466797,14,LucaOne,0.999
NK06145,RCIP0110,0.9218485355377197,15,LucaOne,0.999
NK06145,RCIP0089,0.9125503301620483,16,LucaOne,0.999
NK06145,RCIP0058,0.850799024105072,17,LucaOne,0.999
NK06145,RCIP0063,0.8254267573356628,18,LucaOne,0.999
NK06145,RCIP0108,0.8040043115615845,19,LucaOne,0.999
NK06145,RCIP0098,0.6037783026695251,20,LucaOne,0.999
NK06145,RCIP0034,0.5922290682792664,21,LucaOne,0.999
NK06145,RCIP0113,0.4241607189178467,22,LucaOne,0.999
NK06145,RCIP0023,0.0007676903042010963,23,LucaOne,0.999
NK06145,RCIP0074,9.143362831309787e-07,24,LucaOne,0.999
NK06145,RCIP0064,8.154207762345322e-07,25,LucaOne,0.999
NK06145,RCIP0083,7.741858780718758e-07,26,LucaOne,0.999
NK06145,RCIP0028,6.921825956851535e-07,27,LucaOne,0.999
NK06248,RCIP0069,0.9999179840087891,1,LucaOne,0.99
NK06248,RCIP0111,0.9997621178627014,2,LucaOne,0.99
NK06248,RCIP0112,0.999750554561615,3,LucaOne,0.99
NK06248,RCIP0082,0.9982226490974426,4,LucaOne,0.99
NK06248,RCIP0014,0.997868537902832,5,LucaOne,0.99
NK06248,RCIP0067,0.9927554726600647,6,LucaOne,0.99
NK06248,RCIP0085,0.9853118658065796,7,LucaOne,0.99
NK06248,RCIP0004,0.9818284511566162,8,LucaOne,0.99
NK06248,RCIP0091,0.9741465449333191,9,LucaOne,0.99
NK06248,RCIP0090,0.9545738697052002,10,LucaOne,0.99
NK06248,RCIP0099,0.946723222732544,11,LucaOne,0.99
NK06248,RCIP0106,0.9445838332176208,12,LucaOne,0.99
NK06248,RCIP0109,0.9243729710578918,13,LucaOne,0.99
NK06248,RCIP0104,0.92220538854599,14,LucaOne,0.99
NK06248,RCIP0110,0.9074355363845825,15,LucaOne,0.99
NK06248,RCIP0089,0.8934063911437988,16,LucaOne,0.99
NK06248,RCIP0058,0.8513042330741882,17,LucaOne,0.99
NK06248,RCIP0063,0.8272499442100525,18,LucaOne,0.99
NK06248,RCIP0108,0.7925949692726135,19,LucaOne,0.99
NK06248,RCIP0098,0.6035632491111755,20,LucaOne,0.99
NK06248,RCIP0034,0.5921551585197449,21,LucaOne,0.99
NK06248,RCIP0113,0.4512249827384949,22,LucaOne,0.99
NK06248,RCIP0023,0.0007822518819011748,23,LucaOne,0.99
NK06248,RCIP0074,1.0397151299912366e-06,24,LucaOne,0.99
NK06248,RCIP0064,9.467960921938356e-07,25,LucaOne,0.99
NK06248,RCIP0083,8.85331701283576e-07,26,LucaOne,0.99
NK06248,RCIP0028,6.947512360966357e-07,27,LucaOne,0.99
NK08119,RCIP0069,0.9999171495437622,1,LucaOne,0.999
NK08119,RCIP0111,0.9997401833534241,2,LucaOne,0.999
NK08119,RCIP0112,0.9997305274009705,3,LucaOne,0.999
NK08119,RCIP0082,0.9981410503387451,4,LucaOne,0.999
NK08119,RCIP0014,0.9977545142173767,5,LucaOne,0.999
NK08119,RCIP0067,0.9931637644767761,6,LucaOne,0.999
NK08119,RCIP0085,0.9848104119300842,7,LucaOne,0.999
NK08119,RCIP0004,0.9814023375511169,8,LucaOne,0.999
NK08119,RCIP0091,0.9761369824409485,9,LucaOne,0.999
NK08119,RCIP0090,0.9589402675628662,10,LucaOne,0.999
NK08119,RCIP0099,0.9545273780822754,11,LucaOne,0.999
NK08119,RCIP0106,0.9535591006278992,12,LucaOne,0.999
NK08119,RCIP0109,0.9419278502464294,13,LucaOne,0.999
NK08119,RCIP0104,0.9282970428466797,14,LucaOne,0.999
NK08119,RCIP0110,0.9218485355377197,15,LucaOne,0.999
NK08119,RCIP0089,0.9125503301620483,16,LucaOne,0.999
NK08119,RCIP0058,0.850799024105072,17,LucaOne,0.999
NK08119,RCIP0063,0.8254267573356628,18,LucaOne,0.999
NK08119,RCIP0108,0.8040043115615845,19,LucaOne,0.999
NK08119,RCIP0098,0.6037783026695251,20,LucaOne,0.999
NK08119,RCIP0034,0.5922290086746216,21,LucaOne,0.999
NK08119,RCIP0113,0.4241607189178467,22,LucaOne,0.999
NK08119,RCIP0023,0.0007676903042010963,23,LucaOne,0.999
NK08119,RCIP0074,9.143362831309787e-07,24,LucaOne,0.999
NK08119,RCIP0064,8.154207762345322e-07,25,LucaOne,0.999
NK08119,RCIP0083,7.741858780718758e-07,26,LucaOne,0.999
NK08119,RCIP0028,6.921825956851535e-07,27,LucaOne,0.999
NK08370,RCIP0069,0.9999959468841553,1,LucaOne,0.9
NK08370,RCIP0111,0.9999716281890869,2,LucaOne,0.9
NK08370,RCIP0112,0.9999700784683228,3,LucaOne,0.9
NK08370,RCIP0091,0.9997017979621887,4,LucaOne,0.9
NK08370,RCIP0082,0.9996020197868347,5,LucaOne,0.9
NK08370,RCIP0067,0.9994813799858093,6,LucaOne,0.9
NK08370,RCIP0085,0.9994742274284363,7,LucaOne,0.9
NK08370,RCIP0014,0.9994493126869202,8,LucaOne,0.9
NK08370,RCIP0090,0.9993395209312439,9,LucaOne,0.9
NK08370,RCIP0106,0.9992954730987549,10,LucaOne,0.9
NK08370,RCIP0099,0.9991344809532166,11,LucaOne,0.9
NK08370,RCIP0110,0.9984626770019531,12,LucaOne,0.9
NK08370,RCIP0104,0.9980757236480713,13,LucaOne,0.9
NK08370,RCIP0109,0.9976436495780945,14,LucaOne,0.9
NK08370,RCIP0113,0.9975009560585022,15,LucaOne,0.9
NK08370,RCIP0004,0.9965872764587402,16,LucaOne,0.9
NK08370,RCIP0089,0.9960007071495056,17,LucaOne,0.9
NK08370,RCIP0108,0.9418364763259888,18,LucaOne,0.9
NK08370,RCIP0098,0.9164796471595764,19,LucaOne,0.9
NK08370,RCIP0034,0.9124857187271118,20,LucaOne,0.9
NK08370,RCIP0058,0.8400899171829224,21,LucaOne,0.9
NK08370,RCIP0063,0.3983665406703949,22,LucaOne,0.9
NK08370,RCIP0023,1.1804120276792673e-06,23,LucaOne,0.9
NK08370,RCIP0064,3.3764936802072043e-07,24,LucaOne,0.9
NK08370,RCIP0074,2.7567577376430563e-07,25,LucaOne,0.9
NK08370,RCIP0083,2.224427362307324e-07,26,LucaOne,0.9
NK08370,RCIP0028,1.1045919023899842e-07,27,LucaOne,0.9
IM001,RCIP0083,0.9999393224716187,1,BacFormer,0.99
IM001,RCIP0074,0.999933123588562,2,BacFormer,0.99
IM001,RCIP0064,0.9999241828918457,3,BacFormer,0.99
IM001,RCIP0098,0.9991965889930725,4,BacFormer,0.99
IM001,RCIP0034,0.9991775155067444,5,BacFormer,0.99
IM001,RCIP0058,0.9805846810340881,6,BacFormer,0.99
IM001,RCIP0028,0.6725254654884338,7,BacFormer,0.99
IM001,RCIP0104,0.2688583731651306,8,BacFormer,0.99
IM001,RCIP0108,0.12173151224851608,9,BacFormer,0.99
IM001,RCIP0023,0.023082466796040535,10,BacFormer,0.99
IM001,RCIP0082,0.00011555878154467791,11,BacFormer,0.99
IM001,RCIP0063,0.0001037901674862951,12,BacFormer,0.99
IM001,RCIP0014,7.80949485488236e-05,13,BacFormer,0.99
IM001,RCIP0106,4.571827957988717e-05,14,BacFormer,0.99
IM001,RCIP0085,2.6852942028199323e-05,15,BacFormer,0.99
IM001,RCIP0109,7.426059255521977e-06,16,BacFormer,0.99
IM001,RCIP0067,5.270674137136666e-06,17,BacFormer,0.99
IM001,RCIP0090,2.0368306650198065e-06,18,BacFormer,0.99
IM001,RCIP0110,1.4553916116710752e-06,19,BacFormer,0.99
IM001,RCIP0112,4.492964364999352e-07,20,BacFormer,0.99
IM001,RCIP0091,4.4561551248989417e-07,21,BacFormer,0.99
IM001,RCIP0111,1.614870512867128e-07,22,BacFormer,0.99
IM001,RCIP0004,1.0451864085325724e-07,23,BacFormer,0.99
IM001,RCIP0069,3.571497941834423e-08,24,BacFormer,0.99
IM001,RCIP0113,2.7598556329166968e-08,25,BacFormer,0.99
IM001,RCIP0099,2.589051995016689e-08,26,BacFormer,0.99
IM001,RCIP0089,4.672756848123072e-09,27,BacFormer,0.99
IM018,RCIP0023,0.9999934434890747,1,BacFormer,0.9
IM018,RCIP0028,0.9998725652694702,2,BacFormer,0.9
IM018,RCIP0083,0.4089771807193756,3,BacFormer,0.9
IM018,RCIP0074,0.40093180537223816,4,BacFormer,0.9
IM018,RCIP0064,0.2936996519565582,5,BacFormer,0.9
IM018,RCIP0058,3.73111070075538e-05,6,BacFormer,0.9
IM018,RCIP0004,2.2960723526921356e-06,7,BacFormer,0.9
IM018,RCIP0098,9.545395869281492e-07,8,BacFormer,0.9
IM018,RCIP0034,4.998777853870706e-07,9,BacFormer,0.9
IM018,RCIP0014,1.7264410345774195e-08,10,BacFormer,0.9
IM018,RCIP0082,5.251377110937483e-09,11,BacFormer,0.9
IM018,RCIP0109,2.5219895061212583e-09,12,BacFormer,0.9
IM018,RCIP0110,1.6018668613781983e-09,13,BacFormer,0.9
IM018,RCIP0090,7.441518512507628e-10,14,BacFormer,0.9
IM018,RCIP0085,7.097700760461123e-10,15,BacFormer,0.9
IM018,RCIP0067,4.7489900900643534e-11,16,BacFormer,0.9
IM018,RCIP0091,1.7839956942267143e-11,17,BacFormer,0.9
IM018,RCIP0069,1.2531357895806394e-11,18,BacFormer,0.9
IM018,RCIP0104,1.0609089128033045e-11,19,BacFormer,0.9
IM018,RCIP0113,9.753885199526025e-12,20,BacFormer,0.9
IM018,RCIP0112,6.987173860328877e-12,21,BacFormer,0.9
IM018,RCIP0089,5.9841914409886066e-12,22,BacFormer,0.9
IM018,RCIP0106,3.720718611682772e-12,23,BacFormer,0.9
IM018,RCIP0099,2.209470453817808e-12,24,BacFormer,0.9
IM018,RCIP0111,1.4655327732621126e-12,25,BacFormer,0.9
IM018,RCIP0063,8.917685519064036e-14,26,BacFormer,0.9
IM018,RCIP0108,3.533677799157087e-14,27,BacFormer,0.9
IM043,RCIP0083,0.9999494552612305,1,BacFormer,0.99
IM043,RCIP0074,0.9999446868896484,2,BacFormer,0.99
IM043,RCIP0064,0.9999351501464844,3,BacFormer,0.99
IM043,RCIP0098,0.9992097616195679,4,BacFormer,0.99
IM043,RCIP0034,0.9991912245750427,5,BacFormer,0.99
IM043,RCIP0058,0.9795477390289307,6,BacFormer,0.99
IM043,RCIP0028,0.7041458487510681,7,BacFormer,0.99
IM043,RCIP0104,0.20364370942115784,8,BacFormer,0.99
IM043,RCIP0108,0.10731905698776245,9,BacFormer,0.99
IM043,RCIP0023,0.02904462441802025,10,BacFormer,0.99
IM043,RCIP0082,0.00010200907854596153,11,BacFormer,0.99
IM043,RCIP0063,9.787767339730635e-05,12,BacFormer,0.99
IM043,RCIP0014,7.276567339431494e-05,13,BacFormer,0.99
IM043,RCIP0106,2.848682015610393e-05,14,BacFormer,0.99
IM043,RCIP0085,1.9191316823707893e-05,15,BacFormer,0.99
IM043,RCIP0109,5.713915470551001e-06,16,BacFormer,0.99
IM043,RCIP0067,3.362987854416133e-06,17,BacFormer,0.99
IM043,RCIP0090,1.3863149206372327e-06,18,BacFormer,0.99
IM043,RCIP0110,1.1434914313213085e-06,19,BacFormer,0.99
IM043,RCIP0112,3.641291073108732e-07,20,BacFormer,0.99
IM043,RCIP0091,3.618098389779334e-07,21,BacFormer,0.99
IM043,RCIP0111,1.2909210056477605e-07,22,BacFormer,0.99
IM043,RCIP0004,7.045481709155865e-08,23,BacFormer,0.99
IM043,RCIP0113,2.5518799517953994e-08,24,BacFormer,0.99
IM043,RCIP0069,2.4513353125144022e-08,25,BacFormer,0.99
IM043,RCIP0099,2.0289476765356085e-08,26,BacFormer,0.99
IM043,RCIP0089,4.3676506855661046e-09,27,BacFormer,0.99
IM061_1,RCIP0023,0.9999761581420898,1,BacFormer,0.995
IM061_1,RCIP0083,0.9999746084213257,2,BacFormer,0.995
IM061_1,RCIP0074,0.9999731779098511,3,BacFormer,0.995
IM061_1,RCIP0064,0.9999566078186035,4,BacFormer,0.995
IM061_1,RCIP0028,0.9998363256454468,5,BacFormer,0.995
IM061_1,RCIP0098,0.9976606369018555,6,BacFormer,0.995
IM061_1,RCIP0034,0.9973263740539551,7,BacFormer,0.995
IM061_1,RCIP0058,0.8867025971412659,8,BacFormer,0.995
IM061_1,RCIP0104,0.04513607546687126,9,BacFormer,0.995
IM061_1,RCIP0108,0.0020832165610045195,10,BacFormer,0.995
IM061_1,RCIP0109,1.8136053085981985e-06,11,BacFormer,0.995
IM061_1,RCIP0090,1.5318596524593886e-06,12,BacFormer,0.995
IM061_1,RCIP0110,1.3123851658747299e-06,13,BacFormer,0.995
IM061_1,RCIP0106,7.923834459688806e-07,14,BacFormer,0.995
IM061_1,RCIP0014,3.782849660183274e-07,15,BacFormer,0.995
IM061_1,RCIP0004,3.4247531743858417e-07,16,BacFormer,0.995
IM061_1,RCIP0082,2.8973013854738383e-07,17,BacFormer,0.995
IM061_1,RCIP0091,1.7399858620592568e-07,18,BacFormer,0.995
IM061_1,RCIP0085,1.5434072508924146e-07,19,BacFormer,0.995
IM061_1,RCIP0063,5.112920931082954e-08,20,BacFormer,0.995
IM061_1,RCIP0067,2.3428935236324833e-08,21,BacFormer,0.995
IM061_1,RCIP0099,1.9919335514373415e-08,22,BacFormer,0.995
IM061_1,RCIP0112,8.901593906429639e-10,23,BacFormer,0.995
IM061_1,RCIP0111,3.4107855428899825e-10,24,BacFormer,0.995
IM061_1,RCIP0113,1.1154281664982335e-10,25,BacFormer,0.995
IM061_1,RCIP0089,6.21927925825716e-11,26,BacFormer,0.995
IM061_1,RCIP0069,2.733354168005242e-11,27,BacFormer,0.995
IM066,RCIP0112,0.9751938581466675,1,BacFormer,0.9
IM066,RCIP0111,0.9462087750434875,2,BacFormer,0.9
IM066,RCIP0014,0.896702766418457,3,BacFormer,0.9
IM066,RCIP0082,0.7246228456497192,4,BacFormer,0.9
IM066,RCIP0083,0.424594908952713,5,BacFormer,0.9
IM066,RCIP0074,0.36113572120666504,6,BacFormer,0.9
IM066,RCIP0098,0.3372296690940857,7,BacFormer,0.9
IM066,RCIP0034,0.29747143387794495,8,BacFormer,0.9
IM066,RCIP0064,0.1996152102947235,9,BacFormer,0.9
IM066,RCIP0099,0.1684134602546692,10,BacFormer,0.9
IM066,RCIP0069,0.0045317779295146465,11,BacFormer,0.9
IM066,RCIP0113,0.004272869788110256,12,BacFormer,0.9
IM066,RCIP0089,0.0009038587450049818,13,BacFormer,0.9
IM066,RCIP0090,0.0003228930290788412,14,BacFormer,0.9
IM066,RCIP0109,0.00022093241568654776,15,BacFormer,0.9
IM066,RCIP0110,4.492508014664054e-05,16,BacFormer,0.9
IM066,RCIP0067,3.976352672907524e-05,17,BacFormer,0.9
IM066,RCIP0085,1.9401781173655763e-05,18,BacFormer,0.9
IM066,RCIP0023,2.4037765342654893e-06,19,BacFormer,0.9
IM066,RCIP0004,2.148944986402057e-06,20,BacFormer,0.9
IM066,RCIP0028,3.5284961086290423e-07,21,BacFormer,0.9
IM066,RCIP0108,2.5786343371692055e-07,22,BacFormer,0.9
IM066,RCIP0063,2.743156457540863e-08,23,BacFormer,0.9
IM066,RCIP0091,1.53970791672009e-08,24,BacFormer,0.9
IM066,RCIP0106,6.797511886702523e-09,25,BacFormer,0.9
IM066,RCIP0058,8.814111662758251e-10,26,BacFormer,0.9
IM066,RCIP0104,1.2869268151138868e-10,27,BacFormer,0.9
IM074,RCIP0112,0.9998559951782227,1,BacFormer,0.9
IM074,RCIP0111,0.9998020529747009,2,BacFormer,0.9
IM074,RCIP0099,0.9992701411247253,3,BacFormer,0.9
IM074,RCIP0014,0.9916377663612366,4,BacFormer,0.9
IM074,RCIP0082,0.9831204414367676,5,BacFormer,0.9
IM074,RCIP0083,0.9699371457099915,6,BacFormer,0.9
IM074,RCIP0074,0.9662842154502869,7,BacFormer,0.9
IM074,RCIP0064,0.9332318305969238,8,BacFormer,0.9
IM074,RCIP0089,0.8666808009147644,9,BacFormer,0.9
IM074,RCIP0098,0.8535634875297546,10,BacFormer,0.9
IM074,RCIP0034,0.8341766595840454,11,BacFormer,0.9
IM074,RCIP0069,0.6421024203300476,12,BacFormer,0.9
IM074,RCIP0113,0.3145091235637665,13,BacFormer,0.9
IM074,RCIP0090,0.26590052247047424,14,BacFormer,0.9
IM074,RCIP0109,0.028392670676112175,15,BacFormer,0.9
IM074,RCIP0110,0.019938044250011444,16,BacFormer,0.9
IM074,RCIP0085,0.012936963699758053,17,BacFormer,0.9
IM074,RCIP0067,0.008718226104974747,18,BacFormer,0.9
IM074,RCIP0108,0.0010593029437586665,19,BacFormer,0.9
IM074,RCIP0063,0.00023143405269365758,20,BacFormer,0.9
IM074,RCIP0106,0.00015213293954730034,21,BacFormer,0.9
IM074,RCIP0004,0.0001236366224475205,22,BacFormer,0.9
IM074,RCIP0104,6.979634235904086e-06,23,BacFormer,0.9
IM074,RCIP0091,5.015744136471767e-06,24,BacFormer,0.9
IM074,RCIP0023,5.62669129067217e-07,25,BacFormer,0.9
IM074,RCIP0028,2.4129377607096103e-07,26,BacFormer,0.9
IM074,RCIP0058,1.2648783354052284e-07,27,BacFormer,0.9
IM085,RCIP0083,0.9996601343154907,1,BacFormer,0.9
IM085,RCIP0074,0.9996458292007446,2,BacFormer,0.9
IM085,RCIP0064,0.9992672801017761,3,BacFormer,0.9
IM085,RCIP0112,0.20899786055088043,4,BacFormer,0.9
IM085,RCIP0014,0.12713158130645752,5,BacFormer,0.9
IM085,RCIP0111,0.0822068452835083,6,BacFormer,0.9
IM085,RCIP0082,0.029835129156708717,7,BacFormer,0.9
IM085,RCIP0023,0.00674927793443203,8,BacFormer,0.9
IM085,RCIP0069,0.00017088613822124898,9,BacFormer,0.9
IM085,RCIP0028,9.956839494407177e-05,10,BacFormer,0.9
IM085,RCIP0113,9.304330160375684e-05,11,BacFormer,0.9
IM085,RCIP0099,1.7190339463013515e-07,12,BacFormer,0.9
IM085,RCIP0090,7.572681681722315e-08,13,BacFormer,0.9
IM085,RCIP0067,7.031774629240317e-08,14,BacFormer,0.9
IM085,RCIP0085,2.2818731792995095e-08,15,BacFormer,0.9
IM085,RCIP0098,1.9098193249078577e-08,16,BacFormer,0.9
IM085,RCIP0034,1.4843504203554403e-08,17,BacFormer,0.9
IM085,RCIP0004,1.3162411605094348e-08,18,BacFormer,0.9
IM085,RCIP0089,5.31168753425959e-09,19,BacFormer,0.9
IM085,RCIP0110,1.0800758065698801e-09,20,BacFormer,0.9
IM085,RCIP0109,2.6563581889682553e-10,21,BacFormer,0.9
IM085,RCIP0058,1.485008123414122e-11,22,BacFormer,0.9
IM085,RCIP0106,4.566952718776385e-12,23,BacFormer,0.9
IM085,RCIP0063,1.8180085258404088e-12,24,BacFormer,0.9
IM085,RCIP0104,1.188755040584799e-12,25,BacFormer,0.9
IM085,RCIP0091,1.6682976614751377e-13,26,BacFormer,0.9
IM085,RCIP0108,3.258861686365397e-14,27,BacFormer,0.9
IM088,RCIP0112,0.9996609687805176,1,BacFormer,0.9
IM088,RCIP0111,0.9994993209838867,2,BacFormer,0.9
IM088,RCIP0099,0.9986124038696289,3,BacFormer,0.9
IM088,RCIP0014,0.980307400226593,4,BacFormer,0.9
IM088,RCIP0083,0.9700820446014404,5,BacFormer,0.9
IM088,RCIP0074,0.9661235213279724,6,BacFormer,0.9
IM088,RCIP0082,0.9556277990341187,7,BacFormer,0.9
IM088,RCIP0064,0.9335731863975525,8,BacFormer,0.9
IM088,RCIP0098,0.8945143818855286,9,BacFormer,0.9
IM088,RCIP0034,0.8786298036575317,10,BacFormer,0.9
IM088,RCIP0089,0.6952384114265442,11,BacFormer,0.9
IM088,RCIP0069,0.18462572991847992,12,BacFormer,0.9
IM088,RCIP0090,0.15455424785614014,13,BacFormer,0.9
IM088,RCIP0109,0.0642293244600296,14,BacFormer,0.9
IM088,RCIP0113,0.06127530708909035,15,BacFormer,0.9
IM088,RCIP0110,0.010452560149133205,16,BacFormer,0.9
IM088,RCIP0085,0.003339693183079362,17,BacFormer,0.9
IM088,RCIP0067,0.0028631440363824368,18,BacFormer,0.9
IM088,RCIP0108,0.0003946928190998733,19,BacFormer,0.9
IM088,RCIP0106,7.26276557543315e-05,20,BacFormer,0.9
IM088,RCIP0004,7.174359780037776e-05,21,BacFormer,0.9
IM088,RCIP0063,2.8184200346004218e-05,22,BacFormer,0.9
IM088,RCIP0091,3.96243331124424e-06,23,BacFormer,0.9
IM088,RCIP0104,2.7551175207918277e-06,24,BacFormer,0.9
IM088,RCIP0023,4.926886276734876e-07,25,BacFormer,0.9
IM088,RCIP0028,2.886600327656197e-07,26,BacFormer,0.9
IM088,RCIP0058,1.5718202917014423e-07,27,BacFormer,0.9
IM094,RCIP0112,0.8011624217033386,1,BacFormer,0.9
IM094,RCIP0014,0.739782989025116,2,BacFormer,0.9
IM094,RCIP0098,0.7035461664199829,3,BacFormer,0.9
IM094,RCIP0034,0.6337786316871643,4,BacFormer,0.9
IM094,RCIP0111,0.5754151344299316,5,BacFormer,0.9
IM094,RCIP0082,0.40225085616111755,6,BacFormer,0.9
IM094,RCIP0083,0.4002763032913208,7,BacFormer,0.9
IM094,RCIP0074,0.36969196796417236,8,BacFormer,0.9
IM094,RCIP0064,0.22825364768505096,9,BacFormer,0.9
IM094,RCIP0099,0.0027432262431830168,10,BacFormer,0.9
IM094,RCIP0113,0.00020413286983966827,11,BacFormer,0.9
IM094,RCIP0069,0.0001241506397491321,12,BacFormer,0.9
IM094,RCIP0089,0.00012295764463488013,13,BacFormer,0.9
IM094,RCIP0109,0.00011781770444940776,14,BacFormer,0.9
IM094,RCIP0090,1.6506974134244956e-05,15,BacFormer,0.9
IM094,RCIP0023,1.6021376723074354e-05,16,BacFormer,0.9
IM094,RCIP0067,3.6412077406566823e-06,17,BacFormer,0.9
IM094,RCIP0110,3.5306343306729104e-06,18,BacFormer,0.9
IM094,RCIP0085,1.662383056100225e-06,19,BacFormer,0.9
IM094,RCIP0028,1.148639285020181e-06,20,BacFormer,0.9
IM094,RCIP0004,4.7188180474222463e-07,21,BacFormer,0.9
IM094,RCIP0108,1.4633856437740178e-07,22,BacFormer,0.9
IM094,RCIP0091,3.711049689769652e-09,23,BacFormer,0.9
IM094,RCIP0063,1.9975254783588525e-09,24,BacFormer,0.9
IM094,RCIP0058,1.016033812639705e-09,25,BacFormer,0.9
IM094,RCIP0106,5.080030285320447e-10,26,BacFormer,0.9
IM094,RCIP0104,1.8218067679431904e-11,27,BacFormer,0.9
IM_023,RCIP0023,0.9999761581420898,1,BacFormer,0.995
IM_023,RCIP0083,0.9999746084213257,2,BacFormer,0.995
IM_023,RCIP0074,0.9999731779098511,3,BacFormer,0.995
IM_023,RCIP0064,0.9999566078186035,4,BacFormer,0.995
IM_023,RCIP0028,0.9998363256454468,5,BacFormer,0.995
IM_023,RCIP0098,0.9976606369018555,6,BacFormer,0.995
IM_023,RCIP0034,0.9973263740539551,7,BacFormer,0.995
IM_023,RCIP0058,0.8867025971412659,8,BacFormer,0.995
IM_023,RCIP0104,0.04513605311512947,9,BacFormer,0.995
IM_023,RCIP0108,0.002083217492327094,10,BacFormer,0.995
IM_023,RCIP0109,1.8136088328901678e-06,11,BacFormer,0.995
IM_023,RCIP0090,1.5318580608436605e-06,12,BacFormer,0.995
IM_023,RCIP0110,1.3123826647643e-06,13,BacFormer,0.995
IM_023,RCIP0106,7.923834459688806e-07,14,BacFormer,0.995
IM_023,RCIP0014,3.7828533550055e-07,15,BacFormer,0.995
IM_023,RCIP0004,3.424759995596105e-07,16,BacFormer,0.995
IM_023,RCIP0082,2.8973013854738383e-07,17,BacFormer,0.995
IM_023,RCIP0091,1.7399825935626723e-07,18,BacFormer,0.995
IM_023,RCIP0085,1.5434072508924146e-07,19,BacFormer,0.995
IM_023,RCIP0063,5.112920931082954e-08,20,BacFormer,0.995
IM_023,RCIP0067,2.3428935236324833e-08,21,BacFormer,0.995
IM_023,RCIP0099,1.9919335514373415e-08,22,BacFormer,0.995
IM_023,RCIP0112,8.901593906429639e-10,23,BacFormer,0.995
IM_023,RCIP0111,3.4107855428899825e-10,24,BacFormer,0.995
IM_023,RCIP0113,1.1154260154411233e-10,25,BacFormer,0.995
IM_023,RCIP0089,6.21927925825716e-11,26,BacFormer,0.995
IM_023,RCIP0069,2.733354168005242e-11,27,BacFormer,0.995
NK06130,RCIP0069,0.999998927116394,1,BacFormer,0.999
NK06130,RCIP0085,0.9999942779541016,2,BacFormer,0.999
NK06130,RCIP0067,0.9999936819076538,3,BacFormer,0.999
NK06130,RCIP0111,0.9999840259552002,4,BacFormer,0.999
NK06130,RCIP0112,0.9999797344207764,5,BacFormer,0.999
NK06130,RCIP0082,0.9999616146087646,6,BacFormer,0.999
NK06130,RCIP0004,0.9999340772628784,7,BacFormer,0.999
NK06130,RCIP0014,0.99992835521698,8,BacFormer,0.999
NK06130,RCIP0106,0.9998711347579956,9,BacFormer,0.999
NK06130,RCIP0091,0.9998291730880737,10,BacFormer,0.999
NK06130,RCIP0104,0.9998199343681335,11,BacFormer,0.999
NK06130,RCIP0109,0.9995080232620239,12,BacFormer,0.999
NK06130,RCIP0099,0.9985230565071106,13,BacFormer,0.999
NK06130,RCIP0098,0.9984996318817139,14,BacFormer,0.999
NK06130,RCIP0034,0.9984185695648193,15,BacFormer,0.999
NK06130,RCIP0089,0.9977030158042908,16,BacFormer,0.999
NK06130,RCIP0090,0.9970828890800476,17,BacFormer,0.999
NK06130,RCIP0110,0.996884286403656,18,BacFormer,0.999
NK06130,RCIP0108,0.9965728521347046,19,BacFormer,0.999
NK06130,RCIP0058,0.9962090253829956,20,BacFormer,0.999
NK06130,RCIP0113,0.9954476952552795,21,BacFormer,0.999
NK06130,RCIP0063,0.9919342994689941,22,BacFormer,0.999
NK06130,RCIP0064,6.05652076046681e-06,23,BacFormer,0.999
NK06130,RCIP0083,3.0543019420292694e-06,24,BacFormer,0.999
NK06130,RCIP0074,2.66156462203071e-06,25,BacFormer,0.999
NK06130,RCIP0023,8.205138328776229e-07,26,BacFormer,0.999
NK06130,RCIP0028,4.929704200407059e-09,27,BacFormer,0.999
NK06145,RCIP0069,0.999998927116394,1,BacFormer,0.999
NK06145,RCIP0085,0.9999942779541016,2,BacFormer,0.999
NK06145,RCIP0067,0.9999936819076538,3,BacFormer,0.999
NK06145,RCIP0111,0.9999840259552002,4,BacFormer,0.999
NK06145,RCIP0112,0.9999797344207764,5,BacFormer,0.999
NK06145,RCIP0082,0.9999616146087646,6,BacFormer,0.999
NK06145,RCIP0004,0.9999340772628784,7,BacFormer,0.999
NK06145,RCIP0014,0.99992835521698,8,BacFormer,0.999
NK06145,RCIP0106,0.9998711347579956,9,BacFormer,0.999
NK06145,RCIP0091,0.9998291730880737,10,BacFormer,0.999
NK06145,RCIP0104,0.9998199343681335,11,BacFormer,0.999
NK06145,RCIP0109,0.9995080232620239,12,BacFormer,0.999
NK06145,RCIP0099,0.9985230565071106,13,BacFormer,0.999
NK06145,RCIP0098,0.9984996318817139,14,BacFormer,0.999
NK06145,RCIP0034,0.9984185695648193,15,BacFormer,0.999
NK06145,RCIP0089,0.9977030158042908,16,BacFormer,0.999
NK06145,RCIP0090,0.9970828890800476,17,BacFormer,0.999
NK06145,RCIP0110,0.996884286403656,18,BacFormer,0.999
NK06145,RCIP0108,0.9965728521347046,19,BacFormer,0.999
NK06145,RCIP0058,0.9962090253829956,20,BacFormer,0.999
NK06145,RCIP0113,0.9954476952552795,21,BacFormer,0.999
NK06145,RCIP0063,0.9919342994689941,22,BacFormer,0.999
NK06145,RCIP0064,6.056526672182372e-06,23,BacFormer,0.999
NK06145,RCIP0083,3.0543019420292694e-06,24,BacFormer,0.999
NK06145,RCIP0074,2.6615598471835256e-06,25,BacFormer,0.999
NK06145,RCIP0023,8.205138328776229e-07,26,BacFormer,0.999
NK06145,RCIP0028,4.929704200407059e-09,27,BacFormer,0.999
NK06248,RCIP0069,0.9999992847442627,1,BacFormer,0.99
NK06248,RCIP0067,0.9999961853027344,2,BacFormer,0.99
NK06248,RCIP0085,0.9999945163726807,3,BacFormer,0.99
NK06248,RCIP0111,0.9999878406524658,4,BacFormer,0.99
NK06248,RCIP0112,0.9999845027923584,5,BacFormer,0.99
NK06248,RCIP0082,0.9999759197235107,6,BacFormer,0.99
NK06248,RCIP0014,0.9999531507492065,7,BacFormer,0.99
NK06248,RCIP0004,0.9999406337738037,8,BacFormer,0.99
NK06248,RCIP0106,0.9999096393585205,9,BacFormer,0.99
NK06248,RCIP0091,0.9998373985290527,10,BacFormer,0.99
NK06248,RCIP0104,0.9998162388801575,11,BacFormer,0.99
NK06248,RCIP0109,0.9995736479759216,12,BacFormer,0.99
NK06248,RCIP0099,0.999113142490387,13,BacFormer,0.99
NK06248,RCIP0089,0.9988982677459717,14,BacFormer,0.99
NK06248,RCIP0098,0.9979111552238464,15,BacFormer,0.99
NK06248,RCIP0034,0.9978213310241699,16,BacFormer,0.99
NK06248,RCIP0113,0.9975298047065735,17,BacFormer,0.99
NK06248,RCIP0090,0.9975041747093201,18,BacFormer,0.99
NK06248,RCIP0110,0.9967431426048279,19,BacFormer,0.99
NK06248,RCIP0108,0.9941635727882385,20,BacFormer,0.99
NK06248,RCIP0058,0.9926571249961853,21,BacFormer,0.99
NK06248,RCIP0063,0.9925785660743713,22,BacFormer,0.99
NK06248,RCIP0064,7.566031854366884e-07,23,BacFormer,0.99
NK06248,RCIP0083,4.546143088646204e-07,24,BacFormer,0.99
NK06248,RCIP0074,4.230998058574187e-07,25,BacFormer,0.99
NK06248,RCIP0023,2.3324007258906931e-07,26,BacFormer,0.99
NK06248,RCIP0028,6.178573763726547e-10,27,BacFormer,0.99
NK08119,RCIP0069,0.999998927116394,1,BacFormer,0.999
NK08119,RCIP0085,0.9999942779541016,2,BacFormer,0.999
NK08119,RCIP0067,0.9999936819076538,3,BacFormer,0.999
NK08119,RCIP0111,0.9999840259552002,4,BacFormer,0.999
NK08119,RCIP0112,0.9999797344207764,5,BacFormer,0.999
NK08119,RCIP0082,0.9999616146087646,6,BacFormer,0.999
NK08119,RCIP0004,0.9999340772628784,7,BacFormer,0.999
NK08119,RCIP0014,0.99992835521698,8,BacFormer,0.999
NK08119,RCIP0106,0.9998711347579956,9,BacFormer,0.999
NK08119,RCIP0091,0.9998291730880737,10,BacFormer,0.999
NK08119,RCIP0104,0.9998199343681335,11,BacFormer,0.999
NK08119,RCIP0109,0.9995080232620239,12,BacFormer,0.999
NK08119,RCIP0099,0.9985230565071106,13,BacFormer,0.999
NK08119,RCIP0098,0.9984996318817139,14,BacFormer,0.999
NK08119,RCIP0034,0.9984185695648193,15,BacFormer,0.999
NK08119,RCIP0089,0.9977030158042908,16,BacFormer,0.999
NK08119,RCIP0090,0.9970828890800476,17,BacFormer,0.999
NK08119,RCIP0110,0.996884286403656,18,BacFormer,0.999
NK08119,RCIP0108,0.9965728521347046,19,BacFormer,0.999
NK08119,RCIP0058,0.9962090253829956,20,BacFormer,0.999
NK08119,RCIP0113,0.9954476952552795,21,BacFormer,0.999
NK08119,RCIP0063,0.9919342994689941,22,BacFormer,0.999
NK08119,RCIP0064,6.056514848751249e-06,23,BacFormer,0.999
NK08119,RCIP0083,3.0543019420292694e-06,24,BacFormer,0.999
NK08119,RCIP0074,2.6615598471835256e-06,25,BacFormer,0.999
NK08119,RCIP0023,8.205138328776229e-07,26,BacFormer,0.999
NK08119,RCIP0028,4.929704200407059e-09,27,BacFormer,0.999
NK08370,RCIP0069,0.9999921321868896,1,BacFormer,0.9
NK08370,RCIP0106,0.9999903440475464,2,BacFormer,0.9
NK08370,RCIP0104,0.9999780654907227,3,BacFormer,0.9
NK08370,RCIP0091,0.9999051094055176,4,BacFormer,0.9
NK08370,RCIP0067,0.9999047517776489,5,BacFormer,0.9
NK08370,RCIP0085,0.9998624324798584,6,BacFormer,0.9
NK08370,RCIP0111,0.9998527765274048,7,BacFormer,0.9
NK08370,RCIP0089,0.999843955039978,8,BacFormer,0.9
NK08370,RCIP0099,0.9998214840888977,9,BacFormer,0.9
NK08370,RCIP0112,0.99980229139328,10,BacFormer,0.9
NK08370,RCIP0113,0.9997480511665344,11,BacFormer,0.9
NK08370,RCIP0082,0.9993332028388977,12,BacFormer,0.9
NK08370,RCIP0004,0.9990605711936951,13,BacFormer,0.9
NK08370,RCIP0109,0.9990204572677612,14,BacFormer,0.9
NK08370,RCIP0014,0.9985972046852112,15,BacFormer,0.9
NK08370,RCIP0090,0.9985572695732117,16,BacFormer,0.9
NK08370,RCIP0110,0.9959951639175415,17,BacFormer,0.9
NK08370,RCIP0108,0.9543060660362244,18,BacFormer,0.9
NK08370,RCIP0063,0.9200333952903748,19,BacFormer,0.9
NK08370,RCIP0098,0.5236285328865051,20,BacFormer,0.9
NK08370,RCIP0034,0.4886205792427063,21,BacFormer,0.9
NK08370,RCIP0058,0.20431874692440033,22,BacFormer,0.9
NK08370,RCIP0023,2.866294757097876e-08,23,BacFormer,0.9
NK08370,RCIP0083,1.7900349646993163e-08,24,BacFormer,0.9
NK08370,RCIP0074,1.7811762731412273e-08,25,BacFormer,0.9
NK08370,RCIP0064,1.7790407369489003e-08,26,BacFormer,0.9
NK08370,RCIP0028,1.5078881199226402e-10,27,BacFormer,0.9
